Id,UnitId,OriginalInstName,PreferredInstName
0743255049139912704,491464,ABC Adult School,"ABC Adult School, Cerritos"
0743255054353432576,459523,ABC Beauty Academy,"ABC Beauty Academy, Richardson"
0743255070639915008,493868,A Better U Beauty Barber Academy,"A Better U Beauty & Barber Academy, Albuquerque"
0743255087056420864,461892,Abcott Institute,"Abcott Institute, Southfield"
0743255160758730752,497374,Academia Medical Institute,Academia Medical Institute
0743255179603738624,421896,Academia Serrant Inc,"Academia Serrant, Ponce"
0743255187027656704,449463,Academy Di Capelli-School of Cosmetology,"Academy Di Capelli, Wallingford"
0743255202164899840,457989,Academy for Careers and Technology,"Academy for Careers and Technology, Mullins"
0743255216366813184,462062,Academy for Salon Professionals,"Academy for Salon Professionals, Northridge"
0743255244808388608,497198,Academy of Allied Health Careers,Academy of Allied Health Careers
0743255252261666816,489122,Academy of Beauty Professionals,Academy of Beauty Professionals
0743255279927296000,489131,Academy of Beauty Professionals,"Academy of Beauty Professionals, Appleton"
0743255286281666560,489140,Academy of Beauty Professionals,"Academy of Beauty Professionals, Green Bay"
0743255311686565888,421771,Academy of Beauty Professionals,"Academy of Beauty Professionals, Raymore"
0743255333631164416,237729,Academy of Careers and Technology,"Academy of Careers and Technology, Beckley"
0743255368792014848,372462,Academy of Cosmetology,"Academy of Cosmetology, Merritt Island"
0743255397447499776,179991,Academy of Cosmetology Inc,"Academy of Cosmetology, Bozeman"
0743255480125620224,451097,Academy of Career Training,"Academy of Career Training, Kissimmee"
0743255503068463104,454722,Academy of Esthetics and Cosmetology,"Academy of Esthetics and Cosmetology, San Fernando"
0743255521594703872,175722,Academy of Hair Design-Grenada,"Academy of Hair Design, Grenada"
0743255547054129152,374316,Academy of Hair Design-Jackson,"Mississippi Barber Academy, Jackson"
0743255571888603136,447449,Academy of Hair Design-Jasper,"Academy of Hair Design, Jasper"
0743255590750388224,499325,"Academy of Cosmetology, Barbering, and Esthetics","Academy of Cosmetology, Barbering and Esthetics"
0743255603937280000,181880,Academy of Hair Design-Las Vegas,"Academy of Hair Design, Las Vegas"
0743255615500976128,434274,Academy of Hair Design-Lufkin,"Academy of Hair Design, Lufkin"
0743255631447719936,382461,Academy of Hair Design-Pearl,"Academy of Hair Design, Pearl"
0743255663525756928,376446,Academy of Hair Technology,"Academy of Hair Technology, Greenville"
0743255686024003584,451334,Academy of Hair Design-Springfield,"Academy of Hair Design, Springfield"
0743255701475819520,451051,Academy of Massage and Bodywork,"Academy of Massage and Bodywork, Bear"
0743255731381207040,486619,Academy of Professional Cosmetology,Academy of Professional Cosmetology
0743255765938077696,107293,Academy of Salon and Spa,"Academy of Salon and Spa, Fort Smith"
0743255793058447360,480879,Academy of Salon Professionals,"Academy of Salon Professionals, Sedalia"
0743255820287868928,461342,Acaydia School of Aesthetics,Acaydia School of Aesthetics
0743255848372928512,483708,Access Careers,"Access Careers, Hempstead"
0743255877116493824,494904,Access Careers-Islandia,"Access Careers, Islandia"
0743255879041679360,449454,Academy of Natural Therapy Inc,"Academy of Natural Therapy, Greeley"
0743255924767981568,262369,Adrian's Beauty College of Turlock,"Adrian's College, Turlock"
0743255955331874816,203030,Adult and Community Education-Hudson,"Adult and Community Education, Columbus"
0743255983643426816,183983,Adult and Continuing Education-BCTS,"Bergen County Technical Schools, Adult and Continuing Education"
0743256024445616128,400187,Advance Beauty College,"Advance Beauty College, Garden Grove"
0743256051175915520,479974,Advance Beauty Techs Academy,"Advance Beauty Techs Academy, San Jacinto"
0743256071111442432,495217,Adrian H. Wallace Barber Academy,Adrian H. Wallace Barber Academy
0743256112995762176,480019,Advanced Career Institute,"Advanced Career Institute, Visalia"
0743256132071456768,461786,Advanced College of Cosmetology,"Advanced College of Cosmetology, Waupun"
0743256166892568576,461430,Advanced Training Institute,"Advanced Training Institute, Las Vegas"
0743256198748307456,456001,Advanced Welding Institute,"Advanced Welding Institute, South Burlington"
0743256227823222784,490896,Advantage Career Institute,"ACI Medical & Dental School, Eatontown"
0743256244613021696,437608,Advanced Barber College and Hair Design,"Advanced Barber College, Weslaco"
0743256256407404544,493071,Advantage Technical College,"Advantage Technical College, San Juan"
0743256267371315200,423397,Advantage Technical College,"Advantage Technical College, Manati"
0743256281573228544,495970,Advantage Technical College-Aguadilla,"Advantage Technical College, Aguadilla"
0743256460225413120,476878,Aesthetic Science Institute,"Aesthetic Science Institute, Latham"
0743256475106803712,496724,Aesthetics Institute,"Aesthetics Institute, St. Louis"
0743256496053157888,488916,Alabama School of Nail Technology & Cosmetology,"Alabama School of Nail Technology, Cosmetology"
0743256509026140160,482981,Alamo City Barber College,"Alamo City Barber College, San Antonio"
0743256517460885504,102711,Alaska Vocational Technical Center,"AVTEC, Seward"
0743256541813014528,499556,Albany Beauty Academy,Albany Beauty Academy
0743256562318966784,418038,Albany BOCES-Adult Practical Nursing Program,"Albany BOCES, Adult Practical Nursing Program"
0743256609500692480,483425,Alexander Paul Institute of Hair Design,"Alexander Paul Institute of Hair Design, Greenville"
0743256638898569216,476735,Alexander Academy,"Alexander Academy, Lunenburg"
0743256700881993728,188650,Allen School-Brooklyn,"Allen School, Brooklyn"
0743256749020020736,415987,Allen School-Jamaica,"Allen School, Jamaica"
0743256797199990784,469610,Allen School-Phoenix,"Allen School, Phoenix"
0743256803491446784,498793,All In The Wrist Barber Academy,"All In The Wrist Barber Academy, Smyrna"
0743256828489498624,483850,Alliance Computing Solutions,"Alliance Computing Solutions, Flushing"
0743256830246912000,490522,Allgood Beauty Institute,"Allgood Beauty Institute, Frisco"
0743256853701459968,490151,Allied Health Careers Institute,"Allied Health Careers Institute, Murfreesboro"
0743256866389229568,418658,All-State Career School-Pittsburgh,"All-State Career School, West Mifflin"
0743256872038957056,248192,Allure Beauty College,"Allure Beauty College, Whitesburg"
0743256887562076160,373784,All-State Career-Baltimore,"All-State Career, Baltimore"
0743256894629478400,210748,Altoona Beauty School Inc,"Altoona Beauty School, Altoona"
0743256912677568512,457396,American Academy of Cosmetology,American Academy of Cosmetology
0743256925520527360,444370,American Advanced Technicians Institute,American Advanced Technicians Institute
0743256948694056960,459541,American Beauty Academy,"American Beauty Academy, Payson"
0743256955996340224,490258,American Barber and Beauty Academy,"American Barber and Beauty Academy, Reading"
0743256969535553536,489247,American Beauty Academy-West Valley Campus,"American Beauty Academy, West Valley"
0743256982210740224,108977,American Beauty College,"American Beauty College, West Covina"
0743256993631830016,189477,American Beauty School,"American Beauty School, Bronx"
0743257019078672384,486169,American College of Barbering,"American College of Barbering, Louisville"
0743257053027368960,483009,American College of Healthcare and Technology,"American College of Healthcare and Technology, Huntington Park"
0743257087252889600,497736,American College of Healthcare and Technology-Santa Ana,"American College of Healthcare and Technology, Santa Ana"
0743257175618486272,490391,American Beauty Schools,American Beauty Schools
0743257215451791360,447883,American Institute of Beauty,"American Institute of Beauty, Largo"
0743257236070989824,447795,American Institute of Massage Therapy,American Institute of Massage Therapy
0743257264512565248,497329,American Institute-Cherry Hill,"American Institute, Cherry Hill"
0743257268924973056,492643,American Massage & Bodywork Institute,"American Massage & Bodywork Institute, Vienna"
0743257280429948928,487852,American Institute of Alternative Medicine,"American Institute of Alternative Medicine, East Brunswick"
0743257305541246976,492023,Americare Technical School,Americare Technical School
0743257314865184768,461625,American Technical Institute,American Technical Institute
0743257333861187584,457314,Angeles Institute,"Angeles Institute, Artesia"
0743257347589144576,490425,Ann Webb Skin Institute,"Ann Webb Skin Institute, Austin"
0743257365846949888,475705,Annenberg School of Nursing,"Annenberg School of Nursing, Reseda"
0743257377721024512,491978,Another Level Barbering and Cosmetology School,"Another Level Barbering and Cosmetology School, Petersburg"
0743257458067111936,490434,Apex Academy Hair Skin Nails School of Cosmetology,"Apex Academy, Ontario"
0743257498667974656,188890,Apex Technical School,"Apex Technical School, Long Island City"
0743257555668566016,201034,Apollo Career Center,"Apollo Career Center, Lima"
0743257560286494720,485342,Aparicio-Levy Technical College,"Aparicio-Levy Technical College, Tampa"
0743257575759282176,237127,Appalachian Beauty School,"Appalachian Beauty School, Belfry"
0743257591110434816,417716,Applied Technology Services,"Applied Technology Services, Sunset Hills"
0743257604725145600,487791,Arclabs,"Arclabs Welding School, Piedmont"
0743259556804558848,103954,Arizona Academy of Beauty,"Arizona Academy of Beauty, Tucson"
0743259561225355264,482990,Arizona College-Mesa,"Arizona College, Mesa"
0743259583924928512,450951,Arizona Culinary Institute,"Arizona Culinary Institute, Scottsdale"
0743259615340265472,106324,Arkansas Beauty College,Arkansas Beauty College
0743259644729753600,106315,Arkansas Beauty School-Little Rock,"Arkansas Beauty School, Little Rock"
0743259670445031424,106351,Arkansas Technical School,Arkansas Technical School
0743259698173575168,491075,Arkansas Welding Academy,"Arkansas Welding Academy, Jacksonville"
0743259762375786496,484163,Arizona School of Integrative Studies,Arizona School of Integrative Studies
0743259765982887936,219587,Arnolds Beauty School,"Arnold's Beauty School, Milan"
0743259856403693568,482194,Arrojo Cosmetology School,"Arrojo Cosmetology School, New York"
0743259959218667520,489830,Arthur's Beauty College,"Arthur's Beauty College, Jonesboro"
0743260049618501632,445540,Arthur's Beauty College,"Arthur's Beauty College, Conway"
0743260075891621888,414063,Artistic Academy of Hair Design,Artistic Academy of Hair Design
0743260102831636480,460701,Artistic Nails and Beauty Academy-Lakeland,"Artistic Nails and Beauty Academy, Lakeland"
0743260131449372672,378886,Artistic Nails and Beauty Academy-Tampa,"Artistic Nails and Beauty Academy, Tampa"
0743260149564571648,234119,Asher Institute of Hampton,Asher Institute of Hampton
0743260153603686400,106494,Arthur's Beauty College,"Arthur's Beauty College, Jacksonville"
0743260175946743808,201131,Ashtabula County Technical and Career Campus,"Ashtabula County Technical and Career Campus, Jefferson"
0743260203671093248,475431,ASI Career Institute,"ASI Career Institute, Turnersville"
0743260224160268288,393861,Asian-American International Beauty College,"Asian-American International Beauty College, Westminster"
0743260259476307968,480994,Aspen Beauty Academy of Laurel,"Aspen Beauty Academy, Laurel"
0743260288568000512,164535,Assabet Valley Regional Technical School,Assabet Valley Regional Technical School
0743260310185443328,485494,Associated Barber College of San Diego,"Associated Barber College, San Diego"
0743260337251287040,109721,Associated Technical College-Los Angeles,"Associated Technical College, Los Angeles"
0743260342854877184,201098,Ashland County-West Holmes Career Center,Ashland County-West Holmes Career Center
0743260362656186368,109730,Associated Technical College-San Diego,"Associated Technical College, San Diego"
0743260367613853696,138938,Atlanta School of Massage,"Atlanta School of Massage, Atlanta"
0743260536501698560,461768,Atelier Esthetique Institute of Esthetics,"Atelier Esthetique Institute of Esthetics, New York"
0743260563093585920,201159,Auburn Career Center,"Auburn Career Center, Concord Twp"
0743260578285355008,447917,Augusta School of Massage,"Augusta School of Massage, Evans"
0743260612942888960,476869,Austin Kade Academy,"Austin Kade Academy, Idaho Falls"
0743260682547363840,495129,Austin Career Institute,"Austin Career Institute, Austin"
0743260707113402368,219851,Austin's Beauty College Inc,"Austin's Beauty College Inc, Clarksville"
0743260766588633088,418782,Automeca Technical College-Aguadilla,"Automeca Technical College, Aguadilla"
0743260790630383616,419703,Automeca Technical College-Bayamon,"Automeca Technical College, Bayamón"
0743260850336301056,419712,Automeca Technical College-Caguas,"Automeca Technical College, Caguas"
0743260878186479616,419721,Automeca Technical College-Ponce,"Automeca Technical College, Ponce"
0743260879818063872,372356,Avalon Institute-Aurora,"Avalon Institute, Aurora"
0743260907999592448,497301,Avalon Institute-Las Vegas,"Avalon Institute, Las Vegas"
0743260909467598848,474924,Avalon Institute-Layton,"Avalon Institute, Layton"
0743260936109817856,104568,Avalon Institute-Mesa,"Avalon Institute, Mesa"
0743260938911612928,474915,Avalon Institute-Phoenix,"Avalon Institute, Phoenix"
0743260968535982080,497897,Aveda Arts & Sciences Institute Lafayette-Arlington,"Aveda Arts & Sciences Institute, Arlington"
0743260975032958976,173744,Aveda Arts & Sciences Institute Minneapolis,"Aveda Institute, Minneapolis"
0743261000832122880,458131,Aveda Arts & Sciences Institute Seattle,"Aveda Institute, Seattle"
0743261006104363008,159513,Aveda Arts & Sciences Institute-Baton Rouge,"Aveda Institute, Baton Rouge"
0743261036676644864,160320,Aveda Arts & Sciences Institute-Covington,"Aveda Institute, Covington"
0743261039738486784,159522,Aveda Arts & Sciences Institute-Lafayette,"Aveda Institute, Lafayette"
0743261070923137024,448071,Aveda Arts & Sciences Institute-New York,"Aveda Institute, New York"
0743261072814768128,455354,Aveda Arts & Sciences Institute-San Antonio,"Aveda Institute, San Antonio"
0743261110601252864,451468,Aveda Fredric's Institute-Cincinnati,"Aveda Institute, Cincinnati"
0743261111469473792,457563,Aveda Fredric's Institute-Indianapolis,"Aveda Institute, Indianapolis"
0743261135469281280,487348,Aveda Institute Portland-Vancouver Campus,"Aveda Institute, Vancouver"
0743261140145930240,499334,Aveda Institute Tucson-Avondale,"Aveda Institute, Avondale"
0743261144327651328,498669,Aveda Institute Montana,"Aveda Institute, Montana"
0743261167085944832,461652,Aveda Institute-Boise,"Aveda Institute, Boise"
0743261182256742400,455141,Aveda Institute-Chapel Hill,"Aveda Institute, Chapel Hill"
0743261220001284096,455275,Aveda Institute-Columbus,"Aveda Institute, Columbus"
0743261377019248640,455877,Aveda Institute-Chicago,"Aveda Institute, Chicago"
0743261418920345600,362700,Aveda Institute-Fort Myers,"Aveda Institute, Fort Myers"
0743261420606455808,459277,Aveda Institute-Denver,"Aveda Institute, Denver"
0743261444782424064,487506,Aveda Institute-Madison,"Institute of Beauty and Wellness, Madison"
0743261445663227904,162830,Aveda Institute-Maryland,"Aveda Institute, Maryland"
0743261475979657216,484899,Aveda Institute-Phoenix,"Aveda Institute, Phoenix"
0743261478110363648,461555,Aveda Institute-New Mexico,"Aveda Institute, Albuquerque"
0743261518988050432,451149,Aveda Institute-South Florida,"Aveda Institute, South Florida"
0743261553666555904,451158,Aveda Institute-Tallahassee,"Aveda Institute, Tallahassee"
0743261587363594240,476753,Aveda Institute-Tucson,"Aveda Institute, Tucson"
0743261613582188544,142407,Aveda Institute-Twin Falls,"Aveda Institute, Twin Falls"
0743261649384767488,491826,"Avenue Academy, A Cosmetology Institute","Avenue Academy, Albuquerque"
0743261668963778560,451574,Aveda Institute-Provo,"Aveda Institute, Provo"
0743261682591072256,458070,Avenue Five Institute,"Avenue Five Institute, Austin"
0743261703017332736,494524,Avenue Five Institute-South Austin Campus,"Avenue Five Institute, Austin"
0743261719274455040,158778,Avery James College,"Avery James College, Lake Charles"
0743261737658089472,448257,Avi Career Training,"Avi Career Training, Great Falls"
0743261743190376448,161800,Award Beauty School,"Award Beauty School, Hagerstown"
0743261774358249472,237145,B M Spurr School of Practical Nursing,Reynolds Memorial Hospital
0743261798710378496,414489,Baldwin Beauty School-North Austin,"Baldwin Beauty School, Austin"
0743261820428484608,223056,Baldwin Beauty School-South Austin,"Baldwin Beauty School, Austin"
0743261844721893376,417105,Baldwin Park Adult & Community Education,Baldwin Park Adult and Community Education
0743261871276032000,499255,Baltimore Beauty & Barber School II,"Baltimore Beauty & Barber School, Timonium"
0743261891689709568,161855,Baltimore Studio of Hair Design,Baltimore Studio of Hair Design
0743261923671277568,164599,Bancroft School of Massage Therapy,Bancroft School of Massage Therapy
0743261930742874112,158246,Ayers Career College,"Ayers Career College, Shreveport"
0743261957288624128,476610,Barber & Beauty Institute of New York,"Barber & Beauty Institute of New York, Hempstead"
0743261961130606592,483346,Barber and Beauty Academy of Pennsylvania,"Barber and Beauty Academy of Pennsylvania, Harrisburg"
0743261967132655616,484048,Barber Institute of Texas,"Barber Institute of Texas, Longview"
0743261993409970176,483054,Barber School of Pittsburgh,Barber School of Pittsburgh
0743262038859448320,488022,Barber Tech Academy,"Barbering Beauty & Beyond, Orangeburg"
0743262081314193408,499723,Barber Tech Academy-Columbia,"Barber Tech Academy, Columbia"
0743262104387059712,497383,Barbers Trade School,"Barbers Trade School, Beaumont"
0743262142152572928,483878,Bay Area Medical Academy,"Bay Area Medical Academy, San Francisco"
0743262152856436736,497356,Barber Education Academy,"Barber Education Academy, Laredo"
0743262176080297984,168892,Bayshire Academy of Beauty Craft Inc,"Bayshire Beauty Academy, Bay City"
0743262176155795456,444194,Bayamon Community College,Bayamón Community College
0743262200361123840,449357,Beaumont Adult School,Beaumont Adult School
0743262222863564800,485166,Beau Monde Academy of Barbering and Cosmetology,"Beau Monde Academy, Portland"
0743262230576889856,460969,Beauty Academy of South Florida,Beauty Academy of South Florida
0743262247677067264,215336,Beaver Falls Beauty Academy,Beaver Falls Beauty Academy
0743262262168387584,498775,Beaver Beauty Academy,"Beaver Beauty Academy, Decatur"
0743262275174924288,159027,Belbo Beauty Institute,"Belbo Beauty Institute, Shreveport"
0743262280761737216,364760,Bell Mar Beauty College,"Bell Mar Beauty College, Cicero"
0743262299514470400,461193,Bella Capelli Academy,"Bella Capelli Academy, Monroeville"
0743262326869721088,493567,Bellasa Professional Institute,"Bellasa Professional Institute, Miami Springs"
0743262331902885888,483559,Bella Cosmetology and Barber College,"Bella Cosmetology and Barber College, Greenville"
0743262348281643008,481571,Belle Academy of Cosmetology LLC,"Belle Academy of Cosmetology, Waterbury"
0743262356989018112,478953,Bellus Academy,"Bellus Academy, Manhattan"
0743262378761650176,137591,Bene's Career Academy,"Bene's Career Academy, New Port Richey"
0743262406859292672,439473,Bennett Career Institute,"Bennett Career Institute, Washington, D.C."
0743262428850028544,189219,Berk Trade and Business School,"Berk Trade and Business School, Long Island City"
0743262459317452800,189255,Berkowits School of Electrolysis,"Berkowits School of Electrolysis, Forest Hills"
0743262542209482752,237172,Ben Franklin Career Center,"Ben Franklin Career Center, Dunbar"
0743262652389654528,481021,Berks Career & Technology Center,"Berks Career and Technology Center, Leesport"
0743262677874245632,484020,Beyond Measure Barbering Institute,Beyond Measure Barbering Institute
0743262702750662656,137856,Big Bend Technical College,"Big Bend Technical College, Perry"
0743262733100646400,236018,BJ's Beauty & Barber College,"BJ's Beauty & Barber College, Tacoma"
0743262735587868672,457253,Beyond 21st Century Beauty Academy,Beyond 21st Century Beauty Academy
0743262765367427072,224013,BK Cosmo College of Cosmetology,"BK Cosmo College of Cosmetology, Kerrville"
0743262765388398592,457615,Blackstone Valley Vocational Regional School District,Blackstone Valley Regional Vocational Technical High School
0743262783998525440,373456,Blalock's Professional Beauty College,"Blalock's Professional Beauty College, Shreveport"
0743262793389572096,447810,Blake Austin College,"Blake Austin College, Vacaville"
0743262826772037632,441502,Blue Cliff College-Gulfport,"Blue Cliff College, Gulfport"
0743262849404502016,243799,Blue Hills Regional Technical School,Blue Hills Regional Technical School
0743262885131583488,481483,Boca Beauty Academy,"Boca Beauty Academy, Boca Raton"
0743262919923335168,489238,Boca Beauty Academy-Parkland,"Boca Beauty Academy, Parkland"
0743262940496396288,496690,Body Wisdom Massage Therapy School,"Body Wisdom Massage Therapy School, Urbandale"
0743262965402173440,476850,Boise Barber College,Boise Barber College
0743262977477574656,444440,Blue Cliff Career College,Blue Cliff Career College
0743262993172660224,481456,Bonnie Joseph Academy of Cosmetology & Barbering,"Bonnie Joseph Academy of Cosmetology, Barbering"
0743262996096090112,454759,Borner's Barber College,Borner's Barber College
0743263014790103040,483948,Bos-Man's Barber College,"Bos-Man's Barber College, Shreveport"
0743263112056012800,496894,Branford Academy of Hair & Cosmetology-Bridgeport,"Branford Academy of Hair & Cosmetology, Bridgeport"
0743263141978177536,451042,Branford Academy of Hair and Cosmetology,"Branford Academy of Hair and Cosmetology, Branford"
0743263179970183168,230010,Bridgerland Technical College,"Bridgerland Technical College, Logan"
0743263189239595008,479992,Brand College,"Brand College, Glendale"
0743263198471258112,125082,Bridges Beauty College,"Bridges Beauty College, Victorville"
0743263222034857984,477002,Brighton Institute of Cosmetology,"Brighton Institute of Cosmetology, Brighton"
0743263243954290688,404718,Brillare Beauty Institute,"Brillare Beauty Institute, Cleveland"
0743263280113385472,431187,Bristol Technical Education Center,"Bristol Technical Education Center, Bristol"
0743263315576225792,449311,Brittany Beauty Academy,"Brittany Beauty Academy, Bronx"
0743263355451473920,189404,Brittany Beauty Academy,"Brittany Beauty Academy, Brooklyn"
0743263383129686016,442976,Brighton Center's Center for Employment Training,"Brighton Center, Center for Employment Training"
0743263389324673024,189468,Brittany Beauty Academy,"Brittany Beauty Academy, Levittown"
0743263407758639104,448424,Broken Arrow Beauty College,"Broken Arrow Beauty College, Tulsa"
0743263582468177920,418010,Broome Delaware Tioga BOCES-Practical Nursing Program,"Broome, Delaware, Tioga BOCES, Practical Nursing Program"
0743263601770364928,375568,Brown & Clermont Adult Career Campuses,"Brown & Clermont Adult Career Campuses, Bethel"
0743263605826256896,491695,Brown Beauty Barber School,Brown Beauty Barber School
0743263628970426368,110194,Brownson Technical School,"Brownson Technical School, Anaheim"
0743263633026318336,201478,Buckeye Hills Career Center,"Buckeye Hills Career Center, Rio Grande"
0743263662889762816,461740,Buckner Barber School,"Invictus Career College, Dallas"
0743263764626800640,211316,Bucks County School of Beauty Culture Inc,"Bucks County School of Beauty Culture, Feasterville"
0743263790337884160,490948,Bull City Durham Beauty and Barber College,Bull City Durham Beauty and Barber College
0743263821853884416,383312,Buckeye Joint Vocational School,Buckeye Career Center
0743263883292049408,487898,B-Unique Beauty and Barber Academy,"B-Unique Beauty and Barber Academy, Greenville"
0743263911649738752,211334,Butler Beauty Academy,"Butler Beauty Academy, Butler"
0743263963113848832,213330,Butler Beauty Academy-Kittanning Beauty Academy,"Butler Beauty Academy, Kittanning"
0743264010127802368,367431,Butler Beauty Academy-New Castle Beauty Academy,"Butler Beauty Academy, New Castle"
0743264021792161792,496645,Burlington County Institute of Technology-Adult Education,"Burlington County Institute of Technology, Westampton"
0743264047566159872,180063,Butte Academy of Beauty Culture,Butte Academy of Beauty Culture
0743264074627809280,201496,Butler Technology and Career Development Schools,"Butler Technology and Career Development Schools, Monroe"
0743264079463841792,487773,Butte County Regional Occupational Program,"Butte County Regional Occupational Program, Chico"
0743264272569597952,237242,Cabell County Career Technology Center,"Cabell County Career Technology Center, Huntington"
0743264279725080576,364946,Caddo Kiowa Technology Center,"Caddo Kiowa Technology Center, Fort Cobb"
0743264303729082368,446084,CALC Institute of Technology,"CALC Institute of Technology, Alton"
0743264310117007360,421665,Cadillac Institute of Cosmetology,Cadillac Institute of Cosmetology
0743264331101110272,498748,CalCopa Massage School,"CalCopa Massage School, Huntington Beach"
0743264349522493440,486497,California Barber and Beauty College,"California Barber and Beauty College, San Diego"
0743264526455013376,110875,California Beauty School,"California Beauty School, Modesto"
0743264552996569088,492661,California College of Barbering and Cosmetology,"California College of Barbering, Stockton"
0743264554221305856,111054,California Hair Design Academy,"California Hair Design Academy, La Mesa"
0743264585653420032,442985,California Healing Arts College,"California Healing Arts College, Carson"
0743264606411030528,444264,Cambridge Technical Institute,"Cambridge Technical Institute, Caguas"
0743264633955024896,143464,Cameo Beauty Academy,"Cameo Beauty Academy, Oak Lawn"
0743264671498240000,230065,Cameo College of Essential Beauty,"Cameo College, Murray"
0743264706877194240,143482,Cannella School of Hair Design-Chicago,"Cannella School, Chicago"
0743264746647584768,491507,California Institute of Medical Science,California Institute of Medical Science
0743264754075697152,143491,Cannella School of Hair Design-Chicago,"Cannella School, Chicago"
0743264774359351296,201539,Canton City Schools Adult Career and Technical Education,Canton City Schools Adult Career and Technical Education
0743264778872422400,143473,Cannella School of Hair Design-Villa Park,"Cannella School of Hair Design, Villa Park"
0743264803522347008,461704,Capilo School of Hair Design,Capilo School of Hair Design
0743264804159881216,431558,Cape Coral Technical College,Cape Coral Technical College
0743264829640278016,143552,Capri Beauty College,"Capri Beauty College, Oak Forest"
0743264853950464000,457031,Capri Beauty College,"Capri Beauty College, New Lenox"
0743264880324247552,153083,Capri College-Cedar Rapids,"Capri College, Cedar Rapids"
0743264911521480704,154448,Capri College-Davenport,"Capri College, Davenport"
0743264938557964288,153074,Capri College-Dubuque,"Capri College, Dubuque"
0743264969910386688,189714,Capri Cosmetology Learning Centers,"Capri Cosmetology Learning Centers, Nanuet"
0743264998200967168,367972,Capital Area Career Center,"Capital Area Career Center, Springfield"
0743265164731613184,377759,Capstone College,"Capstone College, Pasadena"
0743265189574475776,107220,Career Academy of Hair Design,"Career Academy of Hair Design, Springdale"
0743265191617101824,111513,Career Academy of Beauty,"Career Academy of Beauty, Garden Grove"
0743265217529511936,417442,Career Center of Southern Illinois,"Career Center of Southern Illinois, Red Bud"
0743265241390907392,454801,Career Development Institute Inc,"Career Development Institute, Los Angeles"
0743265266485428224,455220,Career School of NY,"Career School of New York, Staten Island"
0743265291294736384,246071,Career Technology Center of Lackawanna County,"Career Technology Center of Lackawanna County, Scranton"
0743265315625893888,489256,Caribbean Aviation Training Institute Inc,"Caribbean Aviation Training Institute, Carolina"
0743265344541425664,441706,Caribbean Forensic and Technical College,"Caribbean Forensic and Technical College, San Juan"
0743265383745585152,418205,Career and Technology Education Centers of Licking County,"Career and Technology Education Centers of Licking County, Newark"
0743265386241196032,451194,Carlson College of Massage Therapy,"Carlson College of Massage Therapy, Anamosa"
0743265408923992064,460765,Carolina College of Hair Design Inc,"Carolina College of Hair Design, Asheville"
0743265420827426816,246035,Carrington College-Portland,"Carrington College, Portland"
0743265451059970048,455211,Casal Institute of Nevada,"Casal Institute of Nevada, Las Vegas"
0743265464074895360,481049,Carthage R9 School District-Carthage Technical Center,"Carthage R9 School District, Carthage Technical Center"
0743265483758764032,417682,Cass Career Center,"Cass Career Center, Harrisonville"
0743265490792611840,165255,Catherine Hinds Institute of Esthetics,Catherine Hinds Institute of Esthetics
0743265518902837248,430306,Cayce/Reilly School of Massage,Cayce/Reilly School of Massage
0743265525659860992,417983,Cattaraugus Allegany BOCES-Practical Nursing Program,"Cattaraugus Allegany BOCES, Olean, NY"
0743265552394354688,430883,Cayuga Onondaga BOCES-Practical Nursing Program,"Cayuga-Onondaga BOCES, Practical Nursing Program"
0743265717951922176,451495,CDE Career Institute,"CDE Career Institute, Tannersville"
0743265722037174272,449773,CCI Training Center-Arlington,"CCI Training Center, Arlington"
0743265745869209600,487621,Celebrity Barber School,"Celebrity Stylist Beauty School, Monroe"
0743265771810979840,160126,Celebrity Stylist Beauty School,"Celebrity Stylist Beauty School, Monroe"
0743265800000897024,364964,"Center for Instruction, Technology & Innovation","Center for Instruction, Technology & Innovation"
0743265830833225728,455910,Center for Massage,"Center for Massage, Asheville"
0743265858133950464,488226,Center for Neurosomatic Studies,"Center for Neurosomatic Studies, Clearwater"
0743265892493688832,481447,Center for the Healing Arts,"Center for the Healing Arts, Voorhees"
0743265913612009472,417725,Central College of Cosmetology,"Central College of Cosmetology, Saint Robert"
0743265916858400768,454917,Celebrity School of Beauty,"Celebrity School of Beauty, Miami"
0743265943186046976,201681,Central School of Practical Nursing,"Central School of Practical Nursing, Independence"
0743266137529122816,231688,Central School of Practical Nursing,"Central School of Practical Nursing, Norfolk"
0743266153693970432,493558,Central Pennsylvania Diesel Institute,"Central Pennsylvania Diesel Institute, Liverpool"
0743266191023276032,246017,Central Technology Center,"Central Technology Center, Drumright"
0743266220249186304,246460,Central Texas Beauty College-Round Rock,"Central Texas Beauty College, Round Rock"
0743266238683152384,406422,Central Susquehanna Intermediate Unit LPN Career,"Central Susquehanna Intermediate Unit, Milton"
0743266248514600960,383464,Central Texas Beauty College-Temple,"Central Texas Beauty College, Temple"
0743266261751824384,498872,Central Valley Barber College,"Central Valley Barber College, Riverbank"
0743266271830736896,491260,Centralia Beauty College,"Centralia Beauty College, Centralia"
0743266297323716608,377449,Centura College-Newport News,"Centura College, Newport News"
0743266303216713728,427982,Centura College-Richmond Main,"Centura College, Newport News"
0743266326167945216,444510,CES College,"CES College, Burbank"
0743266329812795392,436553,Century College,"Century College, San Juan"
0743266357235154944,427894,CET-Alexandria,"Center for Employment Training, Alexandria"
0743266524483026944,381255,CET-Coachella,"CET, Coachella"
0743266551632756736,111744,CET-Colton,"CET, Colton"
0743266578178506752,432269,CET-El Paso,"Center for Employment Training, El Paso"
0743266603507908608,381282,CET-Oxnard,"Center for Employment Training, Oxnard"
0743266629353209856,111799,CET-Salinas,"CET, Salinas"
0743266656016400384,111708,CET-San Diego,"Center for Employment Training, San Diego"
0743266718817714176,111726,CET-El Centro,"CET, El Centro"
0743266746743390208,381325,CET-Santa Maria,"Center for Employment Training, Santa Maria"
0743266774761340928,468769,CET-Soledad,"CET, Soledad"
0743266803743981568,111762,CET-Watsonville,"Center for Employment Training, Watsonville"
0743266831258615808,449782,Champion Beauty College,"Champion Beauty College, Houston"
0743266849436729344,111717,CET-San Jose,"CET, San Jose"
0743267025094180864,483753,Champ's Barber School,"Champs Barber School, Lancaster"
0743267045965037568,123493,Charles A Jones Career and Education Center,Charles A. Jones Career and Education Center
0743267056568238080,499033,Champ's Barber School-Lebanon,"Champ's Barber School, Lebanon, PA"
0743267081209774080,419095,Charles H McCann Technical School,"McCann Technical School, North Adams"
0743267092140130304,223852,Charles and Sues School of Hair Design,"Charles and Sue's School of Hair Design, Bryan"
0743267104697876480,104391,Charles of Italy Beauty College,"Charles of Italy Beauty College, Lake Havasu City"
0743267117452754944,418171,Charles Stuart School of Diamond Setting,"Charles Stuart School of Diamond Setting, Brooklyn"
0743267134380965888,217794,Charleston Cosmetology Institute,"Charleston Cosmetology Institute, Charleston"
0743267153985142784,132976,Charlotte Technical College,Charlotte Technical College
0743267231047090176,443951,Charlie's Guard-Detective Bureau and Academy Inc,"Charlie's Guard, Aguadilla"
0743267277729693696,240709,Cheeks Beauty Academy,Cheeks Beauty Academy
0743267324139667456,381699,Cheeks Beauty Academy,"Cheeks Beauty Academy, Loveland"
0743267347610992640,217828,Charzanne Beauty College,"Charzanne Beauty College, Greenwood"
0743267355630501888,418427,Chester County Intermediate Unit,Chester County Intermediate Unit
0743267377499602944,492078,Chicago Professional Center,"Chicago Professional Center, Prospect Heights"
0743267386060177408,375656,Chisholm Trail Technology Center,"Chisholm Trail Technology Center, Omega"
0743267464560771072,201803,Choffin Career  and Technical Center,"Choffin CTC Adult Education, Youngstown"
0743267492687773696,488590,Christian Culinary Academy,"Christian Culinary Academy, Cannon Beach"
0743267521523613696,491552,Christina and Company Education Center,"Christina and Company Education Center, Lafayette"
0743267583729336320,175494,Chris Beauty College,"Chris Beauty College, Gulfport"
0743267716546166784,189990,"Christine Valmy International School for Esthetics, Skin Care & Makeup","Christine Valmy International School for Esthetics, Skin Care & Makeup, New York"
0743267777938194432,475468,Christine Valmy International School of Esthetics & Cosmetology,"Christine Valmy International School of Esthetics, Cosmetology"
0743267799689854976,112181,Citrus Heights Beauty College,"Citrus Heights Beauty College, Citrus Heights"
0743267827737165824,481517,City Pointe Beauty Academy,"City Pointe Beauty Academy, Webb City"
0743267911245758464,461829,Cinta Aveda Institute,"Cinta Aveda Institute, San Francisco"
0743267989561802752,417868,Clinton Essex Warren Washington BOCES,Champlain Valley Educational Services
0743268021526593536,430908,Clearfield County Career and Technology Center,Clearfield County Career and Technology Center
0743268024676515840,260336,Clinton Technical School,"Clinton Technical School, Clinton"
0743268055236214784,112367,Clovis Adult Education,Clovis Adult Education
0743268219761983488,366155,Cloyd's Barber School 2 Inc,"Cloyd's Barber School, Monroe"
0743268248593629184,158538,Cloyd's Beauty School 1 Inc,"Cloyd's Beauty School, West Monroe"
0743268282378747904,449393,Coachella Valley Beauty College,"Coachella Valley Beauty College, La Quinta"
0743268316377776128,485412,Coachella Valley Beauty College-Hemet,"Coachella Valley Beauty College, Hemet"
0743268353111490560,450988,Coastline Beauty College,"Coastline Beauty College, Fountain Valley"
0743268382903631872,112455,Coba Academy,"Coba Academy, Anaheim"
0743268412519612416,443100,Colegio Educativo Tecnologico Industrial Inc,"CETI College, Arecibo"
0743268413907927040,248527,Cloyd's Beauty School 3 Inc,"Cloyd's Beauty School, Monroe"
0743268436313899008,445498,Colegio Tecnico de Electricidad Galloza,"Colegio Tecnico de Electricidad Galloza, Aguada"
0743268483382378496,230144,Collectiv Academy,"Collectiv Academy, Sandy"
0743268512507625472,499079,Collectiv Hair Dressing Academy-Collectiv Academy-Dallas,"Collectiv Academy, Dallas"
0743268517926666240,199078,College of Wilmington,"College of Wilmington, Wilmington"
0743268518526451712,376242,Colegio Mayor de Tecnologia Inc,"Colegio Mayor de Tecnología, Arroyo"
0743268547773333504,381732,Colorado School of Healing Arts,"Colorado School of Healing Arts, Lakewood"
0743268710889816064,443632,Colorado Media School,"Colorado Media School, Denver"
0743268742716194816,491215,Commercial Divers International,"Commercial Divers International, Goodyear"
0743268743106265088,202152,Columbiana County Career and Technical Center,"Columbiana County Career and Technical Center, Lisbon"
0743268759149477888,498377,Commercial Diving Technologies Institute,Commercial Diving Technologies Institute
0743268764551741440,452540,Community Technology Learning Center of Portage,"Community Technology Learning Center, Portage"
0743268791185571840,447962,Compass Career College,"Compass Career College, Hammond"
0743268798076813312,497912,Concorde Career College-Broadway,"Concorde Career College, Kansas City"
0743268822676406272,262341,Conservatory of Recording Arts and Sciences,"Conservatory of Recording Arts and Sciences, Tempe"
0743268849423482880,190318,Continental School of Beauty Culture-Rochester,"Continental School of Beauty Culture, Rochester"
0743268992440860672,467094,Continental School of Beauty Culture-Mattydale,"Continental School of Beauty Culture, Mattydale"
0743269020349759488,451343,Corinth Academy of Cosmetology,Corinth Academy of Cosmetology
0743269043351322624,194435,Continental School of Beauty Culture-West Seneca,"Continental School of Beauty Culture, West Seneca"
0743269045226176512,434308,Cortiva Institute,"Cortiva Institute, Linthicum"
0743269067665702912,438285,Cortiva Institute,"Cortiva Institute, Maitland"
0743269070593327104,387925,Cortiva Institute,"Cortiva Institute, Pompano Beach"
0743269091480961024,215044,Cortiva Institute,"Cortiva Institute, King of Prussia"
0743269093754273792,128896,Cortiva Institute,"Cortiva Institute, Cromwell"
0743269118408392704,486770,Cortiva Institute-Arlington,"Cortiva Institute, Arlington"
0743269285270388736,134574,Cortiva Institute,"Cortiva Institute, St. Petersburg"
0743269311535120384,482200,Cosmetology Academy of Texarkana,"Cosmetology Academy, Texarkana"
0743269312076185600,144795,Cosmetology & Spa Academy,"Cosmetology & Spa Academy, Crystal Lake"
0743269318044680192,147642,Cosmetology Concepts Niles,"Cosmetology Concepts, Niles"
0743269335958552576,445780,Cosmetology School of Arts & Sciences,"Cosmetology School of Arts, Burley"
0743269342099013632,407142,Cosmetology Training Center,"Cosmetology Training Center, Lafayette"
0743269384482455552,417503,Crave Beauty Academy,"Crave Beauty Academy, Wichita"
0743269413473484800,454874,Cozmo Beauty School,"Cozmo Beauty School, Bonita Springs"
0743269419395842048,419484,Crawford County Career and Technical Center Practical Nursing Program,"Crawford County Career and Technical Center, Practical Nursing Program"
0743269436311470080,169813,Creative Hair School of Cosmetology,"Creative Hair School of Cosmetology, Flint"
0743269450119118848,483911,Creative Touch Cosmetology School,"Creative Touch Cosmetology School, Waterloo"
0743269476862001152,180090,Crevier's Academy of Cosmetology Arts,"Crevier's Academy of Cosmetology Arts, Kalispell"
0743269552976035840,158617,Crescent City Bartending School,"Crescent School of Gaming and Bartending, New Orleans"
0743269577198141440,493530,Crown Cutz Academy Bristol,"Crown Cutz Academy, Bristol"
0743269586987646976,371830,CRU Institute of Cosmetology and Barbering,"CRU Institute of Cosmetology and Barbering, Garden Grove"
0743269593966968832,486390,Culinary Tech Center,"Culinary Tech Center, White Plains"
0743269618562367488,496715,CTK Healthcare & Career Institute,"CTK Healthcare, Irving"
0743269621066366976,446206,Culpeper Cosmetology Training Center,Culpeper Cosmetology
0743269633808662528,490300,Cutting Edge Academy,"Cutting Edge Academy, Succasunna"
0743269651085000704,498818,Cutting Edge Barber Academy,"Cutting Edge Barber Academy, Lancaster"
0743269665563738112,204981,Cuyahoga Valley Career Center,"Cuyahoga Valley Career Center, Brecksville"
0743269697918599168,480888,CyberTex Institute of Technology,"CyberTex Institute of Technology, Austin"
0743269721750634496,461306,D A Dorsey Technical College,D. A. Dorsey Technical College
0743269830014009344,443021,Dallas Barber & Stylist College,Dallas Barber and Stylist College
0743269856714948608,487959,Dalton Institute of Esthetics and Cosmetology,Dalton Institute of Esthetics and Cosmetology
0743269882568638464,169503,David Pressley School of Cosmetology,"David Pressley School of Cosmetology, Royal Oak"
0743269891313762304,492096,D&S School of Cosmetology,"D&amp;S School of Cosmetology, Waterford"
0743269952227639296,130873,Dawn Career Institute LLC,"Dawn Career Institute, Newark"
0743269980040069120,449700,Dayton School of Medical Massage,Dayton School of Medical Massage
0743270049866842112,484084,Debutantes School of Cosmetology and Nail Technology,"Debutantes – School of Beauty, Nail Technology"
0743270077612163072,230162,Davis Technical College,"Davis Technical College, Kaysville"
0743270083232530432,488192,DeHart Technical School,"DeHart Technical School, Modesto"
0743270123359436800,430971,Delaware County Technical School-Practical Nursing Program,"Delaware County Technical School, Practical Nursing Program"
0743270156758679552,449472,Delaware Learning Institute of Cosmetology,"The Salon Professional Academy, Dagsboro"
0743270199498637312,113537,Dell'Arte International School of Physical Theatre,"Dell'Arte International School of Physical Theatre, Blue Lake"
0743270230804922368,162335,Del-Mar-Va Beauty Academy,"Del-Mar-Va Beauty Academy, Salisbury"
0743270271384813568,406361,Delaware Chenango Madison Otsego BOCES-Practical Nursing Program,"Delaware Chenango Madison Otsego BOCES, Practical Nursing Program"
0743270273335164928,402563,Delta College Inc,"Delta College, Covington"
0743270313835364352,483355,Delta College of Arts & Technology-Lafayette Campus,"Delta College of Arts & Technology, Lafayette"
0743270317115310080,483364,Delta College-Slidell Campus,"Delta College, Slidell"
0743270508119719936,447023,Delta Technical College-Mississippi,"Delta Technical College, Mississippi"
0743270517041004544,493804,Deluxe Barber College,"Deluxe Barber College, San Antonio"
0743270554789740544,158787,Denham Springs Beauty School,Denham Springs Beauty School
0743270601321349120,452771,Dental Assistant Pro LLC-Columbus,"Dental Assistant Pro LLC, Westerville"
0743270637304283136,452780,Dental Assistant Pro-Lebanon,"Dental Assistant Pro, Lebanon"
0743270649115443200,449603,Denmark College,Denmark College
0743270662516244480,484923,Dermal Science International Aesthetics and Nail Academy,Dermal Science International Aesthetics and Nail Academy
0743270669336182784,480921,Designer Barber & Stylist School,"Designer Barber & Stylist School, Fort Smith"
0743270694371983360,169576,Detroit Business Institute-Downriver,"Detroit Business Institute, Riverview"
0743270695361839104,441256,Design's School of Cosmetology,"Design's School of Cosmetology, Paso Robles"
0743270718183047168,476780,Diamond Beauty College,"Diamond Beauty College, South El Monte"
0743270758901350400,373526,Diesel Driving Academy-Baton Rouge,"Diesel Driving Academy, Baton Rouge"
0743270791444955136,260664,Diesel Driving Academy-Shreveport,"Diesel Driving Academy, Shreveport"
0743270815172132864,461388,Diamonds College,"Diamonds College, Sherman"
0743270824743534592,451255,DiGrigoli School of Cosmetology,"DiGrigoli School of Cosmetology, West Springfield"
0743270848894337024,235088,Divers Institute of Technology,"Divers Institute, Seattle"
0743270851964567552,165608,Diman Regional Technical Institute,"Diman Regional Vocational Technical High School, Fall River"
0743270884533338112,395690,Diversified Vocational College,"Diversified Vocational College, Los Angeles"
0743270885376393216,451583,Dixie Technical College,"Dixie Technical College, Saint George"
0743270909007101952,485607,Dolce The Academy,"Dolce Academy, Waterbury"
0743270937364791296,418773,D'Mart Institute,"D'Mart Institute, Barranquitas"
0743270941475209216,150428,Don Roberts School of Hair Design,Don Roberts School of Hair Design
0743270961167466496,499185,Dorsey College-Grand Rapids,"Dorsey College, Grand Rapids"
0743270965047197696,460482,Dorsey College-Saginaw,"Dorsey College, Saginaw"
0743270984773009408,247153,Dorsey College-Wayne,"Dorsey College, Wayne"
0743270987880988672,495837,Dorsey College-Woodhaven,"Dorsey College, Woodhaven"
0743271017085927424,261719,Dorsey School of Beauty,"Dorsey School of Beauty, Taylor"
0743271017937371136,262466,Dr. Ida Rolf Institute,Dr. Ida Rolf Institute
0743271048157331456,495253,Durant Institute of Hair Design,Durant Institute of Hair Design
0743271055631581184,492139,DSDT,"DSDT, Detroit"
0743271072064864256,431105,Dutchess BOCES-Practical Nursing Program,"Dutchess BOCES, Practical Nursing Program"
0743271091098615808,458043,DuVall's School of Cosmetology,"DuVall's School of Cosmetology, Bedford"
0743271105074036736,496575,Dymond Designs Beauty School,"Dymond Designs Beauty School, Detroit"
0743271114507026432,488174,Ea La Mar's Cosmetology & Barber College,"Ea La Mar's Cosmetology & Barber College, Kansas City"
0743271127819747328,498890,East Texas Cosmetology College,"East Texas Cosmetology College, Lufkin"
0743271865627181056,375966,Eastern Center for Arts and Technology,"Eastern Center for Arts and Technology, Willow Grove"
0743271866138886144,418065,Eastern Suffolk BOCES,"Eastern Suffolk BOCES, Sayville"
0743271867309096960,418348,Eastern Oklahoma County Technology Center,"Eastern Oklahoma County Technology Center, Choctaw"
0743271879921369088,208637,East West College of the Healing Arts,East West College of the Healing Arts
0743271898233700352,486877,Eastern Suffolk BOCES,"Eastern Suffolk BOCES, Riverhead"
0743271899500380160,486886,Eastern Suffolk BOCES,"Eastern Suffolk BOCES, Oakdale"
0743271926784327680,457794,EDP School,"EDP School, Brooklyn"
0743271929686786048,498401,Edge Academy of Beauty,"Edge Academy of Beauty, Manchester"
0743271956924596224,260965,Educators of Beauty College of Cosmetology-Rockford,"Educators of Beauty College of Cosmetology, Rockford"
0743271961026625536,146454,Educators of Beauty College of Cosmetology-Peru,"Educators of Beauty College of Cosmetology, Peru"
0743271985542332416,149204,Educators of Beauty College of Cosmetology-Sterling,"Educators of Beauty College of Cosmetology, Sterling"
0743271985647190016,490461,EduMed Partners,EduMed Partners
0743272017297408000,410964,EINE Inc,Electrology Institute of New England
0743272027451817984,441210,East Valley Institute of Technology,"East Valley Institute of Technology, Mesa"
0743272061434068992,407461,Eastland-Fairfield Career and Technical Schools,"Eastland-Fairfield Career and Technical Schools, Groveport"
0743272061618618368,483382,Electrical and HVAC/R Training Center,"Electrical and HVAC/R Training Center, Copiague"
0743272073593356288,483799,East-West Healing Arts Institute,"East-West Healing Arts Institute, Madison"
0743272081092771840,494001,Elevate Salon Institute,"Elevate Salon Institute, Durham"
0743272082535612416,476887,Elaine Sterling Institute,"Elaine Sterling Institute, Atlanta"
0743272101632278528,451282,Elevate Salon Institute,"Elevate Salon Institute, Royal Oak"
0743272108561268736,492005,Elite Academy of Hair Design,"Elite Academy of Hair Design, Bridgeport"
0743272108682903552,492148,Elite Beauty College,"Elite Beauty College, Muskogee"
0743272124164079616,451529,Elite College of Cosmetology,"Elite College of Cosmetology, Lexington"
0743272127641157632,490294,"Elite Cosmetology, Barber & Spa Academy","Elite Cosmetology, Barber & Spa Academy, Yakima"
0743272128182222848,461607,Elite Cosmetology School,"Elite Cosmetology School, Palm Desert"
0743272156879650816,495776,Elite Welding Academy,"Elite Welding Academy, Houston"
0743272161619214336,362782,Elizabeth Grady School of Esthetics and Massage Therapy,"Elizabeth Grady School of Esthetics and Massage Therapy, Medford"
0743272164169351168,496371,Elite Welding Academy South Point,"Elite Welding Academy, South Point"
0743272165767380992,452887,Elite Welding Academy LLC,"Elite Welding Academy, Cincinnati"
0743272178761334784,202657,EHOVE Career Center,"EHOVE Career Center, Milan"
0743272195366584320,404684,Emma's Beauty Academy-Juana Diaz,"Emma's Beauty Academy, Juana Diaz"
0743272201423159296,127158,Emily Griffith Technical College,Emily Griffith Technical College
0743272224416333824,212328,Empire Beauty  School-Lehigh Valley,"Empire Beauty School, Lehigh Valley"
0743272255034753024,479983,Elevate Salon Institute-Westminster,"Elevate Salon Institute, Westminster"
0743272257148682240,447175,Empire Beauty School-Aurora,"Empire Beauty School, Aurora"
0743272263712768000,241906,Emma's Beauty Academy-Mayaguez,"Emma's Beauty Academy, Mayaguez"
0743272283727986688,447148,Empire Beauty School-Avondale,"Empire Beauty School, Avondale"
0743272356188782592,457378,Emerald Coast Technical College,"Emerald Coast Technical College, DeFuniak Springs"
0743272394747019264,481678,Empire Beauty School-Augusta,"Empire Beauty School, Augusta"
0743272422760775680,485014,Empire Beauty School-Buffalo,"Empire Beauty School, Buffalo"
0743272438623633408,164845,Empire Beauty School-Boston,"Empire Beauty School, Boston"
0743272452787798016,368230,Empire Beauty School-Bloomfield,"Empire Beauty School, Bloomfield"
0743272459607736320,174978,Empire Beauty School-Bloomington,"Empire Beauty School, Bloomington"
0743272478251417600,375984,Empire Beauty School-Center City Philadelphia,"Empire Beauty School, Center City Philadelphia"
0743272480679919616,459019,Empire Beauty School-Charlotte,"Empire Beauty School, Charlotte"
0743272549562974208,383765,Empire Beauty School-Brooklyn,"Empire Beauty School, Brooklyn"
0743272578864381952,407470,Empire Beauty School-Cincinnati,"Empire Beauty School, Cincinnati"
0743272607528255488,450614,Empire Beauty School-Concord,"Empire Beauty School, Concord"
0743272631951687680,104443,Empire Beauty School-Chandler,"Empire Beauty School, Chandler"
0743272638415110144,157669,Empire Beauty School-Dixie,"Empire Beauty School, Louisville"
0743272654496071680,485397,Empire Beauty School-Cheltenham,"Empire Beauty School, Cheltenham"
0743272663341858816,458803,Empire Beauty School-E Memphis,"Empire Beauty School, Memphis"
0743272670115659776,157650,Empire Beauty School-Elizabethtown,"Empire Beauty School, Elizabethtown"
0743272671097126912,157614,Empire Beauty School-Chenoweth,"Empire Beauty School, Louisville"
0743272677141118976,184816,Empire Beauty School-Cherry Hill,"Empire Beauty School, Cherry Hill"
0743272685613613056,157678,Empire Beauty School-Florence,"Empire Beauty School, Florence"
0743272713103081472,212382,Empire Beauty School-Harrisburg,"Empire Beauty School, Harrisburg"
0743272713493151744,212337,Empire Beauty School-Gwinnett,"Empire Beauty School, Lawrenceville"
0743272742622593024,458821,Empire Beauty School-Jackson,"Empire Beauty School, Jackson"
0743272770565046272,440101,Empire Beauty School-Kennesaw,"Empire Beauty School, Kennesaw"
0743272801435123712,182704,Empire Beauty School-Laconia,"Empire Beauty School, Laconia"
0743272831537643520,491145,Empire Beauty School-Lakeland,"Empire Beauty School, Lakeland"
0743272857768820736,480310,Empire Beauty School-Glen Burnie,"Empire Beauty School, Glen Burnie"
0743272865851244544,407735,Empire Beauty School-Green Bay,"Empire Beauty School, Green Bay"
0743272872134311936,415039,Empire Beauty School-Hanover,"Empire Beauty School, Hanover"
0743272902954057728,161493,Empire Beauty School-Maine,"Empire Beauty School, Portland"
0743272907202887680,450641,Empire Beauty School-Hooksett,"Empire Beauty School, Hooksett"
0743273025121550336,212276,Empire Beauty School-Lancaster,"Empire Beauty School, Lancaster"
0743273051583414272,212230,Empire Beauty School-Lebanon,"Empire Beauty School, Lebanon"
0743273052988506112,169284,Empire Beauty School-Michigan,"Empire Beauty School, Grand Rapids"
0743273060471144448,447166,Empire Beauty School-Littleton,"Empire Beauty School, Littleton"
0743273080704466944,448798,Empire Beauty School-Milwaukee,"Empire Beauty School, Milwaukee"
0743273095954956288,407179,Empire Beauty School-Malden,"Empire Beauty School, Malden"
0743273097339076608,430227,Empire Beauty School-Monroeville,"Empire Beauty School, Monroeville"
0743273100392529920,195067,Empire Beauty School-Manhattan,"Empire Beauty School, Manhattan"
0743273109045379072,458867,Empire Beauty School-Morrow,"Empire Beauty School, Morrow"
0743273124459446272,458812,Empire Beauty School-Nashville,"Empire Beauty School, Brentwood"
0743273127152189440,212753,Empire Beauty School-NE Philadelphia,"Empire Beauty School, Philadelphia"
0743273128758607872,495518,Empire Beauty School-Newport News,"Empire Beauty School, Newport News"
0743273156097081344,444291,Empire Beauty School-Owings Mills,"Empire Beauty School, Owings Mills"
0743273160362688512,193991,Empire Beauty School-Peekskill,"Empire Beauty School, Peekskill"
0743273185339768832,486691,Empire Beauty School-Northlake,"Empire Beauty School, Northlake"
0743273185838891008,459064,Empire Beauty School-Pineville,"Empire Beauty School, Charlotte"
0743273213668098048,190239,Empire Beauty School-Queens,"Empire Beauty School, Queens"
0743273246979260416,444282,Empire Beauty School-Midlothian,"Empire Beauty School, Midlothian"
0743273281158643712,481845,Empire Beauty School-Rochester,"Empire Beauty School, Rochester"
0743273302151135232,450605,Empire Beauty School-North Hills,"Empire Beauty School, North Hills"
0743273309000433664,478582,Empire Beauty School-Savannah,"Empire Beauty School, Savannah"
0743273330341052416,212294,Empire Beauty School-Shamokin Dam,"Empire Beauty School, Shamokin Dam"
0743273338037600256,182722,Empire Beauty School-Somersworth,"Empire Beauty School, Somersworth"
0743273353699131392,212300,Empire Beauty School-Pottsville,"Empire Beauty School, Pottsville"
0743273358266728448,458858,Empire Beauty School-Speedway,"Empire Beauty School, Speedway"
0743273364054867968,456135,Empire Beauty School-Spring Lake Park,"Empire Beauty School, Spring Lake Park"
0743273378974007296,212391,Empire Beauty School-Reading,"Empire Beauty School, Reading"
0743273389099057152,481748,Empire Beauty School-Stone Park,"Empire Beauty School, Stone Park"
0743273394505515008,491136,Empire Beauty School-Tampa,"Empire Beauty School, Tampa"
0743273406375395328,450599,Empire Beauty School-Richmond,"Empire Beauty School, Richmond"
0743273406597693440,128337,Empire Beauty School-Thornton,"Empire Beauty School, Thornton"
0743273436796682240,481739,Empire Beauty School-Vernon Hills,"Empire Beauty School, Vernon Hills"
0743273465754157056,217581,Empire Beauty School-Warwick,"Empire Beauty School, Providence"
0743273493193293824,478616,Empire Beauty School-West Greensboro,"Empire Beauty School, Greensboro"
0743273548314836992,458830,Empire Beauty School-Springfield,"Empire Beauty School, Springfield"
0743273576081129472,459055,Empire Beauty School-West Palm,"Empire Beauty School, West Palm Beach"
0743273586411700224,103741,Empire Beauty School-Tucson,"Empire Beauty School, Tucson"
0743273588039090176,184506,Empire Beauty School-Union,"Empire Beauty School, Union"
0743273606129123328,459046,Empire Beauty School-Winston-Salem,"Empire Beauty School, Winston-Salem"
0743273606850543616,476179,Empire Beauty School-Virginia Beach,"Empire Beauty School, Virginia Beach"
0743273620591083520,212267,Empire Beauty School-York,"Empire Beauty School, York"
0743273635216621568,457581,Eric Fisher Academy,Eric Fisher Academy
0743273650458722304,439622,Erie 1 BOCES,Erie 1 Boces
0743273687783833600,492306,Escondido Adult School,Escondido Adult School
0743273688329093120,444307,Empire Beauty School-West Mifflin,"Empire Beauty School, West Mifflin"
0743273707392204800,444583,Escuela Hotelera de San Juan,Escuela Hotelera de San Juan
0743273745535205376,431123,Escuela Tecnica de Electricidad,"Escuela Tecnica de Electricidad, Ponce"
0743273779790086144,212355,Empire Beauty School-Wyoming Valley,"Empire Beauty School, Wyoming Valley"
0743273783493656576,494649,Esteem Academy of Beauty,"Esteem Academy of Beauty, South Ogden"
0743273786266091520,420255,Escuela de Peritos Electricistas de Isabela Inc,"Escuela de Peritos Electricistas de Isabela, Isabela"
0743273800312815616,446242,Employment Solutions-College for Technical Education,"Employment Solutions, College for Technical Education"
0743273814187573248,446251,Estelle Medical Academy,Estelle Medical Academy
0743273814544089088,461582,Estelle Skin Care and Spa Institute,Estelle Skin Care and Spa Institute
0743273821498245120,417062,Estes Institute of Cosmetology Arts and Science,"Estes Institute of Cosmetology, Visalia"
0743273828905385984,383525,Erie 2 Chautauqua Cattaraugus BOCES-Practical Nursing Program,"Erie 2 Chautauqua Cattaraugus Boces, Practical Nursing Program"
0743273841064673280,458423,European Massage Therapy School-Las Vegas,"European Massage Therapy School, Las Vegas"
0743273861323161600,446260,Evergreen Beauty and Barber College-Everett,"Evergreen Beauty and Barber College, Everett"
0743273866335354880,491598,European Medical School of Massage,European Medical School of Massage
0743273879371251712,207102,Eves College of Hairstyling,"Elite Academy of Cosmetology, Lawton"
0743273945217630208,224758,Exposito School of Hair Design,"Exposito School of Hair Design, Amarillo"
0743273971029377024,493813,Falcon Institute of Health and Science,Falcon Institute of Health and Science
0743273971473973248,494472,Evvaylois Academy School of Beauty,"EVVAYLOIS SCHOOL OF BEAUTY, Brenham"
0743273997147308032,381486,Faust Institute of Cosmetology-Spirit Lake,"Faust Institute of Cosmetology, Spirit Lake"
0743273997285720064,244613,ETI School of Skilled Trades,"ETI School of Skilled Trades, Willowbrook"
0743274003174522880,248624,Fayette County Career & Technical Institute Practical Nursing Program,"Fayette County Career and Technical Institute, Practical Nursing Program"
0743274008023138304,450720,Euphoria Institute of Beauty Arts & Sciences-Summerlin,"Euphoria Institute of Beauty Arts, Summerlin"
0743274046979833856,484075,First Coast Barber Academy,"First Coast Barber Academy, Jacksonville"
0743274054403751936,461874,First Class Cosmetology School,"First Class Cosmetology School, Beloit"
0743274061982859264,461537,Evolve Beauty Academy,"Evolve Beauty Academy, Washington"
0743274082090352640,476513,Flair Beauty College,"Flair Beauty College, Valencia"
0743274084254613504,137023,First Coast Technical College,First Coast Technical College
0743274091250712576,413176,Fayette Institute of Technology,"Fayette Institute of Technology, Oak Hill"
0743274107973402624,447908,Florida Academy of Health & Beauty,Florida Academy of Health & Beauty
0743274124394102784,441380,Florida Barber Academy,"Florida Barber Academy, Plantation"
0743274134955360256,145099,"First Institute of Travel, Inc.","First Institute of Travel, Inc."
0743274137417416704,487436,Florida Career College-Jacksonville,"Florida Career College, Jacksonville"
0743274152319778816,487384,Florida Career College-Pembroke Pines,"Florida Career College, Pembroke Pines"
0743274154739892224,487472,Florida Career College-Orlando,"Florida Career College, Orlando"
0743274156799295488,487427,Florida Career College-Tampa,"Florida Career College, Tampa"
0743274160867770368,486512,Florida International Training Institute,"Florida International Training Institute, Miami"
0743274191234531328,138284,Florida Panhandle Technical College,"Florida Panhandle Technical College, Chipley"
0743274191972728832,114460,Federico Beauty Institute,Federico Beauty Institute
0743274203414790144,495299,Florida Professional Institute,Florida Professional Institute
0743274217356656640,134024,Florida School of Massage,Florida School of Massage
0743274225845927936,488253,Focus Personal Training Institute,"Focus Personal Training Institute, New York"
0743274238726635520,207087,Formations Institute,"Formations Institute, Enid"
0743274244867096576,208044,Formations Institute of Cosmetology & Barbering,"Formations Institute of Cosmetology, Barbering"
0743274275963666432,462035,Florida Academy,"Florida Academy, Fort Myers"
0743274281344958464,371052,Fortis College,"Fortis College, Mobile"
0743274301653778432,455460,Fortis College-Dothan,"Fortis College, Dothan"
0743274315801165824,455488,Fortis College-Montgomery,"Fortis College, Montgomery"
0743274339729670144,475024,Fortis Institute-Lawrenceville,"Fortis Institute, Lawrenceville"
0743274343080919040,224828,Fort Worth Beauty School,"Fort Worth Beauty School, Benbrook, TX"
0743274345844965376,476814,Florida Institute of Recording Sound and Technology,Florida Institute of Recording Sound and Technology
0743274354082578432,163347,Fortis Institute-Towson,"Fortis Institute, Towson"
0743274374395592704,175698,Fosters Cosmetology College,"Foster's Cosmetology and Barber College, Ripley"
0743274374743719936,183725,Fortis Institute-Wayne,"Fortis Institute, Wayne"
0743274378032054272,488271,Fosbre Academy of Hair Design,Olympia Beauty School for Esthetics and Nails
0743274406641401856,485236,Fountain of Youth Academy of Cosmetology,"Fountain of Youth Academy, Pittsburgh"
0743274410022010880,177436,Four Rivers Career Center,"Four Rivers Career Center, Washington"
0743274416812589056,245999,Francis Tuttle Technology Center,Francis Tuttle Technology Center
0743274421359214592,134228,Fort Pierce Beauty Academy,Fort Pierce Beauty Academy
0743274429554884608,248633,Franklin County Career and Technology Center,Franklin County Career and Technology Center
0743274446583758848,114761,Fredrick and Charles Beauty College,"Fredrick and Charles Beauty College, Eureka"
0743274464963198976,409120,Franklin Technology Center Adult Education,"Franklin Technology Center, Joplin"
0743274465705590784,476498,Futura Career Institute,"Futura Career Institute, Hialeah"
0743274467353952256,455062,French Academy of Cosmetology,"French Academy of Cosmetology, Spring Lake"
0743274488551964672,485926,GA Beauty & Barber School,"GA Beauty & Barber School, McAllen"
0743274493811621888,145406,G Skin & Beauty Institute,"G Skin & Beauty Institute, Schaumburg"
0743274496995098624,407090,G Skin & Beauty Institute,"G Skin & Beauty Institute, Oakbrook"
0743274512371417088,488013,Garden State Science and Technology Institute,"Garden State Science and Technology Institute, Jersey City"
0743274518956474368,490090,Gadsden Technical College,"Gadsden Technical College, Quincy"
0743274519065526272,145309,Gem City College,"Gem City College, Quincy"
0743274524782362624,114947,Gemological Institute of America-Carlsbad,"Gemological Institute of America, Carlsbad"
0743274528985055232,191311,Gemological Institute of America-New York,"Gemological Institute of America, New York"
0743274556390637568,220765,Genesis Career College-Cookeville,"Genesis Career College, Cookeville"
0743274567501348864,457873,Four County Career Center,"Four County Career Center, Archbold"
0743274579727745024,382780,Genesis Career College-Lebanon,"Genesis Career College, Lebanon"
0743274595636740096,134307,George T Baker Aviation Technical College,George T. Baker Aviation Technical College
0743274629820317696,408862,Georgia Institute of Cosmetology,"Georgia Institute of Cosmetology, Athens"
0743274662342950912,202888,Gerbers Akron Beauty School,"Gerbers Akron Beauty School, Akron"
0743274667992678400,483577,Franklin Hair Academy School of Cosmetology,"Franklin Hair Academy, Franklin, TN"
0743274668571492352,235307,Glen Dow Academy of Hair Design,"Glen Dow Academy of Hair Design, Spokane"
0743274688968392704,488651,Glitz School of Cosmetology,"Glitz School of Cosmetology, Las Cruces"
0743274689702395904,138822,Georgia Career Institute,Georgia Career Institute
0743274693070422016,246895,GateWay Community College-Central City,"Gateway Community College, Central City"
0743274698770481152,491729,Goshen School of Cosmetology,"Goshen School of Cosmetology, Cleveland"
0743274705737220096,492935,Global Medical & Technical Training Institute,"Global Medical & Technical Training Institute, Miami"
0743274717900701696,493150,Gould's Academy,"Gould's Academy, Bartlett"
0743274720169820160,486530,Gould's Academy,"Gould's Academy, Memphis"
0743274724548673536,492281,GoodFellas Barber College,"GoodFellas Barber College, Little Rock"
0743274726918455296,483841,Grace International Beauty School,"Grace International Beauty School, Flushing"
0743274729200156672,431196,Genesee Valley BOCES-Practical Nursing Program,"Genesee Valley BOCES, Practical Nursing Program"
0743274740642217984,363679,Grabber School of Hair Design,"Grabber School of Hair Design, St. Louis"
0743274749341204480,431284,Graduate America College,"Graduate America College, Garland"
0743274754739273728,225043,Graham's Barber College,"Graham's Barber College, Dallas"
0743274771747176448,495110,Great Lakes Boat Building School,"Great Lakes Boat Building School, Cedarville"
0743274778277707776,364548,Great Plains Technology Center,"Great Plains Technology Center, Lawton"
0743274788608278528,383367,Greater Altoona Career & Technology Center,Greater Altoona Career and Technology Center
0743274806580871168,418454,Greater Johnstown Career and Technology Center,Greater Johnstown Career and Technology Center
0743274812113158144,382416,Greater Lowell Technical School,Greater Lowell Technical School
0743274837203484672,260363,Greene County Career and Technology Center,Greene County Career and Technology Center
0743274862541275136,436632,Gwinnett College,"Gwinnett College, Raleigh"
0743274886973095936,383084,Hacienda La Puente Adult Education,"Hacienda La Puente Adult Education, La Puente"
0743274912591904768,163541,Hair Academy,"Hair Academy, New Carrollton"
0743274919416037376,176983,Grand River Technical School,"Grand River Technical School, Chillicothe"
0743274937514459136,202949,Great Oaks Career Campuses,"Great Oaks Career Campuses, Cincinnati"
0743274943612977152,497675,Hair Academy,"Hair Academy, Chillicothe"
0743274951594737664,436030,Hair Academy II,"Hair Academy II, Hillcrest Heights"
0743274967298211840,488262,Hair Academy School of Barbering & Beauty,"Hair Academy, Newark"
0743274972977299456,496672,Hair Arts Institute,"Hair Arts Institute, Oklahoma City"
0743274992124297216,428019,Green Country Technology Center,"Green Country Technology Center, Okmulgee"
0743274997287485440,367981,Hair Professionals Career College,"Hair Professionals Career College, Palos Hills"
0743275003746713600,145424,Hair Professionals Career College,"Hair Professionals Career College, Sycamore"
0743275005764173824,365240,Greene County Career Center,"Greene County Career Center, Xenia"
0743275019924144128,145433,Hair Professionals School of Cosmetology,"Hair Professionals Career College, Oswego"
0743275022826602496,367051,Hairmasters Institute of Cosmetology,"Hairmasters Institute of Cosmetology, Bloomington"
0743275043366109184,455327,Hands on Therapy,Hands On Therapy
0743275048143421440,202985,Hannah E Mullins School of Practical Nursing,"Hannah Mullins School of Practical Nursing, Salem"
0743275048197947392,490382,Harmony Health Care Institute,"Harmony Health Care Institute, Merrimack"
0743275075662249984,141608,Hawaii Institute of Hair Design,Hawaii Institute of Hair Design
0743275081194536960,417600,Hastings Beauty School,"Hastings Beauty School, Hastings"
0743275085766328320,176062,Hatfield's Mississippi College of Beauty Culture,"Hatfield's Mississippi College of Beauty Culture, Laurel"
0743275112005894144,478917,Hays Academy of Hair Design,"Hays Academy of Hair Design, Salina"
0743275114329538560,155159,Hays Academy of Hair Design,"Hays Academy of Hair Design, Hays"
0743275144327200768,447971,Hair Expressions Academy,"Hair Expressions Academy, Rockville"
0743275166708006912,369950,Hamrick School,Hamrick School
0743275167911772160,439668,HDS Truck Driving Institute,"HDS Truck Driving School, Tucson"
0743275196282044416,454795,Healing Hands School of Holistic Health,"Healing Hands School of Holistic Health, Escondido"
0743275202527363072,455071,Healing Arts Center,"Healing Arts Center, St. Louis"
0743275219514294272,441830,Healing Mountain Massage School,Healing Mountain Massage School
0743275221510782976,493585,Health and Technology Training Institute,Health and Technology Training Institute
0743275244629786624,493752,Health-Tech Institute of Memphis,Health-Tech Institute of Memphis
0743275247708405760,498960,Healthcare Workforce Training Institute,"Healthcare Workforce Training Institute, Eau Claire"
0743275279216017408,418612,Hazleton Area Career Center,Hazleton Area Career Center
0743275310169980928,419217,HCA Florida Mercy Hospital School of Practical Nursing,"HCA Florida Mercy Hospital School of Practical Nursing, Miami"
0743275338125017088,247010,Headmasters School of Hair Design,"Headmasters School of Hair Design, Lewiston"
0743275339383308288,214476,Heritage Valley Health System School of Nursing,Heritage Valley Health System School of Nursing
0743275371050303488,497444,Hello Gorgeous Barbers Stillwater's School of Barbering,Hello Gorgeous Barbers Stillwater's School of Barbering
0743275379480854528,208053,High Plains Technology Center,High Plains Technology Center
0743275399940669440,168555,Hillsdale Beauty College,"Hillsdale Beauty College, Hillsdale"
0743275411986710528,115658,Hilltop Beauty School,"Hilltop Beauty School, Daly City"
0743275423328108544,480000,Hinton Barber and Beauty College,"Hinton Barber and Beauty College, Vallejo"
0743275438276608000,498845,Heartland Welding Academy,"Heartland Welding Academy, Andover"
0743275448955305984,203146,Hobart Institute of Welding Technology,Hobart Institute of Welding Technology
0743275450419118080,490407,Hogan Institute of Cosmetology and Esthetics,Hogan Institute of Cosmetology and Esthetics
0743275473420681216,461379,Holistic Massage Training Institute,"Holistic Massage Training Institute, Baltimore"
0743275476465745920,431266,Henrico County-Saint Marys Hospital School of Practical Nursing,"Henrico County-Saint Marys Hospital School of Practical Nursing, Richmond"
0743275483315044352,184746,Hohokus School of Trade and Technical Sciences,"HoHoKus School of Trade and Technical Sciences, Paterson"
0743275500578799616,134529,Hollywood Institute of Beauty Careers,"Hollywood Institute, Hollywood"
0743275507067387904,495174,Hollywood Cultural College,Hollywood Cultural College
0743275509542027264,485388,Hollywood Institute of Beauty Careers-Casselberry,"Hollywood Institute of Beauty Careers, Casselberry"
0743275524083679232,485379,Hollywood Institute of Beauty Careers-West Palm Beach,"Hollywood Institute of Beauty Careers, West Palm Beach"
0743275531952193536,431275,Herkimer County BOCES-Practical Nursing Program,"Herkimer County BOCES, Practical Nursing Program"
0743275544233115648,499103,Homestead Schools-Costa Mesa,"Homestead Schools, Costa Mesa"
0743275545629818880,488411,Hoss Lee Academy,"Hoss Lee Academy, Roseville"
0743275550272913408,107099,Hot Springs Beauty College,Hot Springs Beauty College
0743275552277790720,443234,Hollywood Institute,"Hollywood Institute, Margate"
0743275565401767936,493743,Houston Barber School,Houston Barber School
0743275592392114176,486345,HVAC Technical Institute,"HVAC Technical Institute, Chicago"
0743275617939619840,368771,Hypnosis Motivation Institute,Hypnosis Motivation Institute
0743275641171869696,449597,Ideal Beauty Academy,"Ideal Beauty Academy, Jeffersonville"
0743275661816233984,480161,Ideal Beauty Academy,"Ideal Beauty Academy, Louisville"
0743275669177237504,380067,Houston Training School-Main Campus,"Houston Training Schools, Houston"
0743275700022149120,419253,Illinois Media School,"Illinois Media School, O'Hare Campus"
0743275704770101248,460145,Illinois Media School-Chicago Campus,"Illinois Media School, Chicago"
0743275726295269376,176716,House of Heavilin Beauty College-Blue Springs,"House of Heavilin Beauty College, Blue Springs"
0743275735199776768,487922,Image Maker Beauty Institute,Image Maker Beauty Institute
0743275738584580096,177588,House of Heavilin Beauty College-Kansas City,"House of Heavilin Beauty College, Kansas City"
0743275751016497152,484996,Houston Training Schools-Gessner,"Houston Training Schools, Gessner"
0743275753604382720,418560,Indiana County Technology Center,Indiana County Technology Center
0743275767101652992,488420,Indiana Wellness College,"Indiana Wellness College, Carmel"
0743275784008892416,444671,Industrial Technical College,"Industrial Technical College, Humacao"
0743275784533180416,492731,Innovate Salon Academy,"Innovate Salon Academy, Ewing"
0743275795262210048,483106,Innovate Salon Academy,"Innovate Salon Academy, South Plainfield"
0743275811687104512,499130,Innovate Salon Academy,"Innovate Salon Academy, Brick Township"
0743275819106828288,491932,Installer Institute,"Installer Institute, Holly Hill"
0743275839596003328,458122,Institute of Advanced Medical Esthetics,"Institute of Advanced Medical Esthetics, Ashland"
0743275842766897152,496751,Institute of Allied Healthcare,"Institute of Allied Healthcare, San Antonio"
0743275864635998208,240879,Institute of Beauty Careers,"Institute of Beauty Careers, Arecibo"
0743275871531433984,457819,Institute of Culinary Education,Institute of Culinary Education
0743275902997102592,491570,Institute of Medical Ultrasound,"Institute of Medical Ultrasound, Atlanta"
0743275919317139456,451501,Instituto Educativo Premier,"Instituto Educativo Premier, Ponce"
0743275933695213568,415057,Industrial Management Training Institute,"Industrial Management Training Institute, Waterbury"
0743275935628787712,491880,Independent Training & Apprenticeship Program,"Independent Training & Apprenticeship Program, Sacramento"
0743275948593381376,376288,Institucion Chaviano de Mayaguez,"Institución Chaviano de Mayagüez, Mayagüez"
0743275960274518016,483869,InterAmerican Technical Institute,InterAmerican Technical Institute
0743275971880157184,481960,InterCoast Colleges-Fairfield,"InterCoast College, Fairfield"
0743275976846213120,134714,International Academy,"International Academy, South Daytona"
0743275982969896960,457208,InterCoast Colleges-Rancho Cordova,"InterCoast College, Rancho Cordova"
0743275995661860864,442888,InterCoast Colleges-Riverside,"InterCoast Trade School, Riverside"
0743276003828170752,235501,International Air and Hospitality Academy,"International Air and Hospitality Academy, Vancouver"
0743276023050665984,491686,International Barber College,"International Barber College, Chandler"
0743276028926885888,488378,International Beauty Education Center,"International Beauty Education Center, Airway Heights"
0743276047117582336,461175,International College of Cosmetology,"International College of Cosmetology, Oakland"
0743276059167817728,481207,Institute of Health Sciences,"Institute of Health Sciences, Hunt Valley"
0743276074711908352,453297,International Culinary Arts and Sciences Institute,"International Culinary Arts and Sciences Institute, Chesterland"
0743276079677964288,457341,International Institute of Cosmetology,International Institute of Cosmetology
0743276094102175744,127316,International Salon and Spa Academy,"International Salon and Spa Academy, Colorado Springs"
0743276112871686144,460808,Integrated Massage Therapy Services,"Integrated Massage Therapy Services, Blackfoot"
0743276129086865408,365091,International School of Skin Nailcare & Massage Therapy,"International School of Skin, Nailcare & Massage Therapy, Sandy Springs"
0743276150507175936,439686,International Training Careers,"International Training Careers, Miami"
0743276164088332288,113449,International School of Beauty Inc,"International School of Beauty, Palm Desert"
0743276173173194752,457785,International Academy of Style,"International Academy of Style, Reno"
0743276174880276480,443137,Irene's Myomassology Institute,"Irene's Myomassology Institute, Southfield"
0743276190973820928,438984,IVAEM College,"Ivaem College, Caguas"
0743276216441634816,462336,International College of Beauty Arts & Sciences,International College of Beauty Arts & Sciences
0743276231536934912,150765,J Michael Harrold Beauty Academy,"Harrold Beauty Academy, Terre Haute"
0743276243910131712,237473,James Rumsey Technical Institute,James Rumsey Technical Institute
0743276272330735616,498854,Jazz Barber and Hairstyling Academy,"Jazz Barber and Hairstyling Academy, Petersburg"
0743276300415795200,483276,JB's Hair Design and Barber College,"JB's Hair Design and Barber College, Oklahoma City"
0743276304383606784,443146,Jay's Technical Institute,"Jay's Barber & Beauty, Houston"
0743276347106787328,191940,Isabella Graham Hart School of Practical Nursing,"Isabella Graham Hart School of Practical Nursing, Rochester"
0743276369814749184,417886,Jefferson Lewis BOCES-Practical Nursing Program,"Jefferson Lewis BOCES, Practical Nursing Program"
0743276371094011904,101471,J F Ingram State Technical College,"J. F. Ingram State Technical College, Deatsville"
0743276373346353152,481474,J D Academy of Salon and Spa,"J D Academy of Salon and Spa, Danville"
0743276399598501888,207704,Jenks Beauty College,Jenks Beauty College
0743276413926244352,401764,John Amico School of Hair Design,John Amico School of Hair Design
0743276414471503872,418445,Jefferson County Dubois Area Vocational Technical Practical Nursing Program,"Jeff Tech, Reynoldsville"
0743276430753792000,446349,John D Rockefeller IV Career Center,"John D. Rockefeller Career Center, New Cumberland"
0743276436386742272,428125,John Wesley International Barber and Beauty College,John Wesley International Barber and Beauty College
0743276436646789120,159328,John Jay Beauty College,"John Jay Beauty College, Kenner"
0743276473535692800,200110,"Josef's School of Hair, Skin & Body-Grand Forks","Josef's School of Hair, Skin & Body, Grand Forks"
0743276473913180160,456551,"Josef's School of Hair, Skin & Body-Fargo","Josef's School of Hair, Skin & Body, Fargo"
0743276493949370368,414540,Jean Madeline Aveda Institute,"Jean Madeline Aveda Institute, Philadelphia"
0743276498428887040,491242,Johnny Matthew's Hairdressing Training School,"Premier Beauty School, Salem"
0743276521300426752,498827,JT's Cuts Academy,"JT's Cuts Academy, Fort Lauderdale"
0743276547586129920,481313,Kaizen Beauty Academy,"Kaizen Beauty Academy, Pembroke Pines"
0743276568373100544,185174,Joe Kubert School of Cartoon and Graphic Art,Joe Kubert School of Cartoon and Graphic Art
0743276581694210048,494658,KC Beauty Academy,"KC Beauty Academy, Los Angeles"
0743276593878663168,492652,KCK Beauty & Barber Academy,"KCK Beauty and Barber Academy, Jacksonville"
0743276605845012480,484057,Jupiter Beauty Academy,"Jupiter Beauty Academy, Boston"
0743276615965868032,374343,KC's School of Hair Design,"KC's School of Hair Design, Pontotoc"
0743276620185337856,182892,Keene Beauty Academy,Keene Beauty Academy
0743276646655590400,218195,Kenneth Shuler School of Cosmetology and Nails-Columbia,"Kenneth Shuler School of Cosmetology, Nails and Esthetics, Columbia"
0743276661385986048,460011,Kenneth Shuler School of Cosmetology-Florence,"Kenneth Shuler School of Cosmetology, Florence"
0743276670131109888,490416,J's Barber College,"J's Barber College, New Iberia"
0743276693640183808,407708,KaiStar,"Paul Mitchell The School, Federal Way"
0743276707942760448,218159,Kenneth Shuler School of Cosmetology-North Augusta,"Kenneth Shuler School of Cosmetology, North Augusta"
0743276744856829952,445841,Kenneth Shuler School of Cosmetology-Spartanburg,"Kenneth Shuler School of Cosmetology, Spartanburg"
0743276765249536000,488439,Kenny's Academy of Barbering,"Kenny's Academy of Barbering, Indianapolis"
0743276793959546880,487904,Kentucky Horseshoeing School,"Kentucky Horseshoeing School, Richmond"
0743276810321526784,445850,Kenneth Shuler School of Cosmetology-Columbia,"Kenneth Shuler School of Cosmetology, Columbia"
0743276826188578816,457475,Keune Academy by 124,"Keune Academy, Lawrenceville"
0743276840193359872,489159,Kenneth Shuler School of Cosmetology-Goose Creek,"Kenneth Shuler School of Cosmetology, Goose Creek"
0743276842823188480,375726,Kiamichi Technology Center-McAlester,"Kiamichi Technology Center, McAlester"
0743276855259299840,467906,Kenneth Shuler School of Cosmetology-Greenville,"Kenneth Shuler School of Cosmetology, Greenville"
0743276867808657408,497417,Kino College,"Kino College, Tucson"
0743276888700485632,432117,Kenneth Shuler School of Cosmetology-Rock Hill,"Kenneth Shuler School of Cosmetology, Rock Hill"
0743276893934977024,490717,L Makeup Institute,"L Makeup Institute, Las Vegas"
0743276912045981696,383163,La Belle Beauty Academy,"La Belle Beauty Academy, Miami"
0743276917976727552,135142,La Belle Beauty School,"La Belle Beauty School, Hialeah"
0743276935584415744,135179,Lake Technical College,"Lake Technical College, Eustis"
0743276957944250368,117238,Lancaster Beauty School,"Lancaster Beauty School, Lancaster"
0743276972024528896,451291,Lakewood School of Therapeutic Massage,"Lakewood School of Therapeutic Massage, Port Huron"
0743276995420356608,213455,Lancaster School of Cosmetology & Therapeutic Bodywork,"Lancaster School of Cosmetology, Therapeutic Bodywork"
0743277020217081856,226125,Laredo Beauty College Inc,"Laredo Beauty College, Laredo"
0743277035333353472,417628,Kirksville Area Technical Center,Kirksville Area Technical Center
0743277036914606080,375373,Knox County Career Center,"Knox County Career Center, Mount Vernon"
0743277048419581952,490452,Kor Beauty Academy,"Kor Beauty Academy, Peoria"
0743277068329943040,495387,Larry's Barber College,"Larry's Barber College, Chicago"
0743277071148515328,476489,Larry's Barber College,"Larry's Barber College, Chicago"
0743277077335113728,496964,Larry's Barber College-Joliet,"Larry's Barber College, Joliet"
0743277079667146752,486503,Laredo CHI Academy Beauty School,"Laredo CHI Academy, Beauty School"
0743277099015471104,485485,Latin Beauty Academy,"Latin Beauty Academy, Greenacres"
0743277117097115648,483957,Lawrence & Company College of Cosmetology,"College of Cosmetology, Selma"
0743277130275618816,444468,Lawrenceburg Technical College,Lawrenceburg Technical College
0743277131999477760,481298,Lawrence & Company College of Cosmetology,"Lawrence and Company College of Cosmetology, Hanford"
0743277152102776832,418542,Lebanon County Area Vocational Technical School,Lebanon County Career and Technology Center
0743277156661985280,160472,LaSalle Tech,"LaSalle Tech, Houma"
0743277156750065664,497365,Legends Barber College,"Legends Barber College, Lufkin"
0743277160994701312,484172,Lee Professional Institute,"Lee Professional Institute, Fort Myers"
0743277166938030080,491677,Lehigh Valley Barber School,"Lehigh Valley Barber School, Bethlehem"
0743277168879992832,213491,Lansdale School of Cosmetology Inc,"Lansdale School of Cosmetology, Lansdale"
0743277183048351744,418515,Lenape Technical School Practical Nursing Program,"Lenape Technical School, Practical Nursing Program"
0743277184331808768,444228,LeGrand Institute of Cosmetology Inc,"LeGrand Institute of Cosmetology, Camden"
0743277191046889472,444732,Leston College,"Leston College, Bayamon"
0743277199380971520,441618,Leon Studio One School of Beauty Knowledge,Leon Studio One School of Beauty Knowledge
0743277213515776000,177931,Lex La-Ray Technical Center,Lex La-Ray Technical Center
0743277221719834624,457633,L'esprit Academy,"L'Esprit Academy, Canton"
0743277222328008704,198844,Leons Beauty School Inc,"Leons Beauty School Inc., Greensboro"
0743277224811036672,450632,Lexington Healing Arts Academy,Lexington Healing Arts Academy
0743277232188817408,475574,Lil Lou's Beauty and Barber College,"Lil Lou's Beauty and Barber College, Gary"
0743277266963791872,427335,Lia Schorr Institute of Cosmetic Skin Care Training,"Lia Schorr Institute of Cosmetic Skin Care Training, New York"
0743277267072843776,494029,Lil Lou's Beauty and Barber College-Hammond,"Lil Lou's Beauty and Barber College, Hammond"
0743277350199754752,498739,Lehigh Career & Technical Institute,"Lehigh Career and Technical Institute, Schnecksville"
0743277351915225088,376330,Liceo de Arte-Dise-O y Comercio,"Liceo de Arte, Diseño y Comercio, Caguas"
0743277425244241920,184056,Lincoln Technical Institute-Iselin,"Lincoln Technical Institute, Iselin"
0743277460526727168,374574,Lincoln Technical Institute-Moorestown,"Lincoln Technical Institute, Moorestown"
0743277463492100096,433101,Lincoln Technical Institute-Lincoln,"Lincoln Technical Institute, Lincoln"
0743277499777024000,135276,Lively Technical College,"Lively Technical College, Tallahassee"
0743277509763661824,461722,Lindsey Institute of Cosmetology,Lindsey Institute of Cosmetology
0743277528826773504,383297,Long Island Beauty School-Hauppauge,"Long Island Beauty School, Hauppauge"
0743277539748741120,192484,Long Island Beauty School-Hempstead,"Long Island Beauty School, Hempstead"
0743277543150321664,442073,Lincoln Technical Institute-Paramus,"Lincoln Technical Institute, Paramus"
0743277544664465408,185396,Lincoln Technical Institute-Union,"Lincoln Technical Institute, Union"
0743277560581849088,409591,Lorain County Joint Vocational School District,Lorain County Joint Vocational School District
0743277564507717632,461838,Long Island Nail Skin & Hair Institute,"Long Island Nail Skin & Hair Institute, Bethpage"
0743277585663787008,159531,Louisiana Academy of Beauty,"Louisiana Academy of Beauty, Eunice"
0743277607528693760,447731,Los Angeles College of Aesthetics,Palace Beauty College
0743277612377309184,135337,Loraines Academy & Spa,"Loraine's Academy & Spa, Saint Petersburg"
0743277618802982912,449320,Lincoln Technical Institute-Whitestone,"Lincoln Technical Institute, Whitestone"
0743277637941592064,117955,Lu Ross Academy,"Lu Ross Academy, Ventura"
0743277641129263104,458007,Love Beauty School Inc,"Love Beauty School Inc., Manchester"
0743277643406770176,166498,Lowell Academy Hairstyling Institute,"Lowell Academy Hairstyling Institute, Lowell"
0743277646338588672,483726,Luckes Beauty Academy LLC,"Luckes Beauty Academy, Newport News"
0743277655117266944,118143,Lyle's College of  Beauty,"Lyle's College of Beauty, Fresno"
0743277657801621504,118134,Lyle's College of Beauty,"Lyle's College of Beauty, Bakersfield"
0743277682120196096,482246,Lynnes Welding Training,"Lynnes Welding Training, Fargo"
0743277682480906240,118161,Lytles Redwood Empire Beauty College,"Lytles Redwood Empire Beauty College, Santa Rosa"
0743277686918479872,170736,M J Murphy Beauty College of Mount Pleasant,"M J Murphy Beauty College, Mount Pleasant"
0743277701288165376,379621,Madison Oneida BOCES-Practical Nursing Program,"Madison Oneida BOCES, Practical Nursing Program"
0743277709202817024,407489,Mahoning County Career and Technical Center,"Mahoning County Career and Technical Center, Canfield"
0743277722679115776,490221,MAK Beauty Institute,"MAK Beauty Institute, Cumming"
0743277730103033856,495040,Makana Esthetics Wellness Academy,Makana Esthetics Wellness Academy
0743277733282316288,461272,Mandalyn Academy,"Mandalyn Academy, American Fork"
0743277738311286784,133155,Lorenzo Walker Technical College,Lorenzo Walker Technical College
0743277762566946816,490674,Manuel and Theresa's School of Hair Design,"Manuel and Theresa's School of Hair Design, Brenham"
0743277778492719104,451547,Manuel and Theresa's School of Hair Design-Bryan,"Manuel and Theresa's School of Hair Design, Bryan"
0743277801502670848,470296,Manuel and Theresa's School of Hair Design-Victoria,"Manuel and Theresa's School of Hair Design, Victoria"
0743277828929224704,192800,Marion S Whelan School of Nursing of Geneva General Hospital,"Marion S. Whelan School of Nursing, Finger Lakes Health School of Nursing"
0743277853117775872,457642,Marketti Academy of Cosmetology,"Marketti Academy of Cosmetology, Waterford"
0743277871836954624,163815,Maryland Beauty Academy of Essex,"Maryland Beauty Academy, Baltimore"
0743277905479467008,166805,Massachusetts School of Barbering,Massachusetts School of Barbering
0743277925851201536,490470,Massage Institute of Memphis,"Massage Institute, Memphis"
0743277931555454976,130837,Margaret H Rollins School of Nursing at Beebe Medical Center,"Margaret H. Rollins School of Nursing, Beebe Medical Center"
0743277941080719360,481003,M T Training Center,"M T Training Center, Grand Prairie"
0743277957455282176,411684,Marian Health Careers Center-Los Angeles Campus,"Marian Health Careers Center, Los Angeles"
0743277957820186624,461333,Mauna Loa Helicopters,Mauna Loa Helicopter Training
0743277962152902656,490267,Master's Barber & Styling College,"Master's Barber & Styling College, Old Hickory"
0743277964820480000,454698,Mayfield College,"Mayfield College, Cathedral City"
0743277971128713216,439455,MDT College of Health Sciences,MDT College of Health Sciences
0743277972806434816,475282,Marian Health Careers Center-Van Nuys Campus,"Marian Health Careers Center, Van Nuys"
0743277991051657216,493549,MCI,McAllen Careers Institute
0743277995640225792,441414,M-DCPS The English Center,"The English Center, Miami"
0743277998211334144,476595,Medical Allied Career Center,"Medical Allied Career Center, Santa Fe Springs"
0743278000555950080,488217,Medical Career & Technical College,"Medical Career & Technical College, Richmond"
0743278017677099008,493479,Medical Career College of Northern California,"Medical Career College, Roseville"
0743278031577022464,498757,Medical Solutions Academy,Medical Solutions Academy
0743278032961142784,455831,Medical Institute of Palm Beach,"Medical Institute of Palm Beach, Greenacres"
0743278044025716736,203942,Medina County Career Center,Medina County Career Center
0743278064745578496,497204,Mei Barber School,"Mei Barber School, Brownsville"
0743278070437249024,476993,Medspa Academies,"NIMA Institute, South Jordan"
0743278071028645888,497310,Medspa Academies-National Institute of Modern Aesthetics,"Medspa Academies, National Institute of Modern Aesthetics"
0743278090016260096,135559,Merryfield Academy,"Merryfield Academy, Oakland Park"
0743278101504458752,457952,Metro Beauty Academy,"Metro Beauty Academy, Allentown"
0743278123008655360,441575,Metropolitan Learning Institute,"Metropolitan Learning Institute, Rego Park"
0743278126867415040,204158,Miami Valley Career Technology Center,"Miami Valley Career Technology Center, Englewood"
0743278151206961152,374592,MCVSD,Montclair County Vocational School
0743278156877660160,172422,Michigan Career and Technical Institute,Michigan Career and Technical Institute
0743278185453453312,381370,Michigan College of Beauty-Troy,"Michigan College of Beauty, Troy"
0743278188192333824,170611,Michigan College of Beauty-Monroe,"Michigan College of Beauty, Monroe"
0743278194873860096,436650,Medical Training College,"Medical Training College, Baton Rouge"
0743278209537146880,418320,Mid-America Technology Center,Mid-America Technology Center
0743278215144931328,494728,Michael's Barber & Hair Stylist Academy,"Michael's Barber & Hair Stylist Academy, Irving, TX"
0743278215530807296,423412,Mid Cities Barber College,"Mid-Cities Barber College, Grand Prairie"
0743278238968578048,487816,Midfield Institute of Cosmetology,"Midfield Institute of Cosmetology, Midfield"
0743278239052464128,493831,Midwest Barber College,"Midwest Barber College, Topeka"
0743278245180342272,389860,Mid-EastCTC-Adult Education,"Mid-East Career and Technical Center, Adult Education"
0743278258157518848,366632,Mercer County Career Center,"Mercer County Career Center, Mercer"
0743278282253795328,418481,Mifflin County Academy of Science and Technology,Mifflin County Academy of Science and Technology
0743278312935129088,454555,Milan Institute of Cosmetology-Reno,"Milan Institute, Reno"
0743278352378363904,449904,Milan Institute of Cosmetology-San Antonio Military,Milan Institute
0743278388612956160,431017,Mid-Del Technology Center,Mid-Del Technology Center
0743278431671681024,482097,Midwest Technical Institute-Missouri,"Midwest Technical Institute, Springfield"
0743278432648953856,437556,Midwest Technical Institute-Illinois,"Midwest Technical Institute, Springfield"
0743278451695288320,460534,Milan Institute of Cosmetology-El Paso,"Milan Institute of Cosmetology, El Paso"
0743278463498059776,457077,Milan Institute-Bakersfield,"Milan Institute, Bakersfield"
0743278464575995904,460525,Milan Institute-Boise,"Milan Institute, Boise"
0743278482972213248,448895,Milan Institute-Clovis,"Milan Institute, Clovis"
0743278496775667712,475325,Milan Institute-Las Vegas,"Milan Institute, Las Vegas"
0743278499317415936,482060,Milan Institute-Merced,"Milan Institute, Merced"
0743278512865017856,442657,Milan Institute-Palm Desert,"Milan Institute, Palm Desert"
0743278528878870528,437778,Milan Institute-San Antonio Ingram,"Milan Institute, San Antonio"
0743278530950856704,443669,Milan Institute-Sparks,"Milan Institute, Sparks"
0743278543156281344,112288,Milan Institute-Visalia,"Milan Institute, Visalia"
0743278546817908736,454546,Milan Institute of Cosmetology-Vacaville,"Milan Institute of Cosmetology, Vacaville"
0743278563230220288,425986,Mildred Elley-Pittsfield Campus,"Mildred Elley, Pittsfield Campus"
0743278566921207808,491394,Miller-Motte College-STVT-Arlington,"Miller-Motte College, Arlington"
0743278576505192448,456931,Miller-Motte College-STVT-Corpus Christi,"Miller-Motte College, Corpus Christi"
0743278581706129408,440855,Milan Institute-Amarillo,"Milan Institute, Amarillo"
0743278583023140864,228219,Miller-Motte College-STVT-McAllen,"South Texas Vocational Technical Institute, McAllen"
0743278586546356224,483887,Mind Body Institute,"Mind Body Institute, Nashville"
0743278600647606272,460172,Miller-Motte College-STVT-San Antonio,"Miller-Motte College, San Antonio"
0743278610265145344,455105,Mississippi Institute of Aesthetics Nails & Cosmetology,"Mississippi Institute of Aesthetics, Nails, and Cosmetology"
0743278618725056512,488299,Mission Beauty Institute,"Mission Beauty Institute, Mission"
0743278626094448640,199005,Mitchells Academy,Mitchells Academy
0743278635389026304,413972,Mitchells Academy,Mitchells Academy
0743278640304750592,178077,Missouri College of Cosmetology and Esthetics,Merrell University of Beauty Arts & Science
0743278646084501504,486202,Mingo Extended Learning Center,"Mingo County Schools, Delbarton"
0743278648072601600,476902,Mitsu Sato Hair Academy,"Mitsu Sato Hair Academy, Overland Park"
0743278675545292800,118958,Modern Beauty Academy,"Modern Beauty Academy, Oxnard"
0743278679173365760,490249,Mobile Technical Training,"Mobile Technical Training, South Hackensack"
0743278705656201216,242954,Modern Hairstyling Institute-Arecibo,"Modern Hairstyling Institute, Arecibo"
0743278707350700032,242945,Modern Hairstyling Institute-Bayamon,"Modern Hairstyling Institute, Bayamón"
0743278709317828608,493761,MIXED Institute of Cosmetology & Barber,"Mixed Institute of Cosmetology & Barber, Sacramento, CA"
0743278734072610816,193265,Modern Welding School,"Modern Welding School, Schenectady"
0743278735997796352,438337,Modern Hairstyling Institute-Carolina,"Modern Hairstyling Institute, Carolina"
0743278740636696576,174321,Model College of Hair Design,"Model College of Hair Design, Saint Cloud"
0743278744797446144,118994,Moler Barber College,"Moler Barber College, Oakland"
0743278764963659776,457749,Montana Academy of Salons,"Montana Academy of Salons, Great Falls"
0743278770500141056,451459,Monroe 2 Orleans BOCES-Center for Workforce Development,"Monroe 2 Orleans, Center for Workforce Development"
0743278772270137344,368647,Mineral County Vocational Technical Center,"Mineral County Vocational Technical Center, Keyser"
0743278791811399680,163408,Montgomery Beauty School,"Montgomery Beauty School, Silver Spring"
0743278801709957120,444662,Moore Career College,"Moore Career College, Baton Rouge"
0743278804016824320,493655,Montana Barber Institute,Montana Barber Institute
0743278808295014400,433040,Monty Tech,Montachusett Regional Vocational Technical School
0743278821595152384,483470,More Tech Institute,"More Tech Institute, Miami"
0743278828851298304,365763,Morris County Vocational School District,Morris County Vocational School District
0743278837537701888,496478,Motion Picture Institute,"Motion Picture Institute, Troy"
0743278855099252736,414124,Motoring Technical Training Institute,"Motoring Technical Training Institute, Seekonk"
0743278856630173696,498003,Montgomery Beauty School-Baltimore Beauty & Barber School,"Montgomery Beauty School, Baltimore"
0743278856911192064,479062,MotoRing Technical Training Institute,"MotoRing Technical Training Institute, East Providence"
0743278861252296704,448275,Mountain State School of Massage,"Mountain State School of Massage, Charleston"
0743278880885833728,448248,Mountainland Technical College,"Mountainland Technical College, Lehi"
0743278886283902976,249061,Ms Roberts Academy of Beauty Culture,"Ms. Roberts Academy of Beauty Culture, Hillside"
0743278891417731072,376631,Mr Wayne's School of Unisex Hair Design,Mr. Wayne's School of Unisex Hair Design
0743278898569019392,382258,Mt. Diablo Adult Education-Mt. Diablo USD,"Mt. Diablo Adult Education, Concord"
0743278911869157376,406486,Myotherapy Massage College,"Myotherapy Massage College, Salt Lake City"
0743278922115842048,448123,MyrAngel Beauty Institute,"MyrAngel Beauty Institute, San Lorenzo"
0743278934891692032,237561,Monongalia County Technical Education Center,"Monongalia County Technical Education Center, Morgantown"
0743278953703145472,142489,Nathan Layne Institute of Cosmetology,"Nathan Layne Institute, Chubbuck"
0743278964893548544,204334,National Beauty College,"National Beauty College, Canton"
0743278977715535872,439747,My Le's Beauty College,"My-Le's Beauty College, Sacramento"
0743278981993725952,371964,National Career Education,National Career Education
0743278999395893248,457767,National Career Institute,"National Career Institute, East Orange"
0743279009692909568,119553,National Holistic Institute,"National Holistic Institute, Emeryville"
0743279022661697536,496618,National Institute for Medical Assistant Advancement (NIMAA),"National Institute for Medical Assistant Advancement, Denver"
0743279028550500352,148955,National Latino Education Institute,National Latino Education Institute
0743279037148823552,488280,National Personal Training Institute,"National Personal Training Institute, Orlando"
0743279040483295232,457606,My Le's Beauty College,"My-Le's Beauty College, Gretna"
0743279047382925312,491589,Mystros Barber Academy,"Mystros Barber Academy, Houston"
0743279054228029440,488110,Natural Images Beauty College,"Natural Images Beauty College, Clute"
0743279054827814912,490018,National Personal Training Institute-Tampa,"National Personal Training Institute, Tampa"
0743279089346936832,449685,New Age Training,"New Age Training, New York"
0743279091179847680,178527,Neosho Beauty College,"Neosho Beauty College, Neosho"
0743279099119665152,483258,Networks Barber College,"Networks Barber College, Calumet City"
0743279115435507712,485591,New Beginnings Beauty Academy,"New Beginnings Beauty Academy, Pine Bluff"
0743279118761590784,483513,Neecee's Barber College,"NeeCee's Barber and Cosmetology College, Abilene"
0743279120305094656,101277,New Beginning College of Cosmetology,"New Beginning College of Cosmetology, Albertville"
0743279129964576768,437723,New Community Career & Technical Institute,"New Community Career & Technical Institute, Newark"
0743279134494425088,182999,New England School of Hair Design,"New England School of Hair Design, West Lebanon"
0743279141071093760,491668,Neo-Esthetique European Institute,"Neo-Esthetique European Institute, San Juan"
0743279147953946624,439774,New Concept Massage and Beauty School,"New Concept Massage and Beauty School, Miami"
0743279154794856448,129932,New England Tractor Trailer Training School of Connecticut,"New England Tractor Trailer Training School of Connecticut, Somers"
0743279165737795584,468963,New England Tractor Trailer Training School of Massachusetts,New England Tractor Trailer Training School of Massachusetts
0743279171001647104,183035,New Hampshire Institute for Therapeutic Arts,"New Hampshire Institute for Therapeutic Arts, Nashua"
0743279173061050368,217323,New England Tractor Trailer Training School of Rhode Island,"New England Tractor Trailer Training School of Rhode Island, Pawtucket"
0743279174961070080,480903,New England Tractor Trailer Training School of CT-Bridgeport,"New England Tractor Trailer Training School, Bridgeport"
0743279198629527552,107442,New Tyler Barber College Inc,"New Tyler Barber College, North Little Rock"
0743279205558517760,431071,New York Institute of Massage Inc,"New York Institute of Massage, Williamsville"
0743279220356022272,475404,New York School of Esthetics & Day Spa,"New York School of Esthetics, White Plains"
0743279248155869184,492421,No Grease Barber School,"No Grease Barber School, Charlotte"
0743279256481562624,119951,North Adrian's College of Beauty Inc,"Adrian's College of Beauty, Modesto"
0743279285174796288,162371,North American Trade Schools,"North American Trade Schools, Baltimore"
0743279290526728192,132675,North Florida Technical College,"North Florida Technical College, Starke"
0743279295010439168,481243,New York Institute of Beauty,"New York Institute of Beauty, Islandia"
0743279312332914688,419280,New Dimensions School of Hair Design,"New Dimensions School of Hair Design, Joplin"
0743279314560090112,373678,New England Hair Academy,"New England Hair Academy, Malden"
0743279331488301056,418223,Northern Career Institute,"Northern Career Institute, Eastlake"
0743279340250202112,204431,Northern Institute of Cosmetology,"Northern Institute of Cosmetology, Lorain"
0743279353692946432,490744,Northern Technical College,"Northern Technical College, Pine Bluff"
0743279386236551168,461412,Northern Virginia School of Therapeutic Massage,Northern Virginia School of Therapeutic Massage
0743279424631209984,372028,North-West College-Glendale,"North-West College, Glendale"
0743279441270013952,120069,North-West College-Pomona,"North-West College, Pomona"
0743279449587318784,447892,North Florida Cosmetology Institute,"North Florida Cosmetology Institute, Tallahassee"
0743279457401307136,120087,North-West College-Van Nuys,"North-West College, Van Nuys"
0743279475046744064,369686,Northwest Educational Center,"Northwest Educational Center, Houston"
0743279483871559680,461962,Northeast Technical Institute,"Northeast Technical Institute, Scarborough"
0743279489697447936,461087,Northeast Technology Center,"Northeast Technology Center, Pryor"
0743279491878486016,434362,Northwest HVAC/R Training Center,"Northwest HVAC, Spokane"
0743279506319474688,366623,Northwest Technology Center-Alva,"Northwest Technology Center, Alva"
0743279519342788608,409032,Nouvelle Institute,"Nouvelle Institute, Miami"
0743279533645365248,459426,Nova Academy of Cosmetology,"Nova Academy of Cosmetology, Rochester"
0743279534593277952,418588,Northern Tier Career Center,"Northern Tier Career Center, Towanda"
0743279545485885440,174190,Nova Academy of Cosmetology Woodbury,"Nova Academy of Cosmetology, Woodbury"
0743279563974377472,377272,Nuvani Institute,"Nuvani Institute, San Antonio"
0743279583951847424,447980,Nuvo College of Cosmetology,"Nuvo College of Cosmetology, Norton Shores"
0743279604239695872,377281,Nuvani Institute,"Nuvani Institute, Eagle Pass"
0743279612431171584,231004,O'Briens Aveda Institute,"O'Briens Aveda Institute, Williston"
0743279668529987584,107488,Northwest Technical Institute,"Northwest Technical Institute, Springdale"
0743279684753555456,168573,Northwestern Technological Institute,"Northwestern Technological Institute, Southfield"
0743279690847879168,147819,Oehrlein School of Cosmetology,Oehrlein School of Cosmetology
0743279727061499904,443207,NTMA Training Centers of Southern California,"NTMA Training Centers of Southern California, Santa Fe Springs"
0743279739971567616,227313,Ogle School Hair Skin Nails-Arlington,"Ogle School, Arlington"
0743279779762929664,381404,Ogle School Hair Skin Nails-Dallas,"Ogle School, Dallas"
0743279783416168448,478591,Ogle School Hair Skin Nails-Denton,"Ogle School, Denton"
0743279799329357824,227298,Ocean Corporation,Ocean Corporation
0743279805645979648,431716,Ocean County Vocational-Technical School,"Ocean County Vocational-Technical School, Toms River"
0743279854933245952,227322,Ogle School Hair Skin Nails-Ft Worth,"Ogle School, Fort Worth"
0743279859022692352,248703,Ogle School Hair Skin Nails-Hurst,"Ogle School, Hurst"
0743279867780399104,480125,Ogle School Hair Skin Nails-San Antonio,"Ogle School, San Antonio"
0743279879092436992,230490,Ogden-Weber Technical College,Ogden-Weber Technical College
0743279918833467392,497161,Ohio Business College-Dayton-Driving Academy,"Ohio Business College, Dayton"
0743279929885458432,418269,Ohio Media School-Cincinnati,"Ohio Media School, Norwood"
0743279935392579584,484604,Ogle School Hair Skin Nails-Stafford,"Ogle School, Stafford"
0743279948977930240,497073,Ogle School Hair Skin Nails-Willowbrook,"Ogle School, Willowbrook"
0743279954422136832,453756,Ohio Media School-Columbus,"Ohio Media School, Columbus"
0743279966145216512,410797,Ohio Media School-Valley View,"Ohio Media School, Valley View"
0743279967550308352,155353,Old Town Barber College-Wichita,"Old Town Barber College, Wichita"
0743279980217106432,455859,Oliver Finley Academy of Cosmetology,"Oliver Finley Academy of Cosmetology, Boise"
0743279993181700096,460978,Ogle School Hair Skin Nails-North Dallas,"Ogle School, North Dallas"
0743279994838450176,187505,Olympian Academy of Cosmetology,Olympian Academy of Cosmetology
0743280000618201088,433068,Okaloosa Technical College,Okaloosa Technical College
0743280000861470720,439844,Omega Institute of Cosmetology,"Omega Institute of Cosmetology, Houma"
0743280023913365504,159601,Opelousas School of Cosmetology,Opelousas School of Cosmetology
0743280031207260160,136303,Orange Technical College,"Orange Technical College, Orlando"
0743280042586406912,455026,Omega Studios' School of Applied Recording Arts & Sciences,"Omega Recording Studios, Rockville"
0743280045199458304,440730,Onondaga Cortland Madison BOCES,"Onondaga, Cortland, Madison Counties BOCES"
0743280052300414976,417992,Orange Ulster BOCES-Practical Nursing Program,"Orange Ulster Boces, Practical Nursing Program"
0743280052338163712,444635,Orion Institute,"Orion Institute, Perrysburg"
0743280079483699200,407434,Orlo School of Hair Design and Cosmetology,"The Orlo School of Hair Design and Cosmetology, Albany"
0743280084017741824,214528,Orleans Technical College,Orleans Technical College
0743280091861090304,427991,Osceola Technical College,Osceola Technical College
0743280126396989440,185970,P B Cosmetology Education Center,"PB Cosmetology Education Center, Gloucester"
0743280187067596800,498881,One Stop Academy,"One Stop Academy, Fayetteville"
0743280201823158272,443216,P C Age-Jersey City,"Pcage, Jersey City"
0743280218306772992,447722,Palladium Technical Academy Inc,"Palladium Technical Academy, Temple City"
0743280236401000448,441593,Orleans Niagara BOCES-Practical Nursing Program,"Orleans Niagara BOCES, Practical Nursing Program"
0743280236526829568,449490,Palm Beach Academy of Health & Beauty,Palm Beach Academy of Health & Beauty
0743280242143002624,204963,Paramount Beauty Academy,"Paramount Beauty Academy, Portsmouth"
0743280273315069952,194259,Otsego Area BOCES-Practical Nursing Program,"Otsego Area BOCES, Practical Nursing Program"
0743280278012690432,455798,Oxford Academy of Hair Design Inc,"Oxford Academy of Hair Design, Seymour"
0743280312070438912,484190,Park Place Premier Barber School,"Park Place Premier Barber School, New Orleans"
0743280317061660672,160117,Pat Goins Beauty Schools formerly Paul Mitchell the School-Shreveport,"Pat Goins Beauty Schools, Shreveport"
0743280321792835584,434283,Pathway Vocational Academy,"Pathway Vocational Academy, Beaumont"
0743280430941208576,365125,Palomar Institute of Cosmetology,Palomar Institute of Cosmetology
0743280435336839168,186016,Parisian Beauty School,"Parisian Beauty School, Hackensack"
0743280457335963648,475486,Paul Mitchell the School-Arlington,"Paul Mitchell The School, Arlington"
0743280466974474240,483896,Parisian Spa Institute,"Parisian Spa Institute, Jacksonville"
0743280467381321728,391005,P&A Scholars Beauty School,"Panda Scholars Beauty School, Detroit"
0743280515741646848,457776,Paul Mitchell the School-Albuquerque,"Paul Mitchell The School, Albuquerque"
0743280625833738240,107789,Paul Mitchell the School-Arkansas,"Paul Mitchell The School, Fayetteville"
0743280650513022976,454926,Paul Mitchell the School-Atlanta,"Paul Mitchell the School, Atlanta"
0743280660986200064,456825,Paul Mitchell the School-Baton Rouge,"Paul Mitchell The School, Baton Rouge"
0743280661233664000,451565,Paul Mitchell the School-Austin,"Paul Mitchell The School, Austin"
0743280709178753024,454652,Paul Mitchell the School-Birmingham,"Paul Mitchell The School, Hoover"
0743280821284110336,260929,Paul Mitchell the School-Boise,"Paul Mitchell The School, Boise"
0743280843765579776,467872,Paul Mitchell the School-Charleston,"Paul Mitchell The School, North Charleston"
0743280854372974592,458274,Paul Mitchell the School-Chicago,"Paul Mitchell The School, Chicago"
0743280854389751808,455284,Paul Mitchell the School-Cincinnati,"Paul Mitchell The School, Cincinnati"
0743280902494224384,488989,Paul Mitchell the School-Clear Lake,"Paul Mitchell The School, Webster"
0743281014826074112,456065,Paul Mitchell the School-Cleveland,"Paul Mitchell The School, Twinsburg"
0743281038066712576,459286,Paul Mitchell the School-Colorado Springs,"Paul Mitchell The School, Colorado Springs"
0743281047164157952,467863,Paul Mitchell the School-Columbia,"Paul Mitchell The School, Columbia"
0743281048917377024,456074,Paul Mitchell the School-Columbus,"Paul Mitchell The School, Columbus"
0743281097063792640,442240,Paul Mitchell the School-Costa Mesa,"Paul Mitchell The School, Costa Mesa"
0743281209538248704,224156,Paul Mitchell the School-Dallas,"Paul Mitchell The School, Dallas"
0743281232443342848,459301,Paul Mitchell the School-Delaware,"Paul Mitchell The School, Newark"
0743281240701927424,482176,Paul Mitchell the School-Denver,"Paul Mitchell the School, Denver"
0743281242593558528,459231,Paul Mitchell the School-East Bay,"Paul Mitchell The School, East Bay"
0743281290597367808,454607,Paul Mitchell the School-Esani,"Paul Mitchell The School, Roswell"
0743281403017297920,484093,Paul Mitchell the School-Farmington Hills,"Paul Mitchell The School, Farmington Hills"
0743281426203410432,199689,Paul Mitchell the School-Fayetteville,"Paul Mitchell The School, Fayetteville"
0743281434642350080,495369,Paul Mitchell the School-Fort Lauderdale,"Paul Mitchell The School, Fort Lauderdale"
0743281435779006464,475547,Paul Mitchell the School-Fort Myers,"Paul Mitchell The School, Fort Myers"
0743281485175324672,459198,Paul Mitchell the School-Fresno,"Paul Mitchell The School, Fresno"
0743281597326819328,444486,Paul Mitchell the School-Gastonia,"Paul Mitchell The School, Gastonia"
0743281622362619904,172680,Paul Mitchell the School-Grand Rapids,"Paul Mitchell The School, Grand Rapids"
0743281632072433664,446288,Paul Mitchell the School-Great Lakes,"Paul Mitchell the School, Port Huron"
0743281633334919168,483337,Paul Mitchell the School-Greenville,"Paul Mitchell The School, Greenville"
0743281679044444160,249238,Paul Mitchell the School-Houston,"Paul Mitchell The School, Houston"
0743281793746075648,417008,Paul Mitchell the School-Huntsville,"Paul Mitchell The School, Huntsville"
0743281815728422912,461917,Paul Mitchell the School-Indianapolis,"Paul Mitchell The School, Indianapolis"
0743281818475692032,462008,Paul Mitchell the School-Las Vegas,"Paul Mitchell the School, Las Vegas"
0743281827107569664,136109,Paul Mitchell the School-Jacksonville,"Paul Mitchell The School, Jacksonville"
0743281827275341824,488749,Paul Mitchell the School-Jessup,"Paul Mitchell the School, Jessup"
0743281874847137792,248660,Paul Mitchell the School-Knoxville,"Paul Mitchell The School, Knoxville"
0743282008993562624,156426,Paul Mitchell the School-Lexington,"Paul Mitchell The School, Lexington"
0743282017440890880,106908,Paul Mitchell the School-Little Rock,"Paul Mitchell The School, North Little Rock"
0743282021781995520,448220,Paul Mitchell the School-Logan,"Paul Mitchell The School, Logan"
0743282022193037312,483328,Paul Mitchell the School-Lombard,"Paul Mitchell The School, Lombard"
0743282068884029440,156842,Paul Mitchell the School-Louisville,"Paul Mitchell The School, Louisville"
0743282202984316928,486983,Paul Mitchell the School-Madison,"Paul Mitchell The School, Madison"
0743282211674914816,456029,Paul Mitchell the School-Memphis,"Paul Mitchell The School, Memphis"
0743282215911161856,484109,Paul Mitchell the School-Merrillville,"Paul Mitchell The School, Merrillville"
0743282216573861888,451121,Paul Mitchell the School-Miami,"Paul Mitchell The School, Miami"
0743282233787285504,220491,Paul Mitchell the School-Murfreesboro,"Paul Mitchell The School, Murfreesboro"
0743282236677160960,177685,Paul Mitchell the School-Missouri Columbia,"Paul Mitchell the School, Columbia"
0743282262937698304,449977,Paul Mitchell the School-Michigan,"Paul Mitchell The School, Sterling Heights"
0743282396874407936,459578,Paul Mitchell the School-Milwaukee,"Paul Mitchell The School, Milwaukee"
0743282409469902848,459170,Paul Mitchell the School-Modesto,"Paul Mitchell the School, Modesto"
0743282427039842304,495794,Paul Mitchell the School-Murfreesboro-Nashville,"Paul Mitchell The School, Hendersonville"
0743282430881824768,488998,Paul Mitchell the School-Nampa,"Paul Mitchell The School, Nampa"
0743282462838226944,468893,Paul Mitchell the School-New Orleans,"Paul Mitchell The School, New Orleans"
0743282590550589440,457545,Paul Mitchell the School-Normal,"Paul Mitchell the School, Normal"
0743282604425347072,129349,Paul Mitchell the School-North Haven,"Paul Mitchell The School, North Haven"
0743282622007869440,495350,Paul Mitchell the School-North Tahoe,"Paul Mitchell the School, North Tahoe"
0743282624407011328,457855,Paul Mitchell the School-NYC,"Paul Mitchell The School, Staten Island"
0743282655868485632,445212,Paul Mitchell the School-Orlando,"Paul Mitchell The School, Orlando"
0743282784306462720,476984,Paul Mitchell the School-Overland Park,"Paul Mitchell The School, Overland Park"
0743282797401079808,454768,Paul Mitchell the School-Pasadena,"Paul Mitchell The School, Pasadena"
0743282815562416128,459116,Paul Mitchell the School-Phoenix,"Paul Mitchell The School, Phoenix"
0743282818104164352,183202,Paul Mitchell the School-Portsmouth,"Paul Mitchell The School, Portsmouth"
0743282848886161408,495411,Paul Mitchell the School-Provo,"Paul Mitchell The School, Provo"
0743282979354181632,475556,Paul Mitchell the School-Raleigh,"Paul Mitchell The School, Raleigh"
0743282990573944832,219125,Paul Mitchell the School-Rapid City,"Paul Mitchell The School, Rapid City"
0743283011004399616,476841,Paul Mitchell the School-Reno,"Paul Mitchell The School, Reno"
0743283012736647168,454944,Paul Mitchell the School-Rexburg,"Paul Mitchell The School, Rexburg"
0743283042553954304,443641,Paul Mitchell the School-Rhode Island,"Paul Mitchell The School, Rhode Island"
0743283172778704896,234924,Paul Mitchell the School-Richland,"Paul Mitchell The School, Richland"
0743283183931359232,231280,Paul Mitchell the School-Roanoke,"Paul Mitchell The School, Roanoke"
0743283203749445632,455761,Paul Mitchell the School-Sacramento,"Paul Mitchell the School, Sacramento"
0743283207419461632,230214,Paul Mitchell the School-Salt Lake City,"Paul Mitchell The School, Salt Lake City"
0743283236213358592,451714,Paul Mitchell the School-San Antonio,"Paul Mitchell The School, San Antonio"
0743283366526189568,449968,Paul Mitchell the School-San Diego,"Paul Mitchell The School, San Diego"
0743283377569792000,495077,Paul Mitchell the School-San Jose,"Paul Mitchell The School, San Jose"
0743283397555650560,484011,Paul Mitchell the School-Schenectady,"Paul Mitchell The School, Schenectady"
0743283405159923712,449986,Paul Mitchell the School-Sherman Oaks,"Paul Mitchell The School, Sherman Oaks"
0743283432167047168,462071,Paul Mitchell the School-Spokane,"Paul Mitchell The School, Spokane Valley"
0743283560521138176,455080,Paul Mitchell the School-Springfield,"Paul Mitchell The School, Springfield"
0743283571791233024,461421,Paul Mitchell the School-St Louis,"Paul Mitchell The School, St. Louis"
0743283582125998080,143376,Paul Mitchell the School-Tinley Park,"Paul Mitchell the School, Tinley Park"
0743283590732709888,421610,Paul Mitchell the School-St. George,"Paul Mitchell the School, Saint George"
0743283602162188288,449959,Paul Mitchell the School-Tampa,"Paul Mitchell The School, Tampa"
0743283623968374784,449995,Paul Mitchell the School-Tysons Corner,"Paul Mitchell the School, Tysons Corner"
0743283625461547008,457323,Paul Mitchell the School-Temecula,"Paul Mitchell the School, Temecula"
0743283765391917056,485032,Paul Mitchell the School-Toledo,"Paul Mitchell The School, Toledo"
0743283777085636608,486567,Paul Mitchell the School-Tulsa,"Paul Mitchell The School, Tulsa"
0743283786266968064,457493,Paul Mitchell the School-Twin Falls,"Paul Mitchell The School, Twin Falls"
0743283792801693696,480930,Paul Mitchell the School-Woodbridge,"Paul Mitchell The School, Woodbridge"
0743283806827446272,443225,PC AGE-Metropark,"PC Age, Iselin"
0743283809960591360,443979,PCI Academy-Plymouth,"PCI Academy, Plymouth"
0743283816944107520,369783,PCI Health Training Center,"PCI Health Training Center, Dallas"
0743283817657139200,408066,Paul Mitchell the School-Wichita,"Paul Mitchell The School, Wichita"
0743283842361589760,449533,Pensacola School of Massage Therapy & Health Careers,"Pensacola School of Massage Therapy, Health Careers"
0743283843091398656,460914,Penrose Academy,"Penrose Academy, Scottsdale"
0743283844420993024,490735,Peloton College,Peloton College
0743283870530535424,497471,Personal Touch Beauty and Barber College,Personal Touch Beauty and Barber College
0743283880412315648,491534,Pets Playground Grooming School,"Pets Playground Grooming School, Pompano Beach"
0743283893519515648,495244,Pearlands Innovative School of Beauty,Pearland's Innovative School of Beauty
0743283902143004672,488396,Phipps Academy of Barbering,"Phipps Academy of Barbering, Richton Park"
0743283960599019520,498696,Phoenix Institute,"Phoenix Education Group, Gainesville"
0743283993645940736,483823,Philadelphia Technician Training,Philadelphia Technician Training
0743284012461588480,418199,Penta County Joint Vocational School,"Penta County Joint Vocational School, Perrysburg"
0743284035228270592,160199,Pineville Beauty School,"Pineville Beauty School, Pineville"
0743284059332935680,408163,Pinnacle Institute of Cosmetology,"Pinnacle Institute of Cosmetology, Mooresville"
0743284087497687040,488147,PiBerry Institute,"PiBerry Institute, Homestead"
0743284096381222912,407513,Pickaway Ross Joint Vocational School District,Pickaway Ross Joint Vocational School District
0743284118824943616,418913,Pipo Academy of Hair Design,"Pipo Academy of Hair Design, El Paso"
0743284149225259008,373216,Pivot Point Academy,"Pivot Point Academy, Bloomingdale"
0743284154145177600,409537,Pike County Joint Vocational School District,"Pike County Joint Vocational School District, Piketon"
0743284188110651392,156310,PJ's College of Cosmetology-Bowling Green,"PJ's College of Cosmetology, Bowling Green"
0743284188144205824,261773,Pike-Lincoln Technical Center,"Pike-Lincoln Technical Center, Eolia"
0743284189326999552,150853,PJ's College of Cosmetology-Clarksville,"PJ's College of Cosmetology, Clarksville"
0743284212777353216,493576,PMCA Pittsburgh Multicultural Cosmetology Academy,PMCA Pittsburgh Multicultural Cosmetology Academy
0743284216644501504,152150,PJ's College of Cosmetology-Richmond,"PJ's College of Cosmetology, Richmond"
0743284218473218048,156754,PJ's College of Cosmetology-Glasgow,"PJ's College of Cosmetology, Glasgow"
0743284244758921216,372082,Pomona Unified School District Adult and Career Education,Pomona Unified School District Adult and Career Education
0743284246814130176,491473,Polytech Adult Education,Polytech Adult Education
0743284253030088704,407522,Pioneer Career and Technology Center,"Pioneer Career and Technology Center, Shelby"
0743284282520240128,364627,Pioneer Technology Center,"Pioneer Technology Center, Ponca City"
0743284288186744832,178828,Poplar Bluff Technical Career Center,Poplar Bluff Technical Career Center
0743284290812379136,245980,Ponca City Beauty College,Ponca City Beauty College
0743284305442111488,171775,Port Huron Cosmetology College,"Michigan College of Beauty, Waterford"
0743284338522587136,364636,Portage Lakes Career Center,"Portage Lakes Career Center, Uniontown"
0743284364858621952,492315,Poway Adult School,Poway Adult School
0743284407095263232,390905,Polaris Career Center,"Polaris Career Center, Middleburg Heights"
0743284411390230528,486576,PPG Technical College,"PPG Technical College, Caguas"
0743284440825856000,206905,Pontotoc Technology Center,"Pontotoc Technology Center, Ada"
0743284441459195904,430582,Praxis Institute,"Praxis Institute, Miami"
0743284469816885248,498410,Premier Barber School,"Premier Barber School, Houston"
0743284472090198016,488369,Premier Barber Institute,"Premier Barber Institute, Norristown"
0743284484505337856,130174,Porter & Chester Institute,"Porter & Chester Institute, Bridgeport"
0743284498996658176,129002,Porter & Chester Institute of Hamden,"Porter & Chester Institute, Hamden"
0743284509012656128,495262,Premiere Aesthetics Institute,"Premiere Aesthetics Institute, Bend"
0743284511176916992,499361,Premiere Aesthetics Institute-Meridian,"Premiere Aesthetics Institute, Meridian"
0743284518751830016,481368,Prestige Health & Beauty Sciences Academy,Prestige Health & Beauty Sciences Academy
0743284554709598208,417840,Prism Career Institute-Philadelphia,"Prism Career Institute, Philadelphia"
0743284556370542592,430403,Prism Career Institute-West Atlantic City,"Prism Career Institute, West Atlantic City"
0743284576062799872,493628,Pro Beauty Academy,"Pro Beauty Academy, Edison"
0743284587513249792,139506,Pro Way Hair School,"Pro Way Hair School, Stone Mountain"
0743284601979404288,495138,Professional Culinary Academy,"Professional Culinary Academy, Buffalo"
0743284607482331136,493691,Premier Academy of Cosmetology,"Premier Academy of Cosmetology, McAlester"
0743284611148152832,121433,Professional Institute of Beauty,"Professional Institute of Beauty, El Monte"
0743284630056075264,409193,Professional Technical Institution,"Professional Technical Institution, Bayamón"
0743284634481065984,148098,Professional's Choice Hair Design Academy,"Professional's Choice Hair Design Academy, Joliet"
0743284635554807808,457466,Profile Institute of Barber-Styling,"Profile Institute of Barbering, Atlanta"
0743284653036666880,461944,Protege Academy,Protege Academy
0743284676973559808,487083,Protege Academy,"Protege Academy, Mt. Pleasant"
0743284678844219392,499538,Puerto Rico Advance Institute,Puerto Rico Advance Institute
0743284690076565504,461713,Pure Aesthetics Natural Skincare School,"Pure Aesthetics Natural Skincare School, Tucson"
0743284690319835136,418764,Quality Technical and Beauty College,"Quality Technical and Beauty College, Bayamón"
0743284700033843200,491853,Princess Institute of Beauty,"Princess Institute of Beauty, Reedley"
0743284702579785728,420130,Prism Career Institute-Cherry Hill,"Prism Career Institute, Cherry Hill"
0743284705691959296,376677,Queen City College,"Queen City College, Clarksville"
0743284708032380928,237491,Ralph R Willis Career and Technical Center,"Ralph R. Willis Career and Technical Center, Stollings"
0743284744493465600,152275,Ravenscroft Beauty College,"Ravenscroft Beauty College, Fort Wayne"
0743284751183380480,490531,Ray J's College of Hair,Ray J's College of Hair
0743284777297117184,475653,Reflections Academy of Beauty,"Reflections Academy of Beauty, Decatur"
0743284779402657792,114637,Redondo Beach Beauty College,"Redondo Beach Beauty College, Torrance"
0743284807118618624,487889,Regional Center for Border Health,"College of Health Careers, Somerton"
0743284808557264896,488183,Regina Webb Academy,Regina Webb Academy
0743284836877205504,458104,Renaissance Academie,"Renaissance Academie, Provo"
0743284837271470080,498863,Renaissance Beauty Academy,"Renaissance Beauty Academy, Cape Girardeau"
0743284842547904512,136765,Ridge Technical College,"Ridge Technical College, Winter Haven"
0743284871006257152,419420,Putnam Career and Technical Center,"Putnam Career and Technical Center, Eleanor"
0743284894272061440,486406,Randolph Technical Center,"Randolph Technical Center, Elkins"
0743284902211878912,250993,Red River Technology Center,"Red River Technology Center, Duncan"
0743284921874776064,496663,Riggins Urban Barber College,"Riggins Urban Barber College, San Diego"
0743284928052985856,419235,Rivertown School of Beauty Barber Skin Care and Nails,"Rivertown School of Beauty, Barber, Skin Care and Nails"
0743284930443739136,481191,Riverside County Office of Education-School of Career Education,"Riverside County Office of Education, School of Career Education"
0743284948802207744,185466,Rizzieri Aveda School for Beauty and Wellness,"Rizzieri Aveda School, Voorhees"
0743285028271685632,168032,Rob Roy Academy-Taunton,"Rob Roy Academy, Taunton"
0743285032205942784,491701,Rexburg College of Massage Therapy,Rexburg College of Massage Therapy
0743285064397225984,186274,Robert Fiance Beauty Schools,Robert Fiance Beauty Schools
0743285065106063360,485704,River Valley School of Massage,"River Valley School of Massage, Russellville"
0743285093023350784,373696,Rob Roy Academy-Worcester,"Rob Roy Academy, Worcester"
0743285094491357184,185767,Robert Fiance Beauty Schools-West New York,"Robert Fiance Beauty Schools, West New York"
0743285096487845888,383279,Robert Fiance Beauty Schools-North Plainfield,"Robert Fiance Beauty Schools, North Plainfield"
0743285121108410368,165750,Rob Roy Academy-Fall River,"Rob Roy Academy, Fall River"
0743285123994091520,167039,Rob Roy Academy-New Bedford,"Rob Roy Academy, New Bedford"
0743285132546277376,418083,Rockland County BOCES-Practical Nursing Program,"Rockland County BOCES, Practical Nursing Program"
0743285133175422976,105677,Roberto-Venn School of Luthiery,Roberto-Venn School of Luthiery
0743285144621678592,261685,Ross Medical Education Center-Ann Arbor,"Ross Medical Education Center, Ann Arbor"
0743285146051936256,369446,Rosel School of Cosmetology,Rosel School of Cosmetology
0743285154625093632,480550,Ross Medical Education Center-Bowling Green,"Ross Medical Education Center, Bowling Green"
0743285168390799360,460127,Ross Medical Education Center-Canton,"Ross Medical Education Center, Canton"
0743285170592808960,456515,Ross Medical Education Center-Battle Creek,"Ross Education, Battle Creek"
0743285172681572352,261676,Ross Medical Education Center-Brighton,"Ross Medical Education Center, Brighton"
0743285175865049088,481906,Ross Medical Education Center-Charleston,"Ross Medical Education Center, Charleston"
0743285188095639552,203234,Ross Medical Education Center-Cincinnati,"Ross Medical Education Center, Cincinnati"
0743285191090372608,460093,Ross Medical Education Center-Davison,"Ross Medical Education Center, Davison"
0743285195028824064,480523,Ross Medical Education Center-Dayton,"Ross Medical Education Center, Dayton"
0743285196702351360,488952,Ross Medical Education Center-Elyria,"Ross Medical Education Center, Elyria"
0743285208316379136,481890,Ross Medical Education Center-Erlanger,"Ross Medical Education Center, Erlanger"
0743285214544920576,484349,Ross Medical Education Center-Evansville,"Ross Medical Education Center, Evansville"
0743285214918213632,172015,Ross Medical Education Center-Flint,"Ross Medical Education Center, Flint"
0743285220244979712,460109,Ross Medical Education Center-Granger,"Ross Medical Education Center, Granger"
0743285228608421888,486707,Ross Medical Education Center-Huntsville,"Ross Medical Education Center, Huntsville"
0743285234191040512,365833,Ross Medical Education Center-Kentwood,"Ross Medical Education Center, Kentwood"
0743285234807603200,484358,Ross Medical Education Center-Johnson City,"Ross Medical Education Center, Johnson City"
0743285241392660480,486716,Ross Medical Education Center-Knoxville,"Ross Medical Education Center, Knoxville"
0743285249739325440,481863,Ross Medical Education Center-Kokomo,"Ross Medical Education Center, Kokomo"
0743285254369837056,488961,Ross Medical Education Center-Lafayette,"Ross Medical Education Center, Lafayette"
0743285257549119488,171988,Ross Medical Education Center-Lansing,"Ross Medical Education Center, Lansing"
0743285261420462080,488970,Ross Medical Education Center-Midland,"Ross Medical Education Center, Midland"
0743285271398711296,476230,Ross Medical Education Center-Morgantown,"Ross Medical Education Center, Morgantown"
0743285274519273472,486752,Ross Medical Education Center-Muncie,"Ross Medical Education Center, Muncie"
0743285278881349632,452072,Ross Medical Education Center-New Baltimore,"Ross Medical Education Center, New Baltimore"
0743285283784491008,460118,Ross Medical Education Center-Niles,"Ross Medical Education Center, Niles"
0743285290105307136,152309,Rogers Academy of Hair Design,"Rogers Academy of Hair Design, Evansville"
0743285292982599680,480532,Ross Medical Education Center-Ontario,"Ross Medical Education Center, Ontario"
0743285296354820096,484330,Ross Medical Education Center-Owensboro,"Ross Medical Education Center, Owensboro"
0743285301216018432,363013,Ross Medical Education Center-Port Huron,"Ross Medical Education Center, Port Huron"
0743285303585800192,490814,Ross Medical Education Center-Portage,"Ross Medical Education Center, Portage"
0743285310808391680,365824,Ross Medical Education Center-Roosevelt Park,"Ross Medical Education Center, Roosevelt Park"
0743285319788396544,247409,Ross Medical Education Center-Saginaw,"Ross Medical Education Center, Saginaw"
0743285322086875136,495165,Royal Learning Institute,"Royal Learning Institute, New York"
0743285328776790016,367158,Ross Medical Education Center-Taylor,"Ross Medical Education Center, Taylor"
0743285333000454144,171997,Ross Medical Education Center-Warren,"Ross Medical Education Center, Warren"
0743285334904668160,495396,Royal Learning Institute,"Royal Learning Institute, Jackson Heights"
0743285347823124480,446516,Rosslyn Training Academy of Cosmetology,"Rosslyn Training Academy of Cosmetology, Aguada"
0743285355444174848,459499,Sage School of Massage & Esthetics,"Sage School of Massage, Esthetics"
0743285359072247808,496052,Ruben's Five Star Academy,"Ruben's Five Star Academy, Lake Wales"
0743285364273184768,437857,Rudae's School of Beauty Culture-Ft Wayne,"Rudae's School of Beauty Culture, Fort Wayne"
0743285373580345344,179195,Salem College of Hairstyling,"Central College of Cosmetology, Salem College of Hairstyling"
0743285382702956544,485874,Salon Boutique Academy,"Salon Boutique Academy, Addison"
0743285389313179648,459532,Salon & Spa Institute,"Salon &amp; Spa Institute, Brownsville"
0743285402365853696,497426,Salon Professional Academy,"The Salon Professional Academy, Howell"
0743285406845370368,491835,Salon Professional Academy of San Antonio,"Salon Professional Academy, San Antonio"
0743285414873268224,497222,Salon Professional Academy-Elevate Salon Institute,"Elevate Salon Institute, Miami Beach"
0743285421194084352,121868,Salon Success Academy-Corona,"Salon Success Academy, Corona"
0743285425887510528,456588,Salon Success Academy-Fontana,"Salon Success Academy, Fontana"
0743285434540359680,456597,Salon Success Academy-Redlands,"Salon Success Academy, Redlands"
0743285439594496000,115357,Salon Success Academy-Riverside,"Salon Success Academy, Riverside"
0743285446213107712,121859,Salon Success Academy-Upland,"Salon Success Academy, Upland"
0743285453129515008,492953,Salon Success Academy-West Covina,"Salon Success Academy, West Covina"
0743285466601619456,491543,San Bernardino Beauty College,San Bernardino Beauty College
0743285470745591808,498766,Sami Halaseh Institute,"Sami Halaseh Institute, Andover"
0743285480954527744,454777,San Francisco Institute of Esthetics & Cosmetology Inc,San Francisco Institute of Esthetics & Cosmetology
0743285488961454080,498331,San Francisco School of Massage & Bodywork,San Francisco School of Massage and Bodywork
0743285500235743232,495934,San Joaquin Valley College-Delano,"San Joaquin Valley College, Delano"
0743285511237402624,495998,San Joaquin Valley College-Porterville,"San Joaquin Valley College, Porterville"
0743285513678487552,486442,Sandra Academy of Salon Services,"Sandra Academy of Salon Services, New Tazewell"
0743285528132059136,441876,"Rudy & Kelly Academy, A Paul Mitchell Partner School","Rudy & Kelly Academy, Virginia Beach"
0743285539712532480,461500,Santa Ana Beauty Academy,Santa Ana Beauty Academy
0743285545307734016,481128,Santa Ana Beauty College,"Santa Ana Beauty College, Santa Ana"
0743285548885475328,417646,Saline County Career Center,"Saline County Career Center, Marshall"
0743285552895229952,406149,Sarasota School of Massage Therapy,Sarasota School of Massage Therapy
0743285581324222464,131061,Schilling-Douglas School of Hair Design,"Schilling-Douglas School of Hair Design, Newark"
0743285582725120000,407577,Scioto County Career Technical Center,"Scioto County Career Technical Center, Lucasville"
0743285585350754304,215886,Schuylkill Technology Center,"Schuylkill Technology Center, Frackville"
0743285590048374784,215983,Sharon Regional School of Nursing,"Sharon Regional School of Nursing, Sharon"
0743285618020188160,481331,Sharp Edgez Barber Institute,"Sharp Edgez Barber Institute, Rochester"
0743285620821983232,107831,Searcy Beauty College,"Searcy Beauty College, Searcy"
0743285622759751680,228088,Seguin Beauty School-Seguin,"Seguin Beauty School, Seguin"
0743285639566327808,391759,Sharp's Academy of Hairstyling,"Sharp's Academy of Hairstyling, Grand Blanc"
0743285650505072640,121637,Shasta School of Cosmetology,"Shasta School of Cosmetology, Redding"
0743285660315549696,412535,Shawsheen Valley School of Practical Nursing,"Shawsheen Valley School of Practical Nursing, Billerica"
0743285672533557248,412544,Shear Ego International School of Hair Design,"Shear Ego International School of Hair Design, Rochester"
0743285677013073920,480842,Shear Finesse Beauty Academy,"Shear Finesse Beauty Academy, Jacksonville"
0743285692800434176,451167,Shear Excellence Hair Academy,"Shear Excellence Hair Academy, Tampa"
0743285693463134208,383330,Sandusky Career Center,"Sandusky Career Center, Sandusky"
0743285703466549248,186593,Shore Beauty School,"Shore Beauty School, Egg Harbor Township"
0743285713188945920,123350,Sierra College of Beauty,"Sierra College of Beauty, Merced"
0743285730452701184,496733,Sierra Academy of Style,"Sierra Academy of Style, Carson City"
0743285753382961152,444857,Skinworks School of Advanced Skincare,"Skinworks School of Advanced Skincare, Salt Lake City"
0743285760693633024,455381,Skin Science Institute,"Skin Science Institute, Sandy"
0743285774799077376,445957,Soma Institute-The National School of Clinical Massage Therapy,"Soma Institute, Chicago"
0743285800371748864,488891,South Dade Technical College-South Dade Skills Center Campus,"South Dade Technical College, Homestead"
0743285817656475648,439932,Shawnee Beauty College,"Shawnee Beauty College, Shawnee"
0743285835440324608,406325,Schuyler Steuben Chemung Tioga Allegany BOCES,"Schuyler Steuben Chemung Tioga Allegany BOCES, Elmira"
0743285843178815488,493637,South Eastern Beauty Academy,"South Eastern Beauty Academy, Paintsville"
0743285848530747392,443252,South Florida Institute of Technology,South Florida Institute of Technology
0743285860153163776,216074,South Hills Beauty Academy,"South Hills Beauty Academy, Pittsburgh"
0743285877676965888,455974,South Texas Training Center,"South Texas Training Center, Pharr"
0743285883754512384,228185,South Texas Barber College Inc,"South Texas Barber College, Corpus Christi"
0743285896316452864,460932,Skin Institute,"Skin Institute, Saint Louis"
0743285897113370624,456922,South Texas Vocational Technical Institute-Brownsville,"South Texas Vocational Technical Institute, Brownsville"
0743285910803578880,449807,Southeast Texas Career Institute,"Southeast Texas Career Institute, Silsbee"
0743285914175799296,228200,South Texas Vocational Technical Institute-Weslaco,"South Texas Vocational Technical Institute, Weslaco"
0743285944869715968,167871,Southeastern Technical Institute,"Southeastern Technical Institute, South Easton"
0743285945440141312,497435,Southern California College of Barber and Beauty,"Southern California College of Barber and Beauty, Escondido"
0743285954470477824,457943,Somerset County Technology Center,"Somerset County Technology Center, Somerset"
0743285975345528832,365198,Southern Oklahoma Technology Center,"Southern Oklahoma Technology Center, Ardmore"
0743285977933414400,207786,Southern School of Beauty Inc,"Southern School of Beauty, Durant"
0743285989790711808,481322,Southern Texas Careers Academy,"Southern Texas Careers Academy, Mission"
0743286001983553536,457624,Southern Worcester County Regional Vocational School District,Southern Worcester County Regional Vocational School District
0743286025933029376,417637,Southern Missouri Technical Institute,West Plains School District
0743286026071441408,228282,Southwest School of Business and Technical Careers-San Antonio,"Southwest School of Business and Technical Careers, San Antonio"
0743286040327880704,449816,Southwest Technical College,"Southwest Technical College, Cedar City"
0743286065971855360,445656,Spa Tech Institute-Plymouth,"Spa Tech Institute, Plymouth"
0743286089791307776,491923,Southeastern Esthetics Institute,"Southeastern Esthetics Institute, Elgin"
0743286107726151680,461856,Southern California Health Institute,"Southern California Health Institute, North Hollywood"
0743286115049406464,161527,Spa Tech Institute-Westbrook,"Spa Tech Institute, Westbrook"
0743286146611544064,216162,St Lukes Hospital School of Nursing,St. Luke's Hospital School of Nursing
0743286159601303552,179511,St Louis College of Health Careers-St Louis,"St. Louis College of Health Careers, Saint Louis"
0743286191905832960,491792,Stacey James Institute,"Stacey James Institute, Parker"
0743286220074778624,497888,Spa Tech Institute-North Andover,"Spa Tech Institute, North Andover"
0743286221475676160,368364,Southwest Technology Center,"Southwest Technology Center, Altus"
0743286223715434496,407151,Stage One-The Hair School,"Stage One, Lake Charles"
0743286249107750912,239877,State College of Beauty Culture Inc,"State College of Beauty Culture, Wausau"
0743286250684809216,462053,State Career College,State Career College
0743286259048251392,445647,Spa Tech Institute-Westboro,"Spa Tech Institute, Westborough"
0743286268359606272,233666,Staunton School of Cosmetology,Staunton School of Cosmetology
0743286274374238208,444529,Stellar Career College,"Stellar Career College, Modesto"
0743286279256408064,146807,Steven Papageorge Hair Academy,"Steven Papageorge Hair Academy, Chicago"
0743286285480755200,498553,Stellar Career College,"Stellar Career College, Chicago"
0743286298868973568,219453,Stewart School,"Stewart School, Sioux Falls"
0743286305806352384,160597,Stevensons Academy of Hair Design,"Stevensons Academy of Hair Design, New Orleans"
0743286309031772160,498368,Studio 75 Hair Academy,"Studio 75 Hair Academy, Millington"
0743286316745097216,434496,Strand College of Hair Design,"Strand College of Hair Design, Myrtle Beach"
0743286328715640832,455725,Studio Academy of Beauty,"Studio Academy of Beauty, Chandler"
0743286339251732480,485476,Studio Beauty School,"Studio Beauty School, Spokane Valley"
0743286340321280000,495226,St. Louis Med Tech,St. Louis Medical Technology
0743286343605420032,430564,Studio Jewelers,Studio Jewelers
0743286359925456896,236744,Stylemaster College of Hair Design,"Stylemasters College of Hair Design, Longview"
0743286370369273856,457572,Summit Salon Academy,"Summit Salon Academy, Anderson"
0743286377692528640,175120,Summit Academy Opportunities Industrialization Center,"Summit Academy Opportunities Industrialization Center, Minneapolis"
0743286382314651648,400080,Summit College,"Summit College, San Bernardino"
0743286389499494400,457420,Summit Salon Academy,"Summit Salon Academy, Tampa"
0743286394960478208,177603,Summit Salon Academy Kansas City,"Summit Salon Academy, Kansas City"
0743286397602889728,457439,Summit Salon Academy-Gainesville,"Summit Salon Academy, Gainesville"
0743286402761883648,446093,Sutter County Career Training Center,"Sutter County Career Training Center, Yuba City"
0743286409460187136,156967,Summit Salon Academy-Lexington,"Summit Salon Academy, Lexington"
0743286429538320384,462017,Summit Salon Academy-Kokomo,"Summit Salon Academy, Kokomo"
0743286432415612928,441672,Susquehanna County Career and Technology Center,Susquehanna County Career and Technology Center
0743286440888107008,233286,Sylvain Melloul International Hair Academy,Sylvain Melloul International Hair Academy
0743286456411226112,461494,Taylor Andrews Academy of Hair Design-West Jordan,"Taylor Andrews Academy, West Jordan"
0743286457426247680,484394,Taylor Andrews Academy of Hair Design-Provo,"Taylor Andrews Academy of Hair Design, Provo"
0743286469518426112,461926,Taylor Andrews Academy-St George,"Taylor Andrews Academy, St. George"
0743286477210779648,151564,Taylor Institute of Cosmetology II,"Taylor Institute of Cosmetology, Knox"
0743286479727362048,491066,Strand Institute of Beauty & Esthetics,"Strand Institute of Beauty, Esthetics"
0743286489412009984,451918,TC Beauty,Jenny Lea Academy
0743286501592268800,126915,Technical College of the Rockies,"Technical College of the Rockies, Delta"
0743286505614606336,497499,Technology Learning Center,"Technology Learning Center, Oxford"
0743286510043791360,457448,Tenaj Salon Institute,"Tenaj Salon Institute, The Villages"
0743286528964296704,458061,Texas Beauty College,"Texas Beauty College, Haltom City"
0743286531640262656,221829,Tennessee School of Beauty of Knoxville Inc,"Tennessee School of Beauty, Knoxville"
0743286533468979200,377315,Texas College of Cosmetology-Abilene,"Texas College of Cosmetology, Abilene"
0743286550988587008,487232,Texas College of Cosmetology-Lubbock,"Texas College of Cosmetology, Lubbock"
0743286553312231424,419633,Texas College of Cosmetology-San Angelo,"Texas College of Cosmetology, San Angelo"
0743286571469373440,368832,Thanh Le College School of Cosmetology,"Thanh Le College, School of Cosmetology"
0743286588389195776,210711,The  Beauty Institute,"The Beauty Institute, Whitehall"
0743286596349984768,497684,Sweetwater Institute of Cosmetology,"Sweetwater Institute of Cosmetology, Sweetwater"
0743286600850472960,496539,The  Salon Professional Academy of Holland,"The Salon Professional Academy, Holland"
0743286618781122560,455929,The Academy of Hair Design LLC,"The Academy of Hair Design, Oklahoma City"
0743286625823358976,438674,The Academy of Hair Design Six,"The Academy of Hair Design, Hattiesburg"
0743286638393688064,444404,The Beauty Institute,"The Beauty Institute, West Palm Beach"
0743286663001669632,216223,The Beauty Institute,"The Beauty Institute, Stroudsburg"
0743289578462380032,481526,The Chrysm Institute of Esthetics,The Chrysm Institute of Esthetics
0743289582325334016,210784,The Beauty Institute-Ambler,"The Beauty Institute, Ambler"
0743289603229745152,491251,The Culinary School of Fort Worth,"The Culinary School, Fort Worth"
0743289628202631168,476708,The Barber School,"The Barber School, Midvale"
0743289640789737472,483230,The Fab School,"The Fab School, Rancho Cucamonga"
0743289651346800640,220163,The Hair Academy LLC,"The Hair Academy, Fayetteville"
0743289663573196800,450650,The Institute of Beauty and Wellness,"Institute of Beauty and Wellness, Milwaukee"
0743289676231606272,498836,The Nurse Academy,"The Nurse Academy, National City"
0743289698423668736,497189,The Rapha School,The Rapha School
0743289724411576320,498359,The Salon Professional Academy,"The Salon Professional Academy, Collegeville"
0743289740140216320,488129,Textures Institute of Cosmetology,"Textures Institute of Cosmetology, Indianapolis"
0743289743134949376,440989,Texas Barber College,"Texas Barber College, Houston"
0743289755109687296,460987,The Salon Professional Academy,"The Salon Professional Academy, Little Rock"
0743289768862810112,219037,The Salon Professional Academy,"The Salon Professional Academy, Rapid City"
0743289773233274880,498298,The Salon Professional Academy Maplewood,"The Salon Professional Academy, Maplewood"
0743289777247223808,490443,The Esthetic Institute,"The Esthetic Institute, Vienna"
0743289782179725312,215530,The Salon Professional Academy-Altoona,"The Salon Professional Academy, Altoona"
0743289795735715840,451307,The Salon Professional Academy-Battle Creek,"The Salon Professional Academy, Battle Creek"
0743289802354327552,154545,The Salon Professional Academy-Cedar Falls,"The Salon Professional Academy, Cedar Falls"
0743289818200408064,459295,The Salon Professional Academy-Colorado Springs,"The Salon Professional Academy, Colorado Springs"
0743289821761372160,459392,The Salon Professional Academy-Evansville,"The Salon Professional Academy, Evansville"
0743289826614181888,459347,The Salon Professional Academy-Ft Myers,"The Salon Professional Academy, Fort Myers"
0743289845199142912,491996,The Salon Professional Academy-Georgetown,"The Salon Professional Academy, Georgetown"
0743289848508448768,461908,The Salon Professional Academy-Kenosha,"The Salon Professional Academy, Kenosha"
0743289850387496960,480976,The Salon Professional Academy-Huntsville,"The Salon Professional Academy, Huntsville"
0743289858545418240,495305,The Professional Cosmetology Academy,"The Professional Cosmetology Academy, Laredo"
0743289872592142336,458098,The Salon Professional Academy-Lewisville,"The Salon Professional Academy, Lewisville"
0743289876840972288,247047,The Salon Professional Academy-Nampa,"The Salon Professional Academy, Nampa"
0743289878325755904,385132,The Salon Professional Academy-Melbourne,"The Salon Professional Academy, Melbourne"
0743289885724508160,481340,The Salon Professional Academy-Nashville,"The Salon Professional Academy, Nashville"
0743289896189296640,460996,The Salon Professional Academy-St Charles,"The Salon Professional Academy, St. Charles"
0743289906612142080,484206,The Salon Professional Academy-San Jose,"The Salon Professional Academy, San Jose"
0743289907467780096,457837,The Salon Professional Academy-Tonawanda,"The Salon Professional Academy, Tonawanda"
0743289912454807552,494232,The Salon Professional Academy-Washington DC,"The Salon Professional Academy, Washington, D.C."
0743289941542305792,485360,The Vocational Nursing Institute Inc,"The Vocational Nursing Institute, Houston"
0743289963050696704,454962,The University of Aesthetics & Cosmetology,The University of Aesthetics and Cosmetology
0743289963650482176,492360,The Salon Professional Academy-Delray Beach,"The Salon Professional Academy, Delray Beach"
0743289970701107200,232919,Tidewater Tech-Trades,"Tidewater Tech, Norfolk"
0743289986538799104,206039,Tiffin Academy of Hair Design,Tiffin Academy of Hair Design
0743289998194769920,457332,TIGI Hairdressing Academy Guilford,"Ricci's TIGI Hairdressing Academy, Guilford"
0743290005392195584,484127,TIGI Hairdressing Academy Newtown,"TIGI Hairdressing Academy, Newtown"
0743290013738860544,443289,Tigi Hairdressing Academy-Colorado Springs,"Tigi Hairdressing Academy, Colorado Springs"
0743290021229887488,227058,Tint School of Makeup & Cosmetology,"Tint School of Makeup, Cosmetology"
0743290029073235968,418968,Tint School of Makeup and Cosmetology-Dallas,"Tint School of Makeup and Cosmetology, Dallas"
0743290044017541120,375540,Toledo Academy of Beauty Culture-East,"Toledo Academy of Beauty, Oregon, Ohio"
0743290047293292544,137865,Tom P. Haney Technical College,"Tom P. Haney Technical College, Panama City"
0743290051072360448,455965,Toni & Guy Hairdressing Academy-Cranston,"Toni & Guy Hairdressing Academy, Cranston"
0743290064120840192,476568,Tomorrow's Image Barber And Beauty Academy of Virginia,"Tomorrow's Image Barber and Beauty Academy, Newport News"
0743290072199069696,434344,Toni & Guy Hairdressing Academy-Worcester,"Toni & Guy Hairdressing Academy, Worcester"
0743290093724237824,487676,The Temple Annapolis-A Paul Mitchell Partner School,"The Temple Annapolis, A Paul Mitchell Partner School"
0743290121343729664,494719,Tonsorial Arts Barber College,"Tonsorial Arts Barber College, Texarkana"
0743290124942442496,235352,Toni & Guy Hairdressing Academy-Shoreline,"Toni & Guy Hairdressing Academy, Shoreline"
0743290157553156096,455901,The Temple-A Paul Mitchell Partner School,"The Temple, Frederick"
0743290161646796800,481100,Top Nails & Hair Beauty School,"Top Nails & Hair Beauty School, Taylorsville"
0743290201022922752,487807,Top of the Line Barber College,"Top of the Line Barber College, Charleston"
0743290213370953728,436775,Toni & Guy Hairdressing Academy-Plano,"Toni & Guy Hairdressing Academy, Plano"
0743290227891634176,455187,Total Image Beauty Academy,"Total Image Beauty Academy, Union City"
0743290243171483648,483735,Total Transformation Institute of Cosmetology,"Total Transformation Institute of Cosmetology, San Marcos"
0743290249219670016,491774,Transitions Career Institute School of Nursing,Transitions Career Institute School of Nursing
0743290268052094976,135522,Traviss Technical College,"Traviss Technical College, Lakeland"
0743290277799657472,497392,Top of the Line Barber School,"Top of the Line Barber School, San Antonio"
0743290292253229056,475723,Tooele Technical College,Tooele Technical College
0743290299236745216,443298,Trend Barber College,"Trend Barber College, Houston"
0743290312264253440,486150,Treasure Coast Technical College,"Treasure Coast Technical College, Vero Beach"
0743290312427831296,450711,Trend Barber College,"Trend Barber College, Houston"
0743290330530447360,451316,Trend Setters School,"Trend Setters School, Cape Girardeau"
0743290332535324672,447865,Trendsetters School of Beauty & Barbering,"Trendsetters School of Beauty & Barbering, Jacksonville"
0743290355905986560,495235,Total Beauty Institute,"Total Beauty Institute, Jacksonville"
0743290360259674112,482167,Trenz Beauty Academy,"Trenz Beauty Academy, Calumet City"
0743290360259674113,245281,Traxlers School of Hair,"Traxler's School of Hair, Jackson"
0743290366773428224,144573,Tricoci University of Beauty Culture,Tricoci University of Beauty Culture
0743290390932619264,367088,Tricoci University of Beauty Culture LLC-Bloomington,"Tricoci University of Beauty Culture, Bloomington"
0743290397148577792,470393,Tricoci University of Beauty Culture-Chicago NE,"Tricoci University of Beauty Culture, Chicago, Illinois"
0743290397425401856,455895,Tricoci University of Beauty Culture-Bridgeview,"Tricoci University of Beauty Culture, Bridgeview"
0743290399866486784,454971,Tricoci University of Beauty Culture-Chicago NW,"Tricoci University of Beauty Culture, Chicago, Illinois"
0743290425200082944,487533,Tricoci University of Beauty Culture-Elgin,"Tricoci University of Beauty Culture, Elgin"
0743290431252463616,150303,Tricoci University of Beauty Culture-Highland,"Tricoci University of Beauty Culture, Highland"
0743290431986466816,454980,Tricoci University of Beauty Culture-Glendale Heights,"Tricoci University of Beauty Culture, Glendale Heights"
0743293488304488448,414869,Tricoci University of Beauty Culture-Indianapolis,"Tricoci University of Beauty Culture, Indianapolis"
0743293491710263296,151607,Tricoci University of Beauty Culture-Lafayette,"Tricoci University of Beauty Culture, Lafayette"
0743293492347797504,491224,Tricoci University of Beauty Culture-Janesville,"Tricoci University of Beauty Culture, Janesville"
0743293494218457088,459408,Tri County Regional Vocational Technical High School,"Tri-County Regional Vocational Technical High School, Franklin"
0743293504213483520,455886,Tricoci University of Beauty Culture-Libertyville,"Tricoci University of Beauty Culture, Libertyville"
0743293506365161472,495730,Tricoci University of Beauty Culture-Normal,"Tricoci University of Beauty Culture, Normal"
0743293511272497152,455008,Tricoci University of Beauty Culture-Rockford,"Tricoci University of Beauty Culture, Rockford"
0743293513453535232,206181,Tri-Rivers Career Center,"Tri-Rivers Career Center, Marion"
0743293520294445056,407595,Trumbull Career & Technical Center,"Trumbull Career & Technical Center, Warren"
0743293521963778048,454999,Tricoci University of Beauty Culture-Peoria,"Tricoci University of Beauty Culture, Peoria"
0743293522999771136,402800,Tri-State Cosmetology Institute,"Tri-State Cosmetology Institute, El Paso"
0743293529479970816,447704,Tucson College of Beauty,Tucson College of Beauty
0743293530209779712,499705,Tulsa Welding School-Dallas Campus,"Tulsa Welding School, Irving"
0743293539735044096,476063,Tulsa Welding School-Jacksonville,"Tulsa Welding School, Jacksonville"
0743293541429542912,442329,Tulsa Welding School-Jacksonville,"Tulsa Welding School, Jacksonville"
0743293545976168448,486798,Tulsa Welding School-Houston,"Tulsa Welding School, Houston"
0743293552892575744,444936,Turning Point Beauty College,"Turning Point Beauty College, Chandler"
0743293556864581632,172495,Twin City Beauty College,"Twin City Beauty College, Saint Joseph"
0743293558118678528,206172,Tri-County Adult Career Center,"Tri-County Career Center, Nelsonville"
0743293560580734976,488837,U.S. Truck Driver Training School,U.S. Truck Driver Training School
0743293590540648448,377193,UCAS University of Cosmetology Arts & Sciences,"UCAS University of Cosmetology Arts and Sciences, San Antonio"
0743293603572350976,229425,UCAS University of Cosmetology Arts & Sciences-McAllen,"UCAS University of Cosmetology Arts & Sciences, McAllen"
0743293617644240896,482291,UEI College-Bakersfield,"UEI College, Bakersfield"
0743293622077620224,246415,UCAS University of Cosmetology Arts & Sciences-San Antonio 410,"UCAS University of Cosmetology Arts & Sciences, San Antonio"
0743293626238369792,447607,UEI College-Chula Vista,"UEI College, Chula Vista"
0743293642180919296,397942,UEI College-Fresno,"UEI College, Fresno"
0743293645368590336,468909,UEI College-Garden Grove,"UEI College, Garden Grove"
0743293655833378816,124681,UEI College-Huntington Park,"UEI College, Huntington Park"
0743293657922142208,496955,UEI College-Mesa,"UEI College, Mesa"
0743293666361081856,468848,UEI College-Oceanside,"UEI College, Oceanside"
0743293673101328384,384236,UEI College-Ontario,"UEI College, Ontario"
0743293681645125632,487481,UEI College-Phoenix,"UEI College, Phoenix"
0743293689748520960,384245,UEI College-Reseda,"UEI College, Reseda"
0743293692080553984,470038,UEI College-Riverside,"UEI College, Riverside"
0743293698166489088,475662,UCAS University of Cosmetology Arts & Sciences-La Joya,"UCAS University of Cosmetology Arts & Sciences, La Joya"
0743293702448873472,494357,UEI College-Sacramento,"UEI College, Sacramento"
0743293713161125888,497958,UEI College-Tacoma,"UEI College, Tacoma"
0743293715853869056,447616,UEI College-West Covina,"UEI College, West Covina"
0743293718018129920,480471,UEI College-Stockton,"UEI College, Stockton"
0743293718869573632,407683,UCAS University of Cosmetology Arts & Sciences-Harlingen,"UCAS University of Cosmetology Arts & Sciences, Harlingen"
0743293726410932224,481182,Ukiah Adult School,Ukiah Adult School
0743293728034127872,230676,Uintah Basin Technical College,Uintah Basin Technical College
0743293731666395136,469911,Unitech Training Academy-Alexandria,"Unitech Training Academy, Alexandria"
0743293741262962688,448646,Unitech Training Academy-Houma,"Unitech Training Academy, Houma"
0743293743536275456,444945,Unitech Training Academy-Lafayette,"Unitech Training Academy, Lafayette"
0743293743666298880,491084,Unitech Training Academy-Baton Rouge,"Unitech Training Academy, Baton Rouge"
0743293749638987776,487047,Unitech Training Academy-New Orleans,"Unitech Training Academy, New Orleans"
0743293754768621568,496919,United Education Institute-Las Vegas,"United Education Institute, Las Vegas"
0743293756630892544,447467,Unitech Training Academy-West Monroe,"Unitech Training Academy, West Monroe"
0743293762486140928,413893,United Education Institute-Morrow,"United Education Institute, Morrow"
0743293764226777088,497949,United Education Institute-Stone Mountain,"United Education Institute, Stone Mountain"
0743293770388209664,419031,United Technical Center,"United Technical Center, Clarksburg"
0743293772980289536,476799,Unitek College,"Unitek College, South San Francisco"
0743293776461561856,479424,Unitek College,"Unitek College, Hayward"
0743293781620555776,372240,Universal College of Beauty Inc-Los Angeles 2,"Universal College of Beauty, Los Angeles"
0743293786771161088,485573,Universal Healthcare Careers College,"Universal Healthcare Careers College, Los Angeles"
0743293789602316288,459374,Universal Spa Training Academy,Universal Spa Training Academy
0743293798410354688,476805,University Academy of Hair Design,"University Academy of Hair Design, Northport"
0743293799060471808,493910,Tuana European Beauty Academy,Tuana European Beauty Academy
0743293805096075264,454953,University of Aesthetics & Cosmetology,"University of Aesthetics & Cosmetology, Chicago"
0743293810297012224,481429,Universal Training Institute,"Universal Training Institute, Perth Amboy"
0743293816076763136,491233,Unlimited Cosmetology School,Unlimited Cosmetology School
0743293830622609408,149550,University of Spa & Cosmetology Arts,"University of Spa and Cosmetology Arts, Springfield"
0743293836607881216,498784,Upper Kutz Barber & Style College,"Upper Kutz Barber & Style College, Greenville"
0743293842068865024,206321,Upper Valley Career Center,"Upper Valley Career Center, Piqua"
0743293850415529984,491747,UR Beauty & Barber Academy,"UR Beauty & Barber Academy, Sebring"
0743293860028874752,493372,Urban Academy of Beauty,"Urban Academy of Beauty, Rio Rancho"
0743293866769121280,491756,Urban Barber College,"Urban Barber College, Concord"
0743293880803262464,443322,Valley Grande Institute for Academic Studies,"Valley Grande Institute for Academic Studies, Weslaco"
0743293895915339776,421717,Vanguard-Sentinel Adult Career and Technology Center,"Vanguard Sentinel Adult Career and Technology Center, Fremont"
0743293907164463104,418278,Vantage Career Center,"Vantage Career Center, Van Wert"
0743300182640164864,176433,Vaughn Beauty College,"Vaughn Beauty College, Aberdeen"
0743300191418843136,417910,Veeb Nassau County School of Practical Nursing,"Veeb Nassau County School of Practical Nursing, Hicksville"
0743300198389776384,108065,Velvatex College of Beauty Culture,"Velvatex College of Beauty Culture, Little Rock"
0743300228802674688,418524,Venango County Area Vocational Technical School,Venango Technology Center
0743300242807455744,107655,University of Aesthetics & Cosmetology,University of Aesthetics and Cosmetology
0743300249224740864,216579,Venus Beauty Academy,"Venus Beauty Academy, Sharon Hill"
0743300262000590848,481085,Verve College,"Verve College, Oak Brook"
0743300273451040768,485962,VH Barber & Styling Academy,VH Barber & Styling Academy
0743300288214990848,483744,Vibe Barber College,"Vibe Barber College, Memphis"
0743300294556778496,229522,Victoria Beauty & Barber College,Victoria Beauty & Barber College
0743300301309607936,451626,Victoria's Academy of Cosmetology,"Victoria's Academy of Cosmetology, Kennewick"
0743300308939046912,491899,Victory Career College,"Victory Career College, Carson"
0743300320729235456,152628,Vincennes Beauty College,"Vincennes Beauty College, Vincennes"
0743300358452805632,377485,Virginia Beach City Public Schools School of Practical Nursing,"Virginia Beach City Public Schools, School of Practical Nursing"
0743300368770793472,417123,Ventura Adult and Continuing Education,Ventura Adult and Continuing Education
0743300374667984896,476559,Vogue College of Cosmetology,"Vogue College of Cosmetology, San Antonio"
0743300380246409216,229656,Vogue College of Cosmetology-McAllen,"Vogue College of Cosmetology, McAllen"
0743300383853510656,492324,Vista Adult School,"Vista Adult School, Vista"
0743300386810494976,476540,Vogue College of Cosmetology-San Antonio Fredericksburg,"Vogue College of Cosmetology, San Antonio"
0743300388672765952,188289,Vogue College of Cosmetology-Santa Fe,"Vogue College of Cosmetology, Santa Fe"
0743300398659403776,491871,Vogue International Academy,Vogue International Academy
0743300405663891456,493770,Vski Cosmetology School,VSKI Cosmetology School
0743300415793135616,487065,Wade Gordon Hairdressing Academy-Lubbock,"Wade Gordon Hairdressing Academy, Lubbock"
0743300415843467264,476896,Wade Gordon Hairdressing Academy,"Wade Gordon Hairdressing Academy, Amarillo"
0743300424638922752,499608,Wade Gordon Hairdressing Academy-Oklahoma,"Wade Gordon Hairdressing Academy, Oklahoma City"
0743300428447350784,417831,Union County Vocational Technical School,"Union County Vocational Technical School, Scotch Plains"
0743300432327081984,461810,United Beauty College,"United Beauty College, Denver"
0743300434885607424,417655,Warrensburg Area Career Center,Warrensburg Area Career Center
0743300438866001920,373711,Upper Cape Cod Regional Technical School,"Upper Cape Cod Regional Technical School, Bourne"
0743300442997391360,155423,Washburn Institute of Technology,"Washburn Institute of Technology, Topeka"
0743300453659312128,418029,Washington Saratoga Warren Hamilton Essex BOCES-Practical Nursing Program,"Washington Saratoga Warren Hamilton Essex BOCES, Practical Nursing Program"
0743300460319866880,418250,Washington County Career Center-Adult Technical Training,"Washington County Career Center, Marietta"
0743300462190526464,407832,Warren County Career Center,"Warren County Career Center, Lebanon"
0743300464593862656,433138,Wayne County Schools Career Center,Wayne County Schools Career Center
0743300469257928704,457192,Washington Barber College Inc,"Washington Barber College Inc, Little Rock"
0743300471057285120,365505,Waynesville Career Center,Waynesville Career Center
0743300477675896832,216746,Welder Training and Testing Institute,"Welder Training and Testing Institute, Allentown"
0743300482432237568,418357,Wes Watkins Technology Center,"Wes Watkins Technology Center, Wetumka"
0743300483417899008,418001,Wayne Finger Lakes BOCES-Practical Nursing Program,"Wayne-Finger Lakes BOCES, Newark"
0743300494562164736,485801,Westchester School for Medical & Dental Assistants,"Westchester School for Medical and Dental Assistants, Ardsley"
0743300502279684096,368407,Western Area Career & Technology Center,"Western Area Career & Technology Center, Canonsburg"
0743300511029002240,197337,Westchester School of Beauty Culture,"Westchester School of Beauty Culture, Mount Vernon"
0743300518171901952,156134,Wichita Technical Institute,Wichita Technical Institute
0743300525264470016,365383,Wilkes-Barre Area Career and Technical Center Practical Nursing,"Wilkes-Barre Area Career and Technical Center, Practical Nursing"
0743300529190338560,418302,Western Technology Center,"Western Technology Center, Burns Flat"
0743300533174927360,226860,William Edge Institute,"William Edge Institute, New Braunfels"
0743300535922196480,488138,Williams Technical College,"Williams Technical College, Houma"
0743300541391568896,491783,Wilton Simpson Technical College,"Wilton Simpson Technical College, Brooksville"
0743300542540808192,491905,Winonah's International School of Cosmetology,"Winonah's International School of Cosmetology, Hoover"
0743300547834019840,238096,Wood County Technical Center-Practical Nursing,"Wood County Technical Center, Practical Nursing"
0743300552904933376,199980,Winston Salem Barber School,Winston Salem Barber School
0743300561880743936,481146,Woodruff Medical and Wellness Training,Woodruff Medical and Wellness Training
0743300575558369280,490142,World Class Academy of Beauty Careers,"World Class Academy of Beauty Careers, Tallahassee"
0743300586379673600,494700,Xtylo Beauty College,"Xtylo Beauty College, Phoenix"
0743300621817348096,486141,Westchester College of Nursing & Allied Health,"Westchester College of Nursing, Allied Health"
0743300631673962496,484136,Yahweh Beauty Academy,Yahweh Beauty Academy
0743300639148212224,418409,York County School of Technology-Adult & Continuing Education,"York County School of Technology, Adult & Continuing Education"
0743300647692009472,413820,Yukon Beauty College Inc,Yukon Beauty College
0743300654994292736,451237,Z Hair Academy,"Z Hair Academy, Overland Park"
0743300661445132288,496520,Zen Shiatsu Chicago,"Zen Shiatsu, Chicago"
0743300667661090816,495101,Zion Massage College,"Zion Massage College, St. George"
0743300683293261824,486248,ZMS The Academy,"ZMS The Academy, Los Angeles"
0743300692747223040,496423,Zorganics Institute of Beauty and Wellness,Zorganics Institute of Beauty and Wellness
0743300698136903680,498322,Xtylo Beauty College,"Xtylo Beauty College, Tolleson"
0743300705757954048,412173,Academy for Nursing and Health Occupations,Academy for Nursing and Health Occupations
0743300711160217600,485500,ABCO Technology,"ABCO Technology, Inglewood"
0743300723730546688,487658,Academy of Interactive Entertainment,"Academy of Interactive Entertainment, Lafayette"
0743300727622860800,482185,Academy of Interactive Entertainment,"Academy of Interactive Entertainment, Seattle"
0743300733620715520,449676,Ace Institute of Technology,"Ace Institute of Technology, New York"
0743300735537512448,444334,Advance Science International College,Advance Science International College
0743300743125008384,231411,Advanced Technology Institute,"Advanced Technology Institute, Virginia Beach"
0743300750712504320,199786,Alamance Community College,Alamance Community College
0743300752792879104,217615,Aiken Technical College,"Aiken Technical College, Graniteville"
0743300761282150400,125310,Waynes College of Beauty,"Wayne's College of Beauty, Salinas"
0743300763408662528,103501,Alaska Career College,"Alaska Career College, Anchorage"
0743300774041223168,442523,Alaska Christian College,"Alaska Christian College, Soldotna"
0743300778935975936,172918,Alexandria Technical & Community College,Alexandria Technical and Community College
0743300780542394368,138682,Albany Technical College,Albany Technical College
0743300787551076352,108807,Allan Hancock College,"Allan Hancock College, Santa Maria"
0743300795868381184,161688,Allegany College of Maryland,Allegany College of Maryland
0743300797206364160,210599,All-State Career School,"All-State Career School, Essington"
0743300804076634112,461111,Allstate Hairstyling & Barber College,"Allstate Hairstyling & Barber College, Cleveland"
0743300814503673856,222567,Alvin Community College,Alvin Community College
0743300817397743616,154642,Allen County Community College,Allen County Community College
0743300825245286400,188687,American Academy McAllister Institute of Funeral Service,American Academy of Funeral Service
0743300829645111296,222576,Amarillo College,Amarillo College
0743300842471292928,108852,American Academy of Dramatic Arts-Los Angeles,"American Academy of Dramatic Arts, Los Angeles"
0743300844421644288,441052,American Career College-Anaheim,"American Career College, Anaheim"
0743300846598488064,188678,American Academy of Dramatic Arts-New York,"American Academy of Dramatic Arts, New York"
0743300853821079552,495208,Webb's Barber School of Arts,"Webb's Barber School of Arts, Macon"
0743300861148528640,109040,American Career College-Los Angeles,"American Career College, Los Angeles"
0743300863296012288,447768,American Career College-Ontario,"American Career College, Ontario"
0743300865829371904,422835,American College of Healthcare and Technology,"American College of Healthcare and Technology, Riverside"
0743300877581811712,153463,American Hair Academy,"American Hair Academy, Mt. Pleasant"
0743300878047379456,241146,American Educational College,"American Educational College, Bayamón"
0743300882447204352,493682,American Institute of Healthcare & Technology,"American Institute of Healthcare and Technology, Stratford"
0743300890831618048,455202,American Institute of Medical Sciences & Education,American Institute of Medical Sciences & Education
0743300897248903168,490869,American Institute-Somerset,"American Institute, Somerset"
0743300899291529216,482963,American Institute-Toms River,"American Institute, Toms River"
0743300907998904320,184092,American Institute-Clifton,"American Institute, Clifton"
0743300909693403136,109208,American River College,American River College
0743300915041140736,129482,American Institute-West Hartford,"American Institute, West Hartford"
0743300922565722112,461573,American Trade School,"American Trade School, Saint Ann"
0743300927712133120,486415,AMG School of Nursing,"AMG School of Nursing, Brooklyn"
0743300931507978240,222822,Angelina College,Angelina College
0743300933567381504,161767,Anne Arundel Community College,"Anne Arundel Community College, Arnold"
0743300946112544768,172954,Anoka Technical College,Anoka Technical College
0743300946976571392,494986,Apex College of Veterinary Technology,Apex College of Veterinary Technology
0743300950302654464,172963,Anoka-Ramsey Community College,"Anoka-Ramsey Community College, Coon Rapids"
0743300954882834432,241182,Antilles School of Technical Careers,Antilles School of Technical Careers
0743300967092453376,104160,Arizona Western College,Arizona Western College
0743300967134396416,107327,Arkansas Northeastern College,Arkansas Northeastern College
0743300971664244736,107318,Arkansas State University Mid-South,Arkansas State University Mid-South
0743300973430046720,497277,Arizona College-Glendale,"Arizona College, Glendale"
0743300980019298304,481067,World A Cuts Barber Institute,"World A Cuts Barber Institute, York"
0743300984846942208,107521,Arkansas State University Three Rivers,"Arkansas State University Three Rivers, Malvern"
0743300986667270144,420538,Arkansas State University-Mountain Home,"Arkansas State University, Mountain Home"
0743300988584067072,440402,Arkansas State University-Newport,"Arkansas State University, Newport"
0743300998830751744,106449,Arkansas State University-Beebe,"Arkansas State University, Beebe"
0743301001380888576,188915,Arnot Ogden Medical Center,Arnot Ogden Medical Center
0743301003293491200,447777,Asher College,Asher College
0743301005818462208,222886,Arlington Career Institute,"Arlington Career Institute, Grand Prairie"
0743301013888303104,156231,Ashland Community and Technical College,Ashland Community and Technical College
0743301018569146368,214023,ASPIRA City College,Aspira City College
0743301020427223040,197887,Asheville-Buncombe Technical Community College,Asheville-Buncombe Technical Community College
0743301023895912448,128577,Asnuntuck Community College,Asnuntuck Community College
0743301026831925248,447935,ATA College,"ATA College, Louisville"
0743301035795152896,449728,ATA College,"ATA College, Tulsa"
0743301039301591040,476683,Athena Career Academy,Athena Career Academy
0743301045643378688,444361,ATA College,"ATA College, El Cajon"
0743301047736336384,246813,Athens Technical College,Athens Technical College
0743301049737019392,419244,Atlanta Institute of Music and Media,Atlanta Institute of Music and Media
0743301054145232896,183600,Assumption College for Sisters,Assumption College for Sisters
0743301060331831296,138840,Atlanta Technical College,Atlanta Technical College
0743301062982631424,183655,Atlantic Cape Community College,Atlantic Cape Community College
0743301066493263872,132374,Atlantic Technical College,Atlantic Technical College
0743301073476780032,444556,Auguste Escoffier School of Culinary Arts-Austin,"Auguste Escoffier School of Culinary Arts, Austin"
0743301082830077952,454810,Auguste Escoffier School of Culinary Arts-Boulder,"Auguste Escoffier School of Culinary Arts, Boulder"
0743301319254605824,138956,Augusta Technical College,Augusta Technical College
0743301331749437440,499547,Austin Medical Assistant Training,"Austin Medical Assistant Training, Forest Hills"
0743301339869609984,211006,Automotive Training Center-Exton,"Automotive Training Center, Exton"
0743301345888436224,448770,Automotive Training Center-Warminster,"Automotive Training Center, Warminster"
0743301350397313024,365213,Autry Technology Center,Autry Technology Center
0743301355652775936,457679,Avalon School of Cosmetology,"Avalon School of Cosmetology, Worthington"
0743301360996319232,475015,Aveda Institute-Des Moines,"Aveda Institute, Des Moines"
0743301367556210688,460862,Aveda Institute-Portland,"Aveda Institute, Portland"
0743301391455354880,219170,Avera McKennan Hospital School of Radiologic Technology,Avera McKennan Hospital School of Radiologic Technology
0743301445008228352,498951,Artisan Academy of Cosmetology,"Artisan Academy of Cosmetology, Fort Wayne"
0743301452604112896,440059,Aviation Institute of Maintenance-Atlanta,"Aviation Institute of Maintenance, Atlanta"
0743301458513887232,494764,Aviation Institute of Maintenance-Charlotte,"Aviation Institute of Maintenance, Charlotte"
0743301466525007872,497745,Aviation Institute of Maintenance-Chicago,"Aviation Institute, Chicago"
0743301474481602560,441788,Aviation Institute of Maintenance-Dallas,"Aviation Institute of Maintenance, Dallas"
0743301480777252864,486558,Aviation Institute of Maintenance-Fremont,"Aviation Institute of Maintenance, Fremont"
0743301489220386816,227748,Aviation Institute of Maintenance-Houston,"Aviation Institute of Maintenance, Houston"
0743301495671226368,438735,Aviation Institute of Maintenance-Indianapolis,"Aviation Institute, Indianapolis"
0743301502566662144,441496,Aviation Institute of Maintenance-Kansas City,"Aviation Institute of Maintenance, Kansas City"
0743301508736483328,482255,Aviation Institute of Maintenance-Las Vegas,"Aviation Institute of Maintenance, Las Vegas"
0743301515346706432,445762,Aviation Institute of Maintenance-Manassas,"Aviation Institute, Manassas"
0743301521612996608,427973,Aviation Institute of Maintenance-Norfolk,"Aviation Institute, Norfolk"
0743301522426691584,219338,Avera Sacred Heart Hospital,Avera Sacred Heart Hospital
0743301527711514624,457411,Aviation Institute of Maintenance-Orlando,"Aviation Institute, Orlando"
0743301529519259648,250285,Aviation Institute of Maintenance-Philadelphia,"Aviation Institute, Philadelphia"
0743301537979170816,187000,Aviation Institute of Maintenance-Teterboro,"Aviation Institute of Maintenance, Teterboro"
0743301545046573056,161864,Baltimore City Community College,Baltimore City Community College
0743301551019261952,106546,Baptist Health College Little Rock,Baptist Health College Little Rock
0743301557855977472,109907,Barstow Community College,Barstow Community College
0743301565221175296,154697,Barton County Community College,"Barton County Community College, Great Bend"
0743301571743318016,235671,Bates Technical College,"Bates Technical College, Tacoma"
0743301581142753280,437103,Baton Rouge Community College,Baton Rouge Community College
0743302782471110656,168883,Bay de Noc Community College,"Bay de Noc Community College, Escanaba"
0743302785541341184,190956,Belanger School of Nursing,"Belanger School of Nursing, Schenectady"
0743302807511105536,197966,Beaufort County Community College,Beaufort County Community College
0743302808786173952,109934,Bellus Academy-Chula Vista,"Bellus Academy, Chula Vista"
0743302811474722816,116563,Bellus Academy-El Cajon,"Bellus Academy, El Cajon"
0743302819930439680,377722,Bellus Academy-Poway,"Bellus Academy, Poway"
0743302828960776192,201283,Belmont College,"Belmont College, St. Clairsville"
0743302841086509056,126359,Bel-Rea Institute of Animal Technology,"Bel-Rea Institute of Animal Technology, Denver"
0743302845536665600,125170,Berkeley City College,Berkeley City College
0743302858471899136,164775,Berkshire Community College,Berkshire Community College
0743302863744139264,461865,Best Care College,Best Care College
0743302871662985216,102429,Bevill State Community College,Bevill State Community College
0743302880622018560,157553,Big Sandy Community and Technical College,Big Sandy Community and Technical College
0743302894203174912,183743,Bergen Community College,"Bergen Community College, Paramus"
0743302896543596544,102030,Bishop State Community College,Bishop State Community College
0743302916722393088,238397,Blackhawk Technical College,Blackhawk Technical College
0743302921269018624,143279,Black Hawk College,"Black Hawk College, Moline"
0743302925857587200,158325,Baton Rouge General Medical Center School of Nursing & School of Radiologic Technology,Baton Rouge General Medical Center School of Nursing and School of Radiologic Technology
0743302929649238016,106625,Black River Technical College,Black River Technical College
0743302955108663296,223427,Blinn College District,Blinn College District
0743302958971617280,198011,Bladen Community College,"Bladen Community College, Dublin"
0743302963916701696,439491,Blue Cliff College-Lafayette,"Blue Cliff College, Lafayette"
0743302968136171520,499662,Aviation Institute of Maintenance-Phoenix,"Aviation Institute of Maintenance, Phoenix"
0743302976021463040,450128,Blue Cliff College-Alexandria,"Blue Cliff College, Alexandria"
0743302992488300544,434821,Blue Cliff College-Metairie,"Blue Cliff College, Metairie"
0743302994421874688,208275,Blue Mountain Community College,"Blue Mountain Community College, Pendleton"
0743303001933873152,446774,Blue Ridge Community and Technical College,Blue Ridge Community and Technical College
0743303018497179648,231536,Blue Ridge Community College,"Blue Ridge Community College, Weyers Cave"
0743303026772541440,233480,Bon Secours St Mary's Hospital School of Medical Imaging,Bon Secours St. Mary's Hospital School of Medical Imaging
0743303032665538560,198039,Blue Ridge Community College,"Blue Ridge Community College, Flat Rock"
0743303035723186176,491446,Bnos Zion Of Bobov Seminary,"Bnos Zion of Bobov Seminary, Brooklyn"
0743303041704263680,156392,Bluegrass Community and Technical College,Bluegrass Community and Technical College
0743303058322096128,498386,Boone Career and Technical Center,"Boone Career and Technical Center, Foster"
0743303060540882944,165033,Bristol Community College,Bristol Community College
0743303077523619840,158431,Bossier Parish Community College,Bossier Parish Community College
0743303083219484672,232450,Brightpoint Community College,"Brightpoint Community College, Chester"
0743303092421787648,183859,Brookdale Community College,"Brookdale Community College, Lincroft"
0743303094695100416,438179,Brookline College-Tucson,"Brookline College, Tucson"
0743303115448516608,484932,BridgeValley Community & Technical College,BridgeValley Community and Technical College
0743303119395356672,441645,Brown Aveda Institute-Mentor,"Brown Aveda Institute, Mentor"
0743303124101365760,198084,Brunswick Community College,"Brunswick Community College, Bolivia"
0743303131927937024,450395,Brown Aveda Institute-Strongsville,"Brown Aveda Institute, Strongsville"
0743303136973684736,211307,Bucks County Community College,"Bucks County Community College, Newtown"
0743303145064497152,165112,Bunker Hill Community College,Bunker Hill Community College
0743303155873218560,154800,Butler Community College,"Butler Community College, El Dorado"
0743303170054160384,211343,Butler County Community College,"Butler County Community College, Butler"
0743303178501488640,110246,Butte College,"Butte College, Oroville"
0743303182695792640,487968,CAAN Academy of Nursing,"CAAN Academy of Nursing, Matteson"
0743303199795970048,198118,Caldwell Community College and Technical Institute,Caldwell Community College and Technical Institute
0743303204132880384,481386,California Career Institute,"California Career Institute, Anaheim"
0743303208545288192,488563,California College of Music,"California College of Music, Pasadena"
0743303212345327616,110334,Cabrillo College,"Cabrillo College, Aptos"
0743303217307189248,495271,California Indian Nations College,"California Indian Nations College, Palm Desert"
0743303242879860736,183938,Camden County College,"Camden County College, Blackwood"
0743303247883665408,446109,Cambridge College of Healthcare & Technology,"Cambridge College of Healthcare and Technology, Altamonte Springs"
0743303251331383296,455734,California Nurses Educational Institute,California Nurses Educational Institute
0743303255651516416,111434,Canada College,Canada College
0743303262895079424,365374,Canadian Valley Technology Center,"Canadian Valley Technology Center, El Reno"
0743303282759303168,200208,Cankdeska Cikana Community College,"Cankdeska Cikana Community College, Fort Totten"
0743303287125573632,176798,Cape Girardeau Career and Technology Center,Cape Girardeau Career and Technology Center
0743303297124794368,198154,Cape Fear Community College,"Cape Fear Community College, Wilmington"
0743303301906300928,165194,Cape Cod Community College,Cape Cod Community College
0743303306725556224,186423,Capital Health School of Nursing,Capital Health School of Nursing
0743303313717460992,186405,Capital Health School of Radiologic Technology,Capital Health School of Radiologic Technology
0743303326094852096,446118,Career Care Institute,"Career Care Institute, Lancaster"
0743303330519842816,365693,Capitol Beauty School,"Capitol Beauty School, Omaha"
0743303343387967488,491941,Caris College,Caris College
0743303347628408832,455707,Cardiac and Vascular Institute of Ultrasound,Cardiac and Vascular Institute of Ultrasound
0743303351759798272,420370,Career Technical Institute,Career Technical Institute
0743303368285356032,206923,Carl Albert State College,Carl Albert State College
0743303373507264512,143613,Carl Sandburg College,Carl Sandburg College
0743303381644214272,442602,Carrington College-Albuquerque,"Carrington College, Albuquerque"
0743303398010388480,169187,Carnegie Institute,Carnegie Institute
0743303402544431104,103909,Carrington College-Mesa,"Carrington College, Mesa"
0743303411545407488,457101,Carrington College-Las Vegas,"Carrington College, Las Vegas"
0743303415462887424,142054,Carrington College-Boise,"Carrington College, Boise"
0743303427961913344,103893,Carrington College-Phoenix North,"Carrington College, Phoenix North"
0743303432160411648,437936,Carrington College-San Jose,"Carrington College, San Jose"
0743303436728008704,438258,Carrington College-Pleasant Hill Campus,"Carrington College, Pleasant Hill"
0743303454163730432,246974,Carrington College-San Leandro Campus,"Carrington College, San Leandro"
0743303467161878528,439118,Carrington College-Spokane,"Carrington College, Spokane"
0743303470617985024,450696,Carrington College-Stockton,"Carrington College, Stockton"
0743303474623545344,457110,Carrington College-Reno,"Carrington College, Reno"
0743303479174365184,103927,Carrington College-Tucson,"Carrington College, Tucson"
0743303491308486656,405872,Carroll Community College,Carroll Community College
0743303496232599552,198206,Carteret Community College,Carteret Community College
0743303508211531776,203438,Casal Aveda Institute,"Casal Aveda Institute, Niles"
0743303523449438208,240505,Casper College,Casper College
0743303525332680704,189839,Cayuga County Community College,Cayuga County Community College
0743303534581121024,198233,Catawba Valley Community College,"Catawba Valley Community College, Hickory"
0743303542135062528,181941,Career College of Northern Nevada,"Career College of Northern Nevada, Sparks"
0743303550355898368,456977,CBT Technology Institute-Cutler Bay,"CBT Technology Institute, Cutler Bay"
0743303563656036352,449083,CBT Technology Institute-Main Campus,"CBT Technology Institute, Miami"
0743303571893649408,162104,Cecil College,Cecil College
0743303575773380608,449092,CBT Technology Institute-Hialeah,"CBT Technology Institute, Hialeah"
0743303592785477632,451413,Center for Allied Health Education,"Center for Allied Health Education, Brooklyn"
0743303596895895552,379782,Center for Advanced Legal Studies,Center for Advanced Legal Studies
0743303600947593216,486381,Center for Ultrasound Research & Education,"Center for Ultrasound Research and Education, White Plains"
0743303605385166848,100760,Central Alabama Community College,Central Alabama Community College
0743303627879219200,198251,Central Carolina Community College,"Central Carolina Community College, Sanford"
0743303631066890240,419183,Central California School of Continuing Education,"Central California School of Continuing Education, San Luis Obispo"
0743303641787531264,218858,Central Carolina Technical College,"Central Carolina Technical College, Sumter"
0743303644182478848,104346,Central Arizona College,"Central Arizona College, Coolidge"
0743303652248125440,430795,Carver Career Center,Carver Career Center
0743303660951306240,378105,Central Coast College,"Central Coast College, Salinas"
0743303677581721600,173203,Central Lakes College-Brainerd,"Central Lakes College, Brainerd"
0743303681545338880,180902,Central Community College,"Central Community College, Grand Island"
0743303690630201344,161077,Central Maine Community College,"Central Maine Community College, Auburn"
0743303695214575616,483045,Central Georgia Technical College,"Central Georgia Technical College, Warner Robins"
0743303707264811008,158088,Central Louisiana Technical Community College,Central Louisiana Technical Community College
0743303719986135040,208318,Central Oregon Community College,Central Oregon Community College
0743303724025249792,206932,Central Oklahoma College,"Central Oklahoma College, Oklahoma City"
0743303728500572160,187532,Central New Mexico Community College,"Central New Mexico Community College, Albuquerque"
0743303737006620672,369668,Central Pennsylvania Institute of Science and Technology,Central Pennsylvania Institute of Science and Technology
0743303753741893632,231697,Central Virginia Community College,Central Virginia Community College
0743303759261597696,198260,Central Piedmont Community College,"Central Piedmont Community College, Charlotte"
0743303766551298048,232016,Centura College-Virginia Beach,"Centura College, Virginia Beach"
0743303778903523328,223816,Central Texas College,"Central Texas College, Killeen"
0743303783273988096,175315,Century College,"Century College, White Bear Lake"
0743303791809396736,377458,Centura College-Norfolk,"Centura College, Norfolk"
0743303795915620352,111887,Cerritos College,"Cerritos College, Norwalk"
0743303808834076672,111896,Cerro Coso Community College,"Cerro Coso Community College, Ridgecrest"
0743303812483121152,111920,Chabot College,"Chabot College, Hayward"
0743303817352708096,111939,Chaffey College,"Chaffey College, Rancho Cucamonga"
0743303826676645888,498340,Chancellor Institute,"Chancellor Institute, Fort Lauderdale"
0743303833806962688,140331,Chattahoochee Technical College,Chattahoochee Technical College
0743303842346565632,101028,Chattahoochee Valley Community College,"Chattahoochee Valley Community College, Phenix City"
0743303882934845440,219824,Chattanooga State Community College,Chattanooga State Community College
0743303891323453440,162168,Chesapeake College,Chesapeake College
0743303903801507840,437769,Chester Career College,Chester Career College
0743303960764350464,201751,Chatfield College,"Chatfield College, Saint Martin"
0743303964748939264,364025,Chandler-Gilbert Community College,Chandler-Gilbert Community College
0743303974194511872,220118,Chattanooga College Medical Dental and & Technical Careers,"Chattanooga College, Medical, Dental and Technical Careers"
0743303986823561216,240116,Chippewa Valley Technical College,"Chippewa Valley Technical College, Eau Claire"
0743303990028009472,490692,Cincinnati School of Barbering & Hair Design,"Cincinnati School of Barbering, Hair Design"
0743303994633355264,190008,Circle in the Square Theatre School,"Circle in the Square Theatre School, New York"
0743304011628675072,112172,Citrus College,"Citrus College, Glendora"
0743304015990751232,223898,Cisco College,Cisco College
0743304023817322496,211635,Citizens School of Nursing,"Citizens School of Nursing, Tarentum"
0743304029467049984,112190,City College of San Francisco,City College of San Francisco
0743304036899356672,144500,City Colleges of Chicago-District Office,City Colleges of Chicago
0743304044742705152,144209,City Colleges of Chicago-Harold Washington College,"City Colleges of Chicago, Harold Washington College"
0743304053378777088,144184,City Colleges of Chicago-Harry S Truman College,"City Colleges of Chicago, Harry S Truman College"
0743304062157455360,144157,City Colleges of Chicago-Kennedy-King College,"City Colleges of Chicago, Kennedy-King College"
0743304070571229184,237303,Charleston School of Beauty Culture,"Charleston School of Beauty Culture, Charleston"
0743304083951058944,144175,City Colleges of Chicago-Olive-Harvey College,"City Colleges of Chicago, Olive-Harvey College"
0743304087172284416,144166,City Colleges of Chicago-Malcolm X College,"City Colleges of Chicago, Malcolm X College"
0743304097125367808,144193,City Colleges of Chicago-Richard J Daley College,"City Colleges of Chicago, Richard J. Daley College"
0743304103999832064,144218,City Colleges of Chicago-Wilbur Wright College,"City Colleges of Chicago, Wilbur Wright College"
0743304116440137728,208406,Clackamas Community College,"Clackamas Community College, Oregon City"
0743304120672190464,223922,Clarendon College,"Clarendon College, Clarendon"
0743304133364154368,237321,Clarksburg Beauty Academy and School of Massage Therapy,"Clarksburg Beauty Academy, Clarksburg"
0743304137424240640,450401,Clary Sage College,Clary Sage College
0743304150103621632,208415,Clatsop Community College,Clatsop Community College
0743304159909904384,417327,City College-Altamonte Springs,"City College, Altamonte Springs"
0743304164750131200,406547,City College-Gainesville,"City College, Gainesville"
0743304184102649856,198321,Cleveland Community College,"Cleveland Community College, Shelby"
0743304184559828992,411754,Cleveland Clinic Health System-School of Diagnostic Imaging,"Cleveland Clinic Health System, School of Diagnostic Imaging"
0743304189467164672,190053,Clinton Community College,Clinton Community College
0743304210057003008,219879,Cleveland State Community College,"Cleveland State Community College, Cleveland"
0743304215023058944,154907,Cloud County Community College,"Cloud County Community College, Concordia"
0743304220052029440,489201,Clovis Community College,Clovis Community College
0743304226981019648,187639,Clovis Community College,"Clovis Community College, Clovis"
0743304237135429632,175519,Coahoma Community College,"Coahoma Community College, Clarksdale"
0743304245712781312,125462,Coalinga College,West Hills College Coalinga
0743304260371873792,101161,Coastal Alabama Community College,"Coastal Alabama Community College, Bay Minette"
0743304265094660096,223320,Coastal Bend College,"Coastal Bend College, Beeville"
0743304273474879488,198330,Coastal Carolina Community College,"Coastal Carolina Community College, Jacksonville"
0743304277509799936,112376,Coast Community College District Office,"Coast Community College District, Costa Mesa"
0743304285806133248,180160,Chief Dull Knife College,"Chief Dull Knife College, Lame Deer"
0743304308119830528,104425,Cochise County Community College District,Cochise County Community College District
0743304311353638912,112385,Coastline Community College,"Coastline Community College, Fountain Valley"
0743304315912847360,190071,Cochran School of Nursing,Cochran School of Nursing
0743304319255707648,404426,Coconino Community College,Coconino Community College
0743304323420651520,485458,Coastal Pines Technical College,"Coastal Pines Technical College, Waycross"
0743304344773853184,430935,Colegio de Cinematografía Artes y Television,"Colegio de Cinematografía, Artes y Televisión"
0743304348653584384,154925,Coffeyville Community College,Coffeyville Community College
0743304356945723392,108667,College of Alameda,College of Alameda
0743304372405927936,499176,College of Biomedical Equipment Technology,College of Biomedical Equipment Technology
0743304374293364736,154934,Colby Community College,Colby Community College
0743304380047949824,144865,College of DuPage,College of DuPage
0743304384141590528,150251,College of Court Reporting Inc,"College of Court Reporting, Valparaiso"
0743304394912563200,142179,College of Eastern Idaho,College of Eastern Idaho
0743304408887984128,208433,College of Hair Design Careers,College of Hair Design Careers
0743304416676806656,180957,College of Hair Design-Downtown,"College of Hair Design, Lincoln"
0743304420623646720,456287,College of Hair Design-East Campus,"College of Hair Design, Lincoln"
0743304429557514240,379746,College of Health Care Professions,"College of Health Care Professions, Houston"
0743304434733285376,146472,College of Lake County,College of Lake County
0743304456392671232,197814,College of the Albemarle,College of the Albemarle
0743304460398231552,162122,College of Southern Maryland,College of Southern Maryland
0743304467092340736,122791,College of San Mateo,College of San Mateo
0743304472129699840,118347,College of Marin,"College of Marin, Kentfield"
0743304475581612032,111461,College of the Canyons,College of the Canyons
0743304497022894080,480967,College of the Muscogee Nation,College of the Muscogee Nation
0743304506040647680,113573,College of the Desert,College of the Desert
0743304513456177152,123484,College of the Siskiyous,College of the Siskiyous
0743304518099271680,455114,College of Western Idaho,College of Western Idaho
0743304522369073152,121707,College of the Redwoods,College of the Redwoods
0743304530736709632,126748,Colorado Northwestern Community College,Colorado Northwestern Community College
0743304540412968960,123217,College of the Sequoias,College of the Sequoias
0743304547715252224,203614,Collins Career Technical Center,"Collins Career Technical Center, Chesapeake"
0743304556359712768,112561,Columbia College,"Columbia College, Sonora"
0743304560147169280,455983,Columbia College,"Columbia College, Vienna"
0743304568019877888,420556,Columbia Gorge Community College,"Columbia Gorge Community College, The Dalles"
0743304581441650688,219888,Columbia State Community College,Columbia State Community College
0743304593689018368,202222,Columbus State Community College,Columbus State Community College
0743304598332112896,190169,Columbia-Greene Community College,Columbia-Greene Community College
0743304606909464576,139357,Columbus Technical College,Columbus Technical College
0743304615478427648,366261,Commonwealth Institute of Funeral Service,Commonwealth Institute of Funeral Service
0743304626803048448,498012,Commonwealth of Puerto Rico Department of Education-PRAMI,"Commonwealth of Puerto Rico Department of Education, Fajardo"
0743304628602404864,212975,Commonwealth Technical Institute,"Commonwealth Technical Institute, Johnstown"
0743304641248231424,439570,Community Care College,"Community Care College, Tulsa"
0743304648152055808,446163,Community Christian College,"Community Christian College, Redlands"
0743304662223945728,126863,Community College of Aurora,Community College of Aurora
0743304670725799936,210605,Community College of Allegheny County,"Community College of Allegheny County, Pittsburgh"
0743304671090704384,434672,Community College of Baltimore County,Community College of Baltimore County
0743304692225802240,215239,Community College of Philadelphia,Community College of Philadelphia
0743304695920984064,211079,Community College of Beaver County,"Community College of Beaver County, Monaca"
0743304699687469056,217475,Community College of Rhode Island,"Community College of Rhode Island, Warwick"
0743304712639479808,461953,Colorado Academy of Veterinary Technology,"Colorado Academy of Veterinary Technology, Colorado Springs"
0743304717022527488,230861,Community College of Vermont,"Community College of Vermont, Montpelier"
0743304722286379008,112686,Compton College,Compton College
0743304742658113536,441742,Concorde Career College-Grand Prairie,"Concorde Career College, Grand Prairie"
0743304746386849792,123679,Concorde Career College-Garden Grove,"Concorde Career College, Garden Grove"
0743304754347638784,460181,Concorde Career College-Dallas,"Concorde Career College, Dallas"
0743304763990343680,219903,Concorde Career College-Memphis,"Concorde Career College, Memphis"
0743304780868222976,208479,Concorde Career College-Portland,"Concorde Career College, Portland"
0743304789403631616,124937,Concorde Career College-North Hollywood,"Concorde Career College, North Hollywood"
0743304796903047168,126784,Colorado School of Trades,Colorado School of Trades
0743304802288533504,460206,Concorde Career College-San Antonio,"Concorde Career College, San Antonio"
0743304808668069888,423120,Compu-Med Vocational Careers Corp,"Compu-Med Vocational Careers Corp, Hialeah"
0743304830826577920,133845,Concorde Career Institute-Jacksonville,"Concorde Career Institute, Jacksonville"
0743304838208552960,124706,Concorde Career College-San Bernardino,"Concorde Career College, San Bernardino"
0743304838959333376,487588,Concorde Career College-Southaven,"Concorde Career College, Southaven"
0743304843237523456,120661,Concorde Career College-San Diego,"Concorde Career College, San Diego"
0743304861889593344,133863,Concorde Career Institute-Tampa,"Concorde Career Institute, Tampa"
0743304864632668160,133854,Concorde Career Institute-Miramar,"Concorde Career Institute, Miramar"
0743304868764057600,460190,Concorde Career Institute-Orlando,"Concorde Career Institute, Orlando"
0743304872757035008,129367,Connecticut State Community College,Connecticut State Community College
0743304894110236672,129543,Connecticut State Community College Housatonic,"Connecticut State Community College, Housatonic"
0743304903237042176,130396,Connecticut State Community College Gateway,"Connecticut State Community College, Gateway"
0743304911243968512,130004,Connecticut State Community College Norwalk,"Connecticut State Community College, Norwalk"
0743304915345997824,206996,Connors State College,"Connors State College, Warner"
0743304919179591680,112826,Contra Costa College,"Contra Costa College, San Pablo"
0743304937273819136,112817,Contra Costa Community College District Office,"Contra Costa Community College District, Martinez"
0743304949680570368,395362,Copper Mountain Community College,"Copper Mountain Community College, Joshua Tree"
0743304952268455936,175573,Copiah-Lincoln Community College,"Copiah-Lincoln Community College, Wesson"
0743304953023430656,491950,Contra Costa Medical Career College,Contra Costa Medical Career College
0743304966105464832,106795,Cossatot Community College of the University of Arkansas,"Cossatot Community College of the University of Arkansas, De Queen"
0743304973864927232,113096,Cosumnes River College,Cosumnes River College
0743304978076008448,184180,County College of Morris,County College of Morris
0743304990805721088,226675,Covenant School of Nursing and Allied Health,Covenant School of Nursing and Allied Health
0743304994911944704,198367,Craven Community College,"Craven Community College, New Bern"
0743305008191111168,113111,Crafton Hills College,Crafton Hills College
0743305022401413120,434830,Creative Images Institute of Cosmetology-North Dayton,"Creative Images Institute, Dayton"
0743305024846692352,154952,Cowley County Community College,"Cowley County Community College, Arkansas City"
0743305029074550784,177135,Crowder College,Crowder College
0743305045218426880,130606,Connecticut State Community College Tunxis,"Connecticut State Community College, Tunxis"
0743305051300167680,444051,Creative Images Institute of Cosmetology-South Dayton,"Creative Images Institute, Dayton"
0743305054336843776,113193,Cuesta College,"Cuesta College, San Luis Obispo"
0743305058933800960,417248,CT Aerotech,CT AeroTech
0743305084900737024,444565,Culinary Institute Inc,"Culinary Institute, Houston"
0743305088017104896,190521,CUNY Borough of Manhattan Community College,CUNY Borough of Manhattan Community College
0743305091758424064,190585,CUNY Hostos Community College,CUNY Hostos Community College
0743305096619622400,190530,CUNY Bronx Community College,CUNY Bronx Community College
0743305105167613952,190619,CUNY Kingsborough Community College,CUNY Kingsborough Community College
0743305126076219392,202356,Cuyahoga Community College District,"Cuyahoga Community College, Cleveland"
0743305130329243648,190673,CUNY Queensborough Community College,Queensborough Community College
0743305135169470464,190628,CUNY LaGuardia Community College,CUNY LaGuardia Community College
0743305139057590272,113218,Cuyamaca College,Cuyamaca College
0743305143096705024,475565,CUNY Stella and Charles Guttman Community College,CUNY Stella and Charles Guttman Community College
0743305168304472064,190707,CVPH Medical Center School of Radiologic Technology,CVPH Medical Center School of Radiologic Technology
0743305172347781120,173416,Dakota County Technical College,Dakota County Technical College
0743305177095733248,200314,Dakota College at Bottineau,Dakota College at Bottineau
0743305181524918272,144564,Danville Area Community College,Danville Area Community College
0743305185442398208,224271,Dallas Institute of Funeral Service,Dallas Institute of Funeral Service
0743305199199715328,231882,Danville Community College,Danville Community College
0743305213586178048,202453,Dayton Barber College,Dayton Barber College
0743305214601199616,198376,Davidson-Davie Community College,Davidson-Davie Community College
0743305218816475136,180151,Dawson Community College,"Dawson Community College, Glendive"
0743305239951572992,113333,De Anza College,"De Anza College, Cupertino"
0743305248780582912,211927,Delaware County Community College,"Delaware County Community College, Media"
0743305255143342080,432524,Delaware College of Art and Design,Delaware College of Art and Design
0743305261153779712,169521,Delta College,"Delta College, University Center"
0743305265817845760,158662,Delgado Community College,"Delgado Community College, New Orleans"
0743305269974401024,366270,Delta College of Arts & Technology,"Delta College of Arts, Baton Rouge"
0743305289318531072,217989,Denmark Technical College,"Denmark Technical College, Denmark"
0743305291168219136,494463,Derech Hachaim Seminary,"Derech Hachaim Seminary, Monroe"
0743305312575946752,113634,Diablo Valley College,"Diablo Valley College, Pleasant Hill"
0743305318351503360,153214,Des Moines Area Community College,"Des Moines Area Community College, Ankeny"
0743305320528347136,211802,DLP Conemaugh Memorial Medical Center,Conemaugh Memorial Medical Center
0743305324848480256,490498,Digital Media Institute,"Digital Media Institute, Shreveport"
0743305332901543936,480028,Digital Film Academy,"Digital Film Academy, New York"
0743305354263134208,250744,Dorsey College-Roseville,"Dorsey College, Roseville"
0743305362496552960,169761,Dorsey College,"Dorsey College, Madison Heights"
0743305366682468352,483504,Dorsey College-Dearborn,"Dorsey College, Dearborn"
0743305369635258368,154998,Dodge City Community College,Dodge City Community College
0743305371166179328,212045,Douglas Education Center,"Douglas Education Center, Monessen"
0743305394641698816,371690,Downey Adult School,Downey Adult School
0743305401675546624,261436,Douglas J Aveda Institute,"Douglas J. Aveda Institute, East Lansing"
0743305404783525888,190840,Dutchess Community College,Dutchess Community College
0743305413843222528,198455,Durham Technical Community College,Durham Technical Community College
0743305414405259264,220057,Dyersburg State Community College,Dyersburg State Community College
0743305440351223808,177250,East Central College,"East Central College, Union"
0743305444860100608,175643,East Central Community College,"East Central Community College, Decatur"
0743305450446913536,106883,East Arkansas Community College,East Arkansas Community College
0743305454523777024,113856,East Los Angeles College,"East Los Angeles College, Monterey Park"
0743305460785872896,175652,East Mississippi Community College,"East Mississippi Community College, Scooba"
0743305468654387200,104577,Eastern Arizona College,Eastern Arizona College
0743305476539678720,204884,East Ohio College,"East Ohio College, East Liverpool"
0743305485523877888,203331,Eastern Gateway Community College,"Eastern Gateway Community College, Steubenville"
0743305497393758208,161138,Eastern Maine Community College,Eastern Maine Community College
0743305506059190272,187666,Eastern New Mexico University-Roswell Campus,"Eastern New Mexico University, Roswell Campus"
0743305510240911360,383996,Eastern New Mexico University Ruidoso Branch Community College,"Eastern New Mexico University, Ruidoso Branch"
0743305518621130752,153311,Eastern Iowa Community College District,Eastern Iowa Community College District
0743305528167366656,207050,Eastern Oklahoma State College,"Eastern Oklahoma State College, Wilburton"
0743305536224624640,232052,Eastern Shore Community College,Eastern Shore Community College
0743305548857868288,438708,Eastern West Virginia Community and Technical College,Eastern West Virginia Community and Technical College
0743305557338750976,441858,Eastern Virginia Career College,"Eastern Virginia Career College, Fredericksburg"
0743305565114990592,240596,Eastern Wyoming College,"Eastern Wyoming College, Torrington"
0743305570294956032,185721,Eastwick College-Nutley,"Eastwick College, Nutley"
0743305574195658752,198491,Edgecombe Community College,"Edgecombe Community College, Tarboro"
0743305599344705536,113980,El Camino Community College District,El Camino Community College District
0743305603530620928,461999,Elite School of Cosmetology,"Elite School of Cosmetology, Norwalk"
0743305607833976832,224642,El Paso Community College,El Paso Community College
0743305611772428288,144944,Elgin Community College,Elgin Community College
0743305616499408896,202648,Edison State Community College,"Edison State Community College, Piqua"
0743305633100464128,156648,Elizabethtown Community and Technical College,Elizabethtown Community and Technical College
0743305641644261376,153296,Ellsworth Community College,"Ellsworth Community College, Iowa Falls"
0743305645171671040,490346,Elyon College,"Elyon College, Brooklyn"
0743305650099978240,101143,Enterprise State Community College,Enterprise State Community College
0743305667124658176,486859,Entourage Institute of Beauty and Esthetics,"Entourage Institute of Beauty and Esthetics, Lincoln"
0743305674707959808,487092,Emory University-Oxford College,"Emory University, Oxford College"
0743305683897679872,191083,Erie Community College,Erie Community College
0743305688255561728,212434,Erie Institute of Technology Inc,"Erie Institute of Technology, Erie"
0743305700716838912,369419,Erwin Technical College,"Erwin Technical College, Tampa"
0743305708799262720,184481,Essex County College,Essex County College
0743305713501077504,200590,ETI Technical College,"ETI Technical College, Niles"
0743305726234984448,477233,Evangel University-James River Assembly of God Church,"Evangel University, Ozark"
0743305731406561280,230199,Evans Hairstyling College-Cedar City,"Evans Hairstyling College, Cedar City"
0743305734007029760,384333,Estrella Mountain Community College,"Estrella Mountain Community College, Avondale"
0743305750880714752,454935,Evans Hairstyling College-Rexburg,"Evans Hairstyling College, Rexburg"
0743305755184070656,114266,Evergreen Valley College,"Evergreen Valley College, San Jose"
0743305759663587328,198534,Fayetteville Technical Community College,Fayetteville Technical Community College
0743305773009862656,191199,Finger Lakes Community College,"Finger Lakes Community College, Canandaigua"
0743305781310390272,436599,FINE Mortuary College,FINE Mortuary College
0743305784892325888,475422,Finger Lakes Health College of Nursing & Health Sciences,"Finger Lakes Health College of Nursing, Health Sciences"
0743305793343848448,205090,Firelands Regional Medical Center School of Nursing,Firelands Regional Medical Center School of Nursing
0743305805998063616,180197,Flathead Valley Community College,"Flathead Valley Community College, Kalispell"
0743305810343362560,160481,Fletcher Technical Community College,"Fletcher Technical Community College, Schriever"
0743305823165349888,461245,Flagler Technical College,Flagler Technical College
0743305831096778752,155052,Flint Hills Technical College,Flint Hills Technical College
0743305836561956864,218025,Florence-Darlington Technical College,Florence-Darlington Technical College
0743305856602341376,487409,Florida Career College-Hialeah,"Florida Career College, Hialeah"
0743305865511043072,487418,Florida Career College-Lauderdale Lakes,"Florida Career College, Lauderdale Lakes"
0743305882976124928,487454,Florida Career College-Margate,"Florida Career College, Margate"
0743305899132583936,133997,Florida Career College-Miami,"Florida Career College, Miami"
0743305918506074112,487490,Florida Career College-Houston,"Florida Career College, Houston"
0743305933785923584,441423,Florida Education Institute,"Florida Education Institute, Miami"
0743305956825235456,457350,Florida School of Traditional Midwifery,Florida School of Traditional Midwifery
0743305966878982144,444219,Folsom Lake College,Folsom Lake College
0743305978912440320,452106,Escuela De Troqueleria Y Herramentaje,"Escuela de Troquelería y Herramentaje, Bayamón"
0743305996033589248,135267,Fort Myers Technical College,Fort Myers Technical College
0743306004539637760,198552,Forsyth Technical Community College,Forsyth Technical Community College
0743306033820073984,180212,Fort Peck Community College,"Fort Peck Community College, Poplar"
0743306038026960896,155098,Fort Scott Community College,Fort Scott Community College
0743306041931857920,230205,Evans Hairstyling College-St George,"Evans Hairstyling College, Saint George"
0743306059061395456,487445,Florida Career College-Boynton Beach,"Florida Career College, Boynton Beach"
0743306072160206848,392415,Fortis College,"Fortis College, Houston"
0743306084176887808,450067,Fortis College-Cincinnati,"Fortis College, Cincinnati"
0743306092863291392,439738,Fortis College-Baton Rouge,"Fortis College, Baton Rouge"
0743306109661478912,450058,Fortis College-Columbus,"Fortis College, Westerville"
0743306114627534848,490975,Fortis College-Cutler Bay,"Fortis College, Cutler Bay"
0743306118435962880,460020,Fortis College-Columbia,"Fortis College, Columbia"
0743306123636899840,487393,Florida Career College-West Palm Beach,"Florida Career College, West Palm Beach"
0743306144042188800,487302,Fortis College-Cuyahoga Falls,"Fortis College, Cuyahoga Falls"
0743306148567842816,233329,Fortis College-Norfolk,"Fortis College, Norfolk"
0743306152405630976,458681,Fortis College-Indianapolis,"Fortis College, Indianapolis"
0743306164640415744,494843,Fortis College-Landover,"Fortis College, Landover"
0743306169480642560,382957,Fortis College-Richmond,"Fortis College, Richmond"
0743306182281658368,456454,Fortis College-Salt Lake City,"Fortis College, Salt Lake City"
0743306186484350976,439792,Fortis College-Orange Park,"Fortis College, Orange Park"
0743306190347304960,459958,Fortis Institute,"Fortis Institute, Houston"
0743306213751521280,372921,Fortis College-Smyrna,"Fortis College, Smyrna"
0743306216767225856,205179,Fortis College-Centerville,"Fortis College, Centerville"
0743306221490012160,249609,Fortis Institute-Forty Fort,"Fortis Institute, Forty Fort"
0743306236874719232,494436,Fortis Institute-Cookeville,"Fortis Institute, Cookeville"
0743306242620915712,455628,Fortis Institute-Birmingham,"Fortis Institute, Birmingham"
0743306247704412160,455479,Fortis Institute-Pensacola,"Fortis Institute, Pensacola"
0743306253484163072,452124,Fortis Institute-Nashville,"Fortis Institute, Nashville"
0743306270135549952,145239,Fox College,"Fox College, Tinley Park"
0743306274099167232,445744,Fortis Institute-Port Saint Lucie,"Fortis Institute, Port Saint Lucie"
0743306278775816192,385503,Fortis Institute-Scranton,"Fortis Institute, Scranton"
0743306300275818496,238722,Fox Valley Technical College,Fox Valley Technical College
0743306304663060480,224891,Frank Phillips College,"Frank Phillips College, Borger"
0743306307750068224,237844,Fred W Eberle Technical Center,"Fred W. Eberle Technical Center, Buckhannon"
0743306312883896320,459329,Fred K Marchman Technical College,Fred K. Marchman Technical College
0743306320605609984,162557,Frederick Community College,Frederick Community College
0743306329724026880,403469,Frontier Community College,"Frontier Community College, Fairfield"
0743306343724613632,114789,Fresno City College,Fresno City College
0743306345758851072,191302,Fulton-Montgomery Community College,Fulton-Montgomery Community College
0743306350401945600,476939,FVI School of Nursing and Technology,"FVI School of Nursing and Technology, Miami"
0743306364285091840,101240,Gadsden State Community College,Gadsden State Community College
0743306367577620480,461254,Galaxy Medical College,Galaxy Medical College
0743306376842838016,498100,Galen Health Institutes-Myrtle Beach,"Galen Health Institutes, Myrtle Beach"
0743306384572940288,498094,Galen Health Institutes-Richmond,"Galen Health Institutes, Richmond"
0743306397013245952,498483,Galen Health Institutes-Pikeville,"Galen Health Institutes, Pikeville"
0743306401861861376,499307,Galen Health Institutes-Salt Lake City,"Galen Health Institutes, Salt Lake City"
0743306418756517888,499282,Galen Health Institutes-Roanoke,"Galen Health Institutes, Roanoke"
0743306422527197184,155104,Garden City Community College,Garden City Community College
0743306426738278400,499291,Galen Health Institutes-Wichita,"Galen Health Institutes, Wichita"
0743306443360305152,157438,Gateway Community and Technical College,Gateway Community and Technical College
0743306447676243968,198570,Gaston College,"Gaston College, Dallas"
0743306451434340352,162609,Garrett College,"Garrett College, McHenry"
0743306464306659328,238759,Gateway Technical College,"Gateway Technical College, Kenosha"
0743306468861673472,114938,Gavilan College,Gavilan College
0743306480920297472,191339,Genesee Community College,Genesee Community College
0743306489669615616,146816,Generations College,"Generations College, Chicago"
0743306493813587968,491181,Galen College of Nursing-ARH,"Galen College of Nursing, Hazard"
0743306507340218368,101286,George C Wallace Community College-Dothan,"Wallace Community College, Dothan"
0743306510557249536,101295,George C Wallace State Community College-Hanceville,"Wallace State Community College, Hanceville"
0743306519067492352,139384,Georgia Northwestern Technical College,"Georgia Northwestern Technical College, Rome"
0743306531537158144,101301,George C Wallace State Community College-Selma,"George C. Wallace State Community College, Selma"
0743306541691568128,244446,Georgia Piedmont Technical College,Georgia Piedmont Technical College
0743306544812130304,244437,Georgia State University-Perimeter College,"Georgia State University, Perimeter College"
0743306559177621504,114859,Fullerton College,Fullerton College
0743306566408601600,169974,Glen Oaks Community College,"Glen Oaks Community College, Centreville"
0743306570296721408,232195,Germanna Community College,"Germanna Community College, Locust Grove"
0743306590920114176,460385,Geisinger-Lewistown Hospital School of Nursing,Geisinger Lewistown Hospital School of Nursing
0743306608280338432,115001,Glendale Community College,Glendale Community College
0743306612621443072,497338,Glendale Career College-North-West College-Bakersfield,"Glendale Career College, North-West College, Bakersfield"
0743306620510928896,493521,Global Tech College,"Global Tech College, Toledo"
0743306629423824896,169992,Gogebic Community College,"Gogebic Community College, Ironwood"
0743306645978742784,115126,Golden West College,"Golden West College, Huntington Beach"
0743306658460991488,375683,Gordon Cooper Technology Center,"Gordon Cooper Technology Center, Shawnee"
0743306671924707328,139746,Grady Health System Professional Schools,Grady Health System Professional Schools
0743306688538345472,134291,George Stone Technical College,George Stone Technical College
0743306692220944384,145354,Graham Hospital School of Nursing,"Graham Hospital School of Nursing, Canton"
0743306700710215680,183150,Great Bay Community College,"Great Bay Community College, Portsmouth"
0743306713234407424,170055,Grand Rapids Community College,Grand Rapids Community College
0743306725787959296,213181,Great Lakes Institute of Technology,"Great Lakes Institute of Technology, Erie"
0743306730246504448,180249,Great Falls College Montana State University,Great Falls College Montana State University
0743306743202709504,165981,Greenfield Community College,Greenfield Community College
0743306751398379520,115296,Grossmont College,Grossmont College
0743306763872239616,198622,Guilford Technical Community College,"Guilford Technical Community College, Jamestown"
0743306772114046976,115287,Grossmont-Cuyamaca Community College District,Grossmont-Cuyamaca Community College District
0743306784810205184,140003,Gwinnett College-Lilburn,"Gwinnett College, Lilburn"
0743306790048890880,139995,Gupton Jones College of Funeral Service,Gupton Jones College of Funeral Service
0743306793119121408,444714,Gwinnett College-Marietta Campus,"Gwinnett College, Marietta"
0743306814782701568,425250,Gwinnett College-Sandy Springs,"Gwinnett College, Sandy Springs"
0743306819002171392,367875,H W Brewster Technical College,"H W Brewster Technical College, Tampa"
0743306823360053248,499413,Glendale Career College-North-West College-MFSON,"Glendale Career College, West Covina"
0743306827772461056,140012,Gwinnett Technical College,Gwinnett Technical College
0743306831698329600,102313,H Councill Trenholm State Community College,"Trenholm State Community College, Montgomery"
0743306848236470272,198640,Halifax Community College,"Halifax Community College, Weldon"
0743306857229058048,162706,Harford Community College,Harford Community College
0743306869941993472,212878,Harrisburg Area Community College,Harrisburg Area Community College
0743306873809141760,162690,Hagerstown Community College,Hagerstown Community College
0743306878250909696,212869,Harcum College,Harcum College
0743306882545876992,115393,Hartnell College,Hartnell College
0743306903790026752,497657,Hawaii Tokai International College,Hawaii Tokai International College
0743306907837530112,198668,Haywood Community College,Haywood Community College
0743306912124108800,460756,Hawaii Medical College,Hawaii Medical College
0743306918952435712,383190,Hawaii Community College,"Hawaii Community College, Hilo"
0743306936782422016,156790,Hazard Community and Technical College,"Hazard Community and Technical College, Hazard"
0743306941811392512,446303,Healthcare Training Institute,"Healthcare Training Institute, Union"
0743306946735505408,450960,Healthcare Career College,"Healthcare Career College, Paramount"
0743306949965119488,153445,Hawkeye Community College,"Hawkeye Community College, Waterloo"
0743306962321539072,481155,Helms College,Helms College
0743306971167326208,384342,Heartland Community College,"Heartland Community College, Normal"
0743306982156402688,156851,Henderson Community College,"Henderson Community College, Henderson"
0743306983519551488,173708,Hennepin Technical College,"Hennepin Technical College, Brooklyn Park"
0743306996928741376,191612,Herkimer County Community College,Herkimer County Community College
0743307004763701248,484002,High Desert Medical College,High Desert Medical College
0743307009671036928,155186,Highland Community College,"Highland Community College, Highland"
0743307022279114752,145521,Highland Community College,"Highland Community College, Freeport"
0743307026515361792,180081,Highlands College of Montana Tech,Highlands College of Montana Tech
0743307041832960000,225371,Hill College,"Hill College, Hillsboro"
0743307053153386496,175786,Hinds Community College,"Hinds Community College, Raymond"
0743307057788092416,203155,Hocking College,"Hocking College, Nelsonville"
0743307060984152064,456968,Health And Style Institute,"Health and Style Institute, Greensboro"
0743307073579646976,166133,Holyoke Community College,Holyoke Community College
0743307085827014656,175810,Holmes Community College,"Holmes Community College, Goodman"
0743307090348474368,203386,Hondros College of Nursing,Hondros College of Nursing
0743307098313457664,141680,Honolulu Community College,Honolulu Community College
0743307102251909120,184968,Holy Name Medical Center-Sister Claire Tynan School of Nursing,"Holy Name Medical Center, Sister Claire Tynan School of Nursing"
0743307118978793472,156860,Hopkinsville Community College,Hopkinsville Community College
0743307126553706496,218140,Horry-Georgetown Technical College,"Horry-Georgetown Technical College, Conway"
0743307131951775744,488332,Hope College of Arts and Sciences,"Hope College of Arts and Sciences, Pompano Beach"
0743307146753474560,225520,Howard College,"Howard College, Big Spring"
0743307154676514816,162779,Howard Community College,Howard Community College
0743307170224799744,184995,Hudson County Community College,"Hudson County Community College, Jersey City"
0743307174377160704,458034,Houston International College Cardiotech Ultrasound School,Cardiotech Ultrasound School
0743307187467583488,180276,Helena College University of Montana,Helena College University of Montana
0743307190894329856,191728,Hunter Business School,"Hunter Business School, Levittown"
0743307203309469696,191719,Hudson Valley Community College,Hudson Valley Community College
0743307216659939328,481465,Healthcare Training Institute,"Healthcare Training Institute, Kenner"
0743307222108340224,237437,Huntington Junior College,Huntington Junior College
0743307225614778368,155195,Hutchinson Community College,Hutchinson Community College
0743307230396284928,377643,Huntington School of Beauty Culture,Huntington School of Beauty Culture
0743307246426914816,372329,IBMC College,IBMC College
0743307258707836928,491738,IBS School of Cosmetology and Massage,IBS Maui School of Cosmetology and Massage
0743307267016753152,460677,ICPR Junior College,"ICPR Junior College, Manati"
0743307275606687744,243841,ICPR Junior College,"ICPR Junior College, Hato Rey"
0743307283928186880,491659,ICOHS College,ICOHS College
0743307288755830784,242130,ICPR Junior College-Arecibo,"ICPR Junior College, Arecibo"
0743307291914141696,145682,Illinois Central College,"Illinois Central College, East Peoria"
0743307301485543424,242149,ICPR Junior College-Mayaguez,"ICPR Junior College, Mayaguez"
0743307309010124800,443368,Illinois Eastern Community College-System Office,"Illinois Eastern Community College, System Office"
0743307317050605568,115861,Imperial Valley College,Imperial Valley College
0743307334264029184,457387,Immokalee Technical College,Immokalee Technical College
0743307338479304704,418296,Indian Capital Technology Center-Muskogee,"Indian Capital Technology Center, Muskogee"
0743307342224818176,145831,Illinois Valley Community College,Illinois Valley Community College
0743307350990913536,155201,Independence Community College,"Independence Community College, Independence"
0743307361547976704,485564,Infinity College,"Infinity College, Lafayette"
0743307371673026560,115931,Institute for Business and Technology,Institute for Business and Technology
0743307376244817920,153472,Indian Hills Community College,"Indian Hills Community College, Ottumwa"
0743307385677807616,461218,Institute of Medical Careers,Institute of Medical Careers
0743307397212143616,493080,Institute of Culinary Education,"Institute of Culinary Education, Los Angeles"
0743307403046420480,441663,Institute of Technology,"Institute of Technology, Salem"
0743307406636744704,431141,Institute of Technology,"Institute of Technology, Clovis"
0743307414085828608,128188,Intellitec College-Grand Junction,"Intellitec College, Grand Junction"
0743307426664546304,242583,Instituto Tecnologico de Puerto Rico-Recinto de San Juan,"Instituto Tecnológico de Puerto Rico, San Juan"
0743307431219560448,128179,Intellitec College-Colorado Springs,"Intellitec College, Colorado Springs"
0743307644831268864,242042,Instituto Tecnologico de Puerto Rico-Recinto de Manati,"Instituto Tecnologico de Puerto Rico, Recinto de Manatí"
0743307697507532800,242556,Instituto Tecnologico de Puerto Rico-Recinto de Guayama,"Instituto Tecnologico de Puerto Rico, Guayama"
0743307702217736192,367361,Interactive College of Technology,"Interactive College of Technology, Houston"
0743307716109271040,440776,Interactive College of Technology,"Interactive College of Technology, Pasadena"
0743307718520995840,443696,Interactive College of Technology,"Interactive College of Technology, Houston"
0743307727802990592,238005,International Beauty School 4,"International Beauty School, Martinsburg"
0743307735390486528,151467,International Business College-Indianapolis,"International Business College, Indianapolis"
0743307802503544832,138655,Interactive College of Technology-Chamblee,"Interactive College of Technology, Chamblee"
0743307815401029632,173799,Inver Hills Community College,"Inver Hills Community College, Inver Grove Heights"
0743307822661369856,153524,Iowa Central Community College,Iowa Central Community College
0743307837920247808,153533,Iowa Lakes Community College,Iowa Lakes Community College
0743307849060319232,153597,Iowa School of Beauty-Des Moines,"Iowa School of Beauty, Des Moines"
0743307861982969856,154457,Iowa School of Beauty-Sioux City,"Iowa School of Beauty, Sioux City"
0743307864428249088,442435,Interactive College of Technology-Gainesville,"Interactive College of Technology, Gainesville"
0743307880014282752,153630,Iowa Western Community College,Iowa Western Community College
0743307883382308864,203289,International College of Broadcasting,"International College of Broadcasting, Dayton"
0743307892085489664,367103,Interactive College of Technology-Newport,"Interactive College of Technology, Newport"
0743307896472731648,191959,Island Drafting and Technical Institute,"Island Drafting and Technical Institute, Amityville"
0743307905284964352,198710,Isothermal Community College,"Isothermal Community College, Spindale"
0743307921785356288,175829,Itawamba Community College,"Itawamba Community College, Fulton"
0743307925610561536,150987,Ivy Tech Community College,"Ivy Tech Community College, Indianapolis"
0743307934238244864,232414,J Sargeant Reynolds Community College,J Sargeant Reynolds Community College
0743307938499657728,159197,ITI Technical College,"ITI Technical College, Baton Rouge"
0743307946905042944,220400,Jackson State Community College,Jackson State Community College
0743307959676698624,101462,J. F. Drake State Community and Technical College,J. F. Drake State Community and Technical College
0743307967968837632,225876,Jacksonville College-Main Campus,"Jacksonville College, Jacksonville"
0743307972632903680,437237,IYRS School of Technology & Trades,"IYRS School of Technology, Trades and Marine"
0743307989439479808,191986,Jamestown Community College,Jamestown Community College
0743307993637978112,177676,Jefferson College,"Jefferson College, Hillsboro"
0743308001712013312,138664,Interactive College of Technology-Morrow,"Interactive College of Technology, Morrow"
0743308010352279552,156921,Jefferson Community and Technical College,Jefferson Community and Technical College
0743308018581504000,116439,Irvine Valley College,Irvine Valley College
0743308027267907584,107123,Jefferson Regional School of Nursing,Jefferson Regional School of Nursing
0743308035589406720,101505,Jefferson State Community College,Jefferson State Community College
0743308044179341312,192022,Jefferson Community College,"Jefferson Community College, Watertown"
0743308052903493632,455196,Jersey College,Jersey College
0743308057366233088,185679,JFK Muhlenberg Harold B. and Dorothy A. Snyder Schools,JFK Muhlenberg Harold B. and Dorothy A. Snyder Schools
0743308073791127552,419341,Jna Institute of Culinary Arts,JNA Institute of Culinary Arts
0743308082104238080,188696,Joffrey Ballet School,"Joffrey Ballet School, New York"
0743308086273376256,220464,John A Gupton College,John A. Gupton College
0743308090694172672,146205,John A Logan College,John A. Logan College
0743308111846047744,101514,John C Calhoun State Community College,John C. Calhoun State Community College
0743308116371701760,198729,James Sprunt Community College,"James Sprunt Community College, Kenansville"
0743308120326930432,146278,John Wood Community College,"John Wood Community College, Quincy"
0743308128409354240,213233,Johnson College,"Johnson College, Scranton"
0743308141302644736,155210,Johnson County Community College,"Johnson County Community College, Overland Park"
0743308150035185664,198774,Johnston Community College,Johnston Community College
0743308154510508032,146296,Joliet Junior College,Joliet Junior College
0743308167080837120,175883,Jones County Junior College,"Jones County Junior College, Ellisville"
0743308170608246784,487311,Jones Technical Institute,"Jones Technical Institute, Jacksonville"
0743308179537920000,215479,Joseph F McCloskey School of Nursing,"Joseph F. McCloskey School of Nursing, Pottsville"
0743308196231249920,181190,Joseph's College Cosmetology,"Joseph's College of Cosmetology, Lincoln"
0743308204867321856,141796,Kapiolani Community College,Kapiolani Community College
0743308208717692928,170541,Kalamazoo Valley Community College,Kalamazoo Valley Community College
0743308212987494400,146348,Kankakee Community College,Kankakee Community College
0743308221132832768,155292,Kansas City Kansas Community College,Kansas City Kansas Community College
0743308234227449856,141802,Kauai Community College,Kauai Community College
0743308238233010176,225991,KD Conservatory College of Film and Dramatic Arts,KD Conservatory College of Film and Dramatic Arts
0743308243052265472,161192,Kennebec Valley Community College,"Kennebec Valley Community College, Fairfield"
0743308262622887936,146366,Kaskaskia College,"Kaskaskia College, Centralia"
0743308264308998144,461315,Keweenaw Bay Ojibwa Community College,Keweenaw Bay Ojibwa Community College
0743308276774469632,157854,Kentucky Community and Technical College System,Kentucky Community and Technical College System
0743308282092847104,134422,Key College,"Key College, Fort Lauderdale"
0743308293660737536,170587,Kirtland Community College,"Kirtland Community College, Grayling"
0743308301818658816,153737,Kirkwood Community College,"Kirkwood Community College, Cedar Rapids"
0743308310400204800,226019,Kilgore College,Kilgore College
0743308318851727360,146418,Kishwaukee College,"Kishwaukee College, Malta"
0743308322899230720,428392,Klamath Community College,Klamath Community College
0743308336195174400,154332,La James International College-Davenport,"La James International College, Davenport"
0743308340045545472,153773,La James College of Hairstyling and Cosmetology,La James College of Hairstyling and Cosmetology
0743308353278574592,153746,La James International College-Cedar Falls,"La James International College, Cedar Falls"
0743308357116362752,153782,La James International College-Ft Dodge,"La James International College, Fort Dodge"
0743308360916402176,153764,La James International College-Johnston,"La James International College, Johnston"
0743308386489073664,146506,Lake Land College,Lake Land College
0743308394332422144,219143,Lake Area Technical College,"Lake Area Technical College, Watertown"
0743308403194986496,155450,Labette Community College,"Labette Community College, Parsons"
0743308416801308672,483920,LaBarberia Institute of Hair,"LaBarberia Institute of Hair, Mayfield Heights"
0743308420068671488,170550,Kellogg Community College,"Kellogg Community College, Battle Creek"
0743308424984395776,200192,Lake Region State College,"Lake Region State College, Devils Lake"
0743308432680943616,170620,Lake Michigan College,Lake Michigan College
0743308441300238336,117195,Lake Tahoe Community College,"Lake Tahoe Community College, South Lake Tahoe"
0743308449739177984,173461,Lake Superior College,Lake Superior College
0743308466931630080,127389,Lamar Community College,"Lamar Community College, Lamar"
0743308470832332800,183123,Lakes Region Community College,Lakes Region Community College
0743308479560679424,239008,Lakeshore Technical College,"Lakeshore Technical College, Cleveland"
0743308483994058752,203599,Lakeland Community College,"Lakeland Community College, Kirtland"
0743308491694800896,441760,Lamar Institute of Technology,Lamar Institute of Technology
0743308496090431488,226116,Lamar State College-Port Arthur,"Lamar State College, Port Arthur"
0743308517414273024,209038,Lane Community College,"Lane Community College, Eugene"
0743308522007035904,456214,Lamson Institute,"Lamson Institute, San Antonio"
0743308526549467136,117247,Laney College,"Laney College, Oakland"
0743308530777325568,226107,Lamar State College-Orange,"Lamar State College, Orange"
0743308546745040896,213473,Lansdale School of Business,Lansdale School of Business
0743308556496797696,140243,Lanier Technical College,"Lanier Technical College, Gainesville"
0743308563941687296,170657,Lansing Community College,Lansing Community College
0743308567984996352,366401,Las Positas College,Las Positas College
0743308580618240000,117274,Lassen Community College,Lassen Community College
0743308589304643584,232575,Laurel Ridge Community College,"Laurel Ridge Community College, Middletown"
0743308593280843776,250027,Laurel Business Institute,"Laurel Business Institute, Uniontown"
0743308602101465088,215992,Laurel Technical Institute,"Laurel Technical Institute, Hermitage"
0743308614227197952,101569,Lawson State Community College,"Lawson State Community College, Birmingham"
0743308618480222208,166407,Lawrence Memorial Hospital School of Nursing,Lawrence Memorial Hospital School of Nursing
0743308627971932160,226204,Lee College,Lee College
0743308631507730432,413626,Leech Lake Tribal College,"Leech Lake Tribal College, Cass Lake"
0743308657206231040,213525,Lehigh Carbon Community College,"Lehigh Carbon Community College, Schnecksville"
0743308662960816128,141811,Leeward Community College,"Leeward Community College, Pearl City"
0743308665326403584,198817,Lenoir Community College,Lenoir Community College
0743308669994663936,448594,Lemoore College,Lemoore College
0743308678278414336,418533,Lancaster County Career and Technology Center,"Lancaster County Career and Technology Center, Willow Street"
0743308687363276800,146603,Lewis and Clark Community College,"Lewis and Clark Community College, Godfrey"
0743308696548802560,242820,Liceo de Arte y Tecnologia,Liceo de Arte y Tecnología
0743308715989401600,151661,Lincoln College of Technology-Indianapolis,"Lincoln College of Technology, Indianapolis"
0743308720464723968,126951,Lincoln College of Technology-Denver,"Lincoln College of Technology, Denver"
0743308723883081728,163028,Lincoln College of Technology-Columbia,"Lincoln College of Technology, Columbia"
0743308728324849664,226277,Lincoln College of Technology-Grand Prairie,"Lincoln College of Technology, Grand Prairie"
0743308736872841216,434159,Lincoln College of Technology-Marietta,"Lincoln College of Technology, Marietta"
0743308757907275776,146700,Lincoln College of Technology-Melrose Park,"Lincoln College of Technology, Melrose Park"
0743308762076413952,213570,Lincoln Technical Institute-Allentown,"Lincoln Technical Institute, Allentown"
0743308766635622400,129181,Lincoln Technical Institute-East Windsor,"Lincoln Technical Institute, East Windsor"
0743308770569879552,146685,Lincoln Land Community College,"Lincoln Land Community College, Springfield"
0743308779315003392,221148,Lincoln College of Technology-Nashville,"Lincoln College of Technology, Nashville"
0743308795718926336,420343,Lincoln Technical Institute-Mahwah,"Lincoln Technical Institute, Mahwah"
0743308800458489856,129923,Lincoln Technical Institute-New Britain,"Lincoln Technical Institute, New Britain"
0743308805005115392,213589,Lincoln Technical Institute-Philadelphia,"Lincoln Technical Institute, Philadelphia"
0743308821518090240,445911,Lincoln Technical Institute-Shelton,"Lincoln Technical Institute, Shelton"
0743308825431375872,184427,Lincoln Technical Institute-South Plainfield,"Lincoln Technical Institute, South Plainfield"
0743308829466296320,209074,Linn-Benton Community College,"Linn-Benton Community College, Albany"
0743308833606074368,135294,Lindsey Hopkins Technical College,Lindsey Hopkins Technical College
0743308852258144256,434016,Little Priest Tribal College,"Little Priest Tribal College, Winnebago"
0743308855487758336,117645,Long Beach City College,Long Beach City College
0743308859958886400,403478,Lincoln Trail College,"Lincoln Trail College, Robinson"
0743308876555747328,117690,Los Angeles Harbor College,Los Angeles Harbor College
0743308880594862080,117803,Los Angeles County College of Nursing and Allied Health,Los Angeles County College of Nursing and Allied Health
0743308884713668608,117788,Los Angeles City College,Los Angeles City College
0743308905920069632,117706,Los Angeles Pierce College,Los Angeles Pierce College
0743308905920069633,400558,Los Angeles Pacific College,Los Angeles Pacific College
0743308918213574656,117715,Los Angeles Southwest College,Los Angeles Southwest College
0743308922927972352,117867,Los Angeles Mission College,Los Angeles Mission College
0743308935980646400,117733,Los Angeles Valley College,Los Angeles Valley College
0743308939675828224,117724,Los Angeles Trade Technical College,Los Angeles Trade Technical College
0743308943916269568,117894,Los Medanos College,"Los Medanos College, Pittsburg"
0743308956356575232,117900,Los Rios Community College District Office,Los Rios Community College District
0743308969132425216,449612,Louisiana Culinary Institute,"Louisiana Culinary Institute, Baton Rouge"
0743308977638473728,180328,Little Big Horn College,"Little Big Horn College, Crow Agency"
0743308982000549888,483212,Louisiana Delta Community College,"Louisiana Delta Community College, Monroe"
0743308992536641536,198871,Louisburg College,Louisburg College
0743309003819319296,159407,Louisiana State University-Eunice,Louisiana State University Eunice
0743309007371894784,192509,Long Island Business Institute,Long Island Business Institute
0743309028473438208,101602,Lurleen B Wallace Community College,"Lurleen B. Wallace Community College, Andalusia"
0743309032365752320,363633,Luna Community College,"Luna Community College, Las Vegas"
0743309037373751296,213659,Luzerne County Community College,"Luzerne County Community College, Nanticoke"
0743309040775331840,170790,Macomb Community College,Macomb Community College
0743309057896480768,497046,Madera Community College,Madera Community College
0743309062325665792,375407,Madison Adult Career Center,"Madison Adult Career Center, Mansfield"
0743309066461249536,135407,Manatee Technical College,"Manatee Technical College, Bradenton"
0743309071087566848,157304,Madisonville Community College,Madisonville Community College
0743309083901165568,155487,Manhattan Area Technical College,Manhattan Area Technical College
0743309092558209024,183132,Manchester Community College,Manchester Community College
0743309100082790400,192688,Mandl School-The College of Allied Health,"Mandl School, The College of Allied Health, New York"
0743309104591667200,420981,Manhattan School of Computer Technology,Manhattan School of Computer Technology
0743309117262659584,495183,Mariano Moreno Culinary Institute,"Mariano Moreno Culinary Institute, Miami"
0743309121779924992,101648,Marion Military Institute,Marion Military Institute
0743309134459305984,105136,Maricopa Community College System Office,Maricopa Community Colleges
0743309138058018816,198905,Martin Community College,"Martin Community College, Williamston"
0743309159008567296,153922,Marshalltown Community College,Marshalltown Community College
0743309164079480832,419226,Marion Technical College,Marion Technical College
0743309168143761408,496061,Mason Anthony School of Cosmetology Arts & Sciences,"Mason Anthony School of Cosmetology, Arts & Sciences"
0743309176117133312,166647,Massachusetts Bay Community College,Massachusetts Bay Community College
0743309184136642560,166823,Massasoit Community College,Massasoit Community College
0743309193519300608,157331,Maysville Community and Technical College,Maysville Community and Technical College
0743309201165516800,198914,Mayland Community College,"Mayland Community College, Spruce Pine"
0743309218508963840,198923,McDowell Technical Community College,McDowell Technical Community College
0743309222459998208,147004,McHenry County College,McHenry County College
0743309227094704128,226578,McLennan Community College,McLennan Community College
0743309230886354944,414461,Mech-Tech College,Mech-Tech College
0743309259961270272,455336,MediaTech Institute-Dallas,"MediaTech Institute, Dallas"
0743309264906354688,456153,MediaTech Institute-Houston,"MediaTech Institute, Houston"
0743309269658501120,479965,Medical Career Institute,"Medical Career Institute, Ocean"
0743309286146310144,129695,Manchester Community College,"Manchester Community College, Manchester"
0743309294786576384,118684,Mendocino College,"Mendocino College, Ukiah"
0743309302625730560,192970,Memorial Hospital School of Radiation Therapy Technology,"Memorial Hospital School of Radiation Therapy Technology, New York"
0743309328760438784,484066,MedQuest College,"MedQuest College, Louisville"
0743309332870856704,185509,Mercer County Community College,"Mercer County Community College, West Windsor"
0743309336427626496,118718,Merced College,Merced College
0743309340043116544,237543,Mercer County Technical Education Center,"Mercer County Technical Education Center, Princeton"
0743309361677336576,244279,Meridian College,"Meridian College, Sarasota"
0743309366517563392,461324,Meridian Institute of Surgical Assisting,Meridian Institute of Surgical Assisting
0743309382963429376,366571,Mercy-St Luke's School of Radiologic Technology,"Mercy-St Luke's School of Radiologic Technology, Cedar Rapids"
0743309387195482112,427308,Merkaz Bnos-Business School,"Merkaz Bnos Business School, Brooklyn"
0743309391758884864,175935,Meridian Community College,Meridian Community College
0743309416979234816,365480,Meridian Technology Center,"Meridian Technology Center, Stillwater"
0743309421081264128,118772,Merritt College,"Merritt College, Oakland"
0743309425921490944,494995,Meryma'at Barber College,Meryma'at Barber College
0743309442556100608,490489,Metro Detroit Barber College,Metro Detroit Barber College
0743309454312734720,488059,Med College,"Med College, Hialeah"
0743309458758696960,181303,Metropolitan Community College Area,"Metropolitan Community College, Omaha"
0743309476223778816,363165,Metro Technology Centers,"Metro Technology Centers, Oklahoma City"
0743309479738605568,428000,Miami Ad School,"Miami Ad School, Miami"
0743309485665157120,177995,Metropolitan Community College-Kansas City,"Metropolitan Community College, Kansas City"
0743309496960417792,140827,Miami Ad School-Atlanta,"Miami Ad School, Atlanta"
0743309514496802816,105154,Mesa Community College,Mesa Community College
0743309518133264384,135647,Miami Lakes Educational Center and Technical College,"Miami Lakes Educational Center, Miami Lakes"
0743309523254509568,476355,Miami Ad School-New York,"Miami Ad School, New York"
0743309527675305984,480851,Miami Media School,"Miami Media School, Doral"
0743309544121171968,169655,MIAT College of Technology,MIAT College of Technology
0743309547766022144,171155,Mid Michigan College,"Mid Michigan College, Harrison"
0743309551922577408,185536,Middlesex College,"Middlesex College, Edison"
0743309577155510272,188261,Mesalands Community College,"Mesalands Community College, Tucumcari"
0743309582650048512,181312,Mid-Plains Community College,"Mid-Plains Community College, North Platte"
0743309585741250560,166887,Middlesex Community College,"Middlesex Community College, Bedford"
0743309594356350976,129756,Middlesex Community College,"Middlesex Community College, Middletown"
0743309598605180928,218353,Midlands Technical College,Midlands Technical College
0743309615139127296,239220,Mid-State Technical College,Mid-State Technical College
0743309623506763776,193201,Mildred Elley School-Albany Campus,"Mildred Elley School, Albany Campus"
0743309628242132992,457536,Midwestern Career College,Midwestern Career College
0743309632650346496,178183,Midwest Institute,"Midwest Institute, Earth City"
0743309640560803840,461014,Mildred Elley-New York Campus,"Mildred Elley, New York Campus"
0743309644629278720,180373,Miles Community College,Miles Community College
0743309657501597696,213534,Miller-Motte College-Berks Technical Institute,"Miller-Motte College, Berks Technical Institute"
0743309671468630016,103963,Miller-Motte College-Arizona Automotive Institute,"Miller-Motte College, Arizona Automotive Institute"
0743309674362699776,441025,Miller-Motte College-Charleston,"Miller-Motte College, Charleston"
0743309683544031232,458441,Miller-Motte College-Columbus,"Miller-Motte College, Columbus"
0743309687067246592,460826,Miller-Motte College-Augusta,"Miller-Motte College, Augusta"
0743309704154841088,460835,Miller-Motte College-Conway,"Miller-Motte College, Conway"
0743309714221170688,458405,Miller-Motte College-Fayetteville,"Miller-Motte College, Fayetteville"
0743309716595146752,475060,Miller-Motte College-Macon,"Miller-Motte College, Macon"
0743309720781062144,460817,Miller-Motte College-Jacksonville,"Miller-Motte College, Jacksonville"
0743309730021113856,456205,Miller-Motte College-Raleigh,"Miller-Motte College, Raleigh"
0743309741656113152,245962,Miller-Motte College-Tulsa,"Miller-Motte College, Tulsa"
0743309745963663360,239248,Milwaukee Area Technical College,Milwaukee Area Technical College
0743309754549403648,178217,Mineral Area College,Mineral Area College
0743309767849541632,174136,Minneapolis Community and Technical College,Minneapolis Community and Technical College
0743309771095932928,449861,Milwaukee Career College,Milwaukee Career College
0743309780008828928,173735,Minnesota North College,"Minnesota North College, Hibbing"
0743309788238053376,175263,Minnesota State College Southeast,Minnesota State College Southeast
0743309796920262656,173638,Minnesota West Community and Technical College,Minnesota West Community and Technical College
0743309810421727232,173559,Minnesota State Community and Technical College,Minnesota State Community and Technical College
0743309813642952704,118930,Mission College,"Mission College, Santa Clara"
0743309822123835392,247737,Mississippi Community College Board,Mississippi Community College Board
0743309830898319360,176008,Mississippi Delta Community College,Mississippi Delta Community College
0743309839983181824,179344,Missouri State University-West Plains,"Missouri State University, West Plains"
0743309848178851840,176071,Mississippi Gulf Coast Community College,Mississippi Gulf Coast Community College
0743309855544049664,198987,Mitchell Community College,Mitchell Community College
0743309868332482560,178448,Moberly Area Community College,Moberly Area Community College
0743309872367403008,219189,Mitchell Technical College,Mitchell Technical College
0743309885810147328,371928,Modern Technology School,"Modern Technology School, Fountain Valley"
0743309889777958912,105206,Mohave Community College,"Mohave Community College, Kingman"
0743309903141011456,193283,Mohawk Valley Community College,"Mohawk Valley Community College, Utica"
0743309907452755968,204121,Moler Hollywood Beauty Academy,"Moler Hollywood Beauty Academy, Cincinnati"
0743309925194661888,250902,Moler-Pickens Beauty Academy,"Moler-Pickens Beauty Academy, Fairfield"
0743309932966707200,193326,Monroe Community College,"Monroe Community College, Rochester"
0743309938478022656,456579,Miller-Motte College-McCann-Allentown,"Miller-Motte College, Allentown"
0743309948892479488,438221,Miller-Motte College-McCann-Lewisburg,"Miller-Motte College, Lewisburg"
0743309953082589184,171225,Monroe County Community College,Monroe County Community College
0743309961399894016,367112,Miller-Motte College-McCann-Monroe,"Miller-Motte College, Monroe"
0743309970438619136,193380,Montefiore School of Nursing,"Montefiore School of Nursing, Mount Vernon"
0743309982652432384,163426,Montgomery College,"Montgomery College, Rockville"
0743309995352784896,214111,Montgomery County Community College,"Montgomery County Community College, Blue Bell"
0743309999429648384,171234,Montcalm Community College,"Montcalm Community College, Sidney"
0743310003728809984,199023,Montgomery Community College,"Montgomery Community College, Troy"
0743310020589912064,239372,Moraine Park Technical College,"Moraine Park Technical College, Fond du Lac"
0743310028919799808,147378,Moraine Valley Community College,Moraine Valley Community College
0743310032929554432,119067,Monterey Peninsula College,Monterey Peninsula College
0743310037262270464,248606,Moore Norman Technology Center,Moore Norman Technology Center
0743310046590402560,119137,Moorpark College,Moorpark College
0743310052978327552,460394,Moreno Valley College,Moreno Valley College
0743310058531586048,147396,Morrison Institute of Technology,Morrison Institute of Technology
0743310071437459456,221096,Motlow State Community College,Motlow State Community College
0743310076294463488,166957,Mount Wachusett Community College,Mount Wachusett Community College
0743310088487305216,169275,Mott Community College,Mott Community College
0743310101045051392,231873,Mountain Gateway Community College,"Mountain Gateway Community College, Clifton Forge"
0743310110394155008,232788,Mountain Empire Community College,"Mountain Empire Community College, Big Stone Gap"
0743310115502817280,147411,Morton College,"Morton College, Cicero"
0743310125921468416,444954,Mountwest Community and Technical College,Mountwest Community and Technical College
0743310146985263104,119216,Mt San Jacinto Community College District,Mt. San Jacinto College
0743310147010428928,118198,MTI College,"MTI College, Sacramento"
0743310150357483520,119164,Mt San Antonio College,Mt San Antonio College
0743310152551104512,207236,Murray State College,"Murray State College, Tishomingo"
0743310164873969664,451477,MyComputerCareer at Columbus,"My Computer Career, Columbus"
0743310169047302144,451228,MyComputerCareer at Indianapolis,"MyComputerCareer, Indianapolis"
0743310190387920896,434432,Myotherapy Institute,"Myotherapy Institute, Lincoln"
0743310194720636928,119331,Napa Valley College,Napa Valley College
0743310201343442944,480037,MyComputerCareer at Raleigh,"MyComputerCareer, Raleigh"
0743310203188936704,171304,Muskegon Community College,Muskegon Community College
0743310223791357952,183141,Nashua Community College,Nashua Community College
0743310231987027968,199087,Nash Community College,"Nash Community College, Rocky Mount"
0743310237221519360,237570,Morgantown Beauty College Inc,"Morgantown Beauty College, Morgantown"
0743310245136171008,442611,NASCAR Technical Institute,"NASCAR Technical Institute, Mooresville"
0743310249666019328,490115,Nashville Film Institute,Nashville Film Institute
0743310253843546112,221184,Nashville State Community College,Nashville State Community College
0743310273682604032,193478,Nassau Community College,"Nassau Community College, Garden City"
0743310276148854784,131830,National Conservatory of Dramatic Arts,National Conservatory of Dramatic Arts
0743310279999225856,455868,National Career College,"National Career College, Panorama City"
0743310287641247744,106980,National Park College,"National Park College, Hot Springs"
0743310301557948416,181765,Nebraska College of Technical Agriculture,Nebraska College of Technical Agriculture
0743310304745619456,447759,National Polytechnic College,"National Polytechnic College, Lakewood"
0743310317043318784,193609,Neighborhood Playhouse School of the Theater,"Neighborhood Playhouse School of the Theatre, New York City"
0743310321120182272,155566,Neosho County Community College,"Neosho County Community College, Chanute"
0743310336362283008,214290,New Castle School of Trades,New Castle School of Trades
0743310338962751488,414939,Nevada Career Institute,Nevada Career Institute
0743310351440805888,187912,New Mexico Military Institute,"New Mexico Military Institute, Roswell"
0743310354842386432,187903,New Mexico Junior College,New Mexico Junior College
0743310363189051392,187620,New Mexico State University-Dona Ana,"New Mexico State University, Dona Ana"
0743310380259868672,188021,New Mexico State University-Grants,"New Mexico State University, Grants"
0743310388828831744,165635,National Aviation Academy of New England,"National Aviation Academy, Concord"
0743310393438371840,378956,National Aviation Academy of Tampa Bay,"National Aviation Academy, Clearwater"
0743310397418766336,187994,New Mexico State University-Alamogordo,"New Mexico State University, Alamogordo"
0743310409947152384,447582,New River Community and Technical College,New River Community and Technical College
0743310427173158912,232867,New River Community College,"New River Community College, Dublin"
0743310430969004032,440262,New York Automotive and Diesel Institute,"New York Automotive and Diesel Institute, Jamaica"
0743310435477880832,421841,New York Conservatory for Dramatic Arts,New York Conservatory for Dramatic Arts
0743310439516995584,434469,New Professions Technical Institute,"New Professions Technical Institute, Miami"
0743310460517875712,457800,New York Medical Career Training Center,"New York Medical Career Training Center, Flushing"
0743310466029191168,193858,New York School for Medical and Dental Assistants,"New York School for Medical and Dental Assistants, Long Island City"
0743310469011341312,493798,New York Seminary,"New York Seminary, Brooklyn"
0743310473612492800,183099,NHTI-Concord's Community College,"NHTI, Concord's Community College"
0743310486363176960,239442,Nicolet Area Technical College,Nicolet Area Technical College
0743310490641367040,174428,Normandale Community College,Normandale Community College
0743310500934189056,167297,North Bennet Street School,"North Bennet Street School, Boston"
0743310507015929856,107460,North Arkansas College,North Arkansas College
0743310515354206208,418889,North Central Institute,"North Central Institute, Clarksville"
0743310524053192704,171395,North Central Michigan College,North Central Michigan College
0743310532806705152,179715,North Central Missouri College,North Central Missouri College
0743310541149175808,224110,North Central Texas College,"North Central Texas College, Gainesville"
0743310550095626240,194028,North Country Community College,North Country Community College
0743310563345432576,200305,North Dakota State College of Science,North Dakota State College of Science
0743310570102456320,140678,North Georgia Technical College,North Georgia Technical College
0743310577874501632,174376,North Hennepin Community College,"North Hennepin Community College, Brooklyn Park"
0743310585998868480,142443,North Idaho College,North Idaho College
0743310594379087872,154059,North Iowa Area Community College,North Iowa Area Community College
0743310602985799680,460464,Norco College,Norco College
0743310612687224832,214379,Northampton County Area Community College,Northampton County Area Community College
0743310628403281920,239460,Northcentral Technical College,"Northcentral Technical College, Wausau"
0743310630764675072,167312,North Shore Community College,"North Shore Community College, Danvers"
0743310645151137792,193946,Niagara County Community College,"Niagara County Community College, Sanborn"
0743310654114365440,181491,Northeast Community College,"Northeast Community College, Norfolk"
0743310658249949184,101897,Northeast Alabama Community College,Northeast Alabama Community College
0743310662226149376,129729,Naugatuck Valley Community College,"Naugatuck Valley Community College, Waterbury"
0743310687819792384,176169,Northeast Mississippi Community College,Northeast Mississippi Community College
0743310691787603968,154110,Northeast Iowa Community College,"Northeast Iowa Community College, Calmar"
0743310695780581376,155593,North Central Kansas Technical College,"North Central Kansas Technical College, Beloit"
0743310700616613888,488730,Northeast Lakeview College,"Northeast Lakeview College, Universal City"
0743310713052725248,221908,Northeast State Community College,Northeast State Community College
0743310725866323968,127732,Northeastern Junior College,Northeastern Junior College
0743310730282926080,227225,Northeast Texas Community College,Northeast Texas Community College
0743310735911682048,239488,Northeast Wisconsin Technical College,Northeast Wisconsin Technical College
0743310738369544192,207290,Northeastern Oklahoma A&M College,Northeastern Oklahoma A and M College
0743310750914707456,167376,Northern Essex Community College,Northern Essex Community College
0743310759227817984,161484,Northern Maine Community College,Northern Maine Community College
0743310776650956800,232946,Northern Virginia Community College,Northern Virginia Community College
0743310781189193728,494959,Northern Pennsylvania Regional College,"Northern Pennsylvania Regional College, Warren"
0743310784678854656,207281,Northern Oklahoma College,"Northern Oklahoma College, Tonkawa"
0743310797865746432,105349,Northland Pioneer College,"Northland Pioneer College, Holbrook"
0743310802647252992,174473,Northland Community and Technical College,Northland Community and Technical College
0743310806405349376,240666,Northern Wyoming Community College District,Northern Wyoming Community College District
0743310820062003200,445948,Northwest Career College,"Northwest Career College, Las Vegas"
0743310824671543296,367459,NorthWest Arkansas Community College,NorthWest Arkansas Community College
0743310835912278016,209083,Northwest College-Beaverton,"Northwest College, Beaverton"
0743310848084148224,484367,North-West College-Anaheim,"North-West College, Anaheim"
0743310852899209216,209205,Northwest College-Clackamas,"Northwest College, Clackamas"
0743310856682471424,468246,Northwest College-Eugene,"Northwest College, Eugene"
0743310869114388480,484376,North-West College-Long Beach,"North-West College, Long Beach"
0743310873472270336,484950,Northwest College-Medford,"Northwest College, Medford"
0743310882171256832,468255,Northwest College-Tualatin,"Northwest College, Tualatin"
0743310890815717376,120078,North-West College-West Covina,"North-West College, West Covina"
0743310904006803456,155618,Northwest Kansas Technical College,Northwest Kansas Technical College
0743310908259827712,154129,Northwest Iowa Community College,"Northwest Iowa Community College, Sheldon"
0743310920008073216,160010,Northwest Louisiana Technical Community College,"Northwest Louisiana Technical Community College, Minden"
0743310924361760768,160667,Northshore Technical Community College,"Northshore Technical Community College, Lacombe"
0743310932280606720,458140,Northwest School of Wooden Boat Building,"Northwest School of Wooden Boat Building, Port Hadlock"
0743310945207451648,217837,Northeastern Technical College,"Northeastern Technical College, Cheraw"
0743310958759247872,101736,Northwest Shoals Community College,"Northwest Shoals Community College, Muscle Shoals"
0743310966317383680,176178,Northwest Mississippi Community College,Northwest Mississippi Community College
0743310970738180096,204440,Northwest State Community College,"Northwest State Community College, Archbold"
0743310974672437248,173115,Northwest Technical College,"Northwest Technical College, Bemidji"
0743310987498618880,240198,Northwood Technical College,Northwood Technical College
0743310995857866752,420398,Northwest Vista College,"Northwest Vista College, San Antonio"
0743311008126205952,428055,Nova College de Puerto Rico,"Nova College, Bayamón"
0743311012681220096,158884,Nunez Community College,"Nunez Community College, Chalmette"
0743311017257205760,445364,North-West College-Riverside,"North-West College, Riverside"
0743311034214776832,171535,Oakland Community College,"Oakland Community College, Auburn Hills"
0743311042116845568,147800,Oakton College,"Oakton College, Des Plaines"
0743311051088461824,185873,Ocean County College,Ocean County College
0743311054653620224,420431,Oconee Fall Line Technical College,"Oconee Fall Line Technical College, Sandersville"
0743311059468681216,366465,Ogeechee Technical College,Ogeechee Technical College
0743311084655476736,483647,Ohio Institute of Allied Health,Ohio Institute of Allied Health
0743311089533452288,203720,Ohio Business College-Sheffield,"Ohio Business College, Sheffield"
0743311097758482432,203739,Ohio Business College-Sandusky,"Ohio Business College, Sandusky"
0743311105476001792,493646,Ohel Margulia Seminary,"Ohel Margulia Seminary, Monsey"
0743311118172160000,204723,Ohio State College of Barber Styling,Ohio State College of Barber Styling
0743311121909284864,453792,Ohio Medical Career College,Ohio Medical Career College
0743311132910944256,204714,Ohio State Beauty Academy,"Ohio State Beauty Academy, Lima"
0743311141584764928,204778,Ohio State School of Cosmetology-Canal Winchester,"Ohio State School of Cosmetology, Canal Winchester"
0743311144281702400,204662,Ohio State University Agricultural Technical Institute,"Ohio State University Agricultural Technical Institute, Wooster"
0743311157456011264,120290,Ohlone College,Ohlone College
0743311161386074112,204608,Ohio Technical College,Ohio Technical College
0743311177299263488,405012,Ohio State School of Cosmetology-Heath,"Ohio State School of Cosmetology, Heath"
0743311185981472768,207449,Oklahoma City Community College,Oklahoma City Community College
0743311194697236480,145707,Olney Central College,Olney Central College
0743311198539218944,469629,Oklahoma Technical College,"Oklahoma Technical College, Tulsa"
0743311202486059008,194222,Onondaga Community College,"Onondaga Community College, Syracuse"
0743311223671488512,120342,Orange Coast College,Orange Coast College
0743311228058730496,138488,Orange Technical College-East Campus,"Orange Technical College, East Campus"
0743311232890568704,194240,Orange County Community College,"Orange County Community College, Middletown"
0743311240536784896,135735,Orange Technical College-South Campus,"Orange Technical College, South Campus"
0743311248996696064,130040,Northwestern Connecticut Community College,"Northwestern Connecticut Community College, Winsted"
0743311257687293952,138372,Orange Technical College-West Campus,"Orange Technical College, West Campus"
0743311275156570112,204945,Owens Community College,"Owens Community College, Perrysburg"
0743311283536789504,423652,Oregon Coast Community College,Oregon Coast Community College
0743311291426275328,218487,Orangeburg Calhoun Technical College,Orangeburg Calhoun Technical College
0743311296555909120,127778,Otero College,Otero College
0743311300154621952,247940,Owensboro Community and Technical College,Owensboro Community and Technical College
0743311308585172992,120421,Oxnard College,Oxnard College
0743311319381311488,107549,Ozarka College,"Ozarka College, Melbourne"
0743311329862877184,495147,Pacific Northwest Christian College,Pacific Northwest Christian College
0743311333889409024,120953,Palo Verde College,"Palo Verde College, Blythe"
0743311339241340928,246354,Palo Alto College,"Palo Alto College, San Antonio"
0743311354907066368,227401,Paris Junior College,Paris Junior College
0743311358811963392,227386,Panola College,"Panola College, Carthage"
0743311364591714304,199263,Pamlico Community College,"Pamlico Community College, Grantsboro"
0743311373114540032,121044,Pasadena City College,Pasadena City College
0743311384514658304,147916,Parkland College,Parkland College
0743311392110542848,186034,Passaic County Community College,Passaic County Community College
0743311397168873472,233019,Patrick & Henry Community College,Patrick Henry Community College
0743311410028609536,495378,PCI Academy-Iowa City,"PCI Academy, Iowa City"
0743311413895757824,154208,PCI Academy-Ames,"PCI Academy, Ames"
0743311421793632256,233037,Paul D Camp Community College,Paul D. Camp Community College
0743311434510761984,176239,Pearl River Community College,"Pearl River Community College, Poplarville"
0743311443767590912,221643,Pellissippi State Community College,"Pellissippi State Community College, Knoxville"
0743311448070946816,459514,Peloton College,Peloton College
0743311455868157952,186052,Pennco Tech-Blackwood,"Pennco Tech, Blackwood"
0743311468547538944,214944,Pennco Tech-Bristol,"Pennco Tech, Bristol"
0743311472230137856,215008,Pennsylvania Gunsmith School,Pennsylvania Gunsmith School
0743311480966873088,121178,Peralta Community College System Office,Peralta Community College District
0743311497987358720,414911,Pennsylvania Highlands Community College,"Pennsylvania Highlands Community College, Johnstown"
0743311502148108288,214892,Penn Commercial Business/Technical School,Penn Commercial Business and Technical School
0743311514504527872,209667,Phagans Beauty College,"Phagans Beauty College, Corvallis"
0743311522968633344,209676,Phagans Central Oregon Beauty College,"Phagans Central Oregon Beauty College, Bend"
0743311531181080576,236212,Perry Technical Institute,"Perry Technical Institute, Yakima"
0743311536298131456,209153,Phagans Medford Beauty School,Phagans Medford Beauty School
0743311544204394496,208859,Phagans Grants Pass College of Beauty,Phagans Grants Pass College of Beauty
0743311553691910144,209694,Phagans School of Beauty,"Phagans School of Beauty, Salem"
0743311557399674880,209700,Phagans School of Hair Design,"Phagans School of Hair Design, Happy Valley"
0743311573698740224,243647,Palau Community College,"Palau Community College, Koror"
0743311581877633024,107619,Phillips Community College of the University of Arkansas,Phillips Community College of the University of Arkansas
0743311590564036608,120971,Palomar College,"Palomar College, San Marcos"
0743311594347298816,128151,Pickens Technical College,Pickens Technical College
0743311612722544640,233116,Piedmont Virginia Community College,Piedmont Virginia Community College
0743311620280680448,105428,Phoenix College,Phoenix College
0743311624646950912,218520,Piedmont Technical College,"Piedmont Technical College, Greenwood"
0743311634767806464,443492,Pierpont Community and Technical College,"Pierpont Community and Technical College, Fairmont"
0743311641696796672,105525,Pima Community College,"Pima Community College, Tucson"
0743311645362618368,199324,Piedmont Community College,"Piedmont Community College, Roxboro"
0743311649816969216,105543,Pima Medical Institute-Albuquerque,"Pima Medical Institute, Albuquerque"
0743311675339309056,434140,Pima Medical Institute-Chula Vista,"Pima Medical Institute, Chula Vista"
0743311683371401216,404912,Pima Medical Institute-Denver,"Pima Medical Institute, Denver"
0743311683627253760,461689,Pima Medical Institute-Aurora,"Pima Medical Institute, Aurora"
0743311688601698304,489812,Pima Medical Institute-Dillon,"Pima Medical Institute, Dillon"
0743311692334628864,442134,Pima Medical Institute-Colorado Springs,"Pima Medical Institute, Colorado Springs"
0743311704846237696,456038,Pima Medical Institute-East Valley,"Pima Medical Institute, East Valley"
0743311721510207488,445230,Pima Medical Institute-Las Vegas,"Pima Medical Institute, Las Vegas"
0743311730632818688,260691,Pima Medical Institute-Mesa,"Pima Medical Institute, Mesa"
0743311734940368896,486813,Pima Medical Institute-El Paso,"Pima Medical Institute, El Paso"
0743311738471972864,486822,Pima Medical Institute-Phoenix,"Pima Medical Institute, Phoenix"
0743311747170959360,460136,Pima Medical Institute-Houston,"Pima Medical Institute, Houston"
0743311751298154496,449074,Pima Medical Institute-Renton,"Pima Medical Institute, Renton"
0743311771019771904,494588,Pima Medical Institute-San Antonio,"Pima Medical Institute, San Antonio"
0743311772861071360,368629,Pima Medical Institute-Seattle,"Pima Medical Institute, Seattle"
0743311789772505088,492449,Pima Medical Institute-San Marcos,"Pima Medical Institute, San Marcos"
0743311797099954176,177302,Pinnacle Career Institute,"Pinnacle Career Institute, Kansas City"
0743311797615853568,174570,Pine Technical & Community College,Pine Technical and Community College
0743311805668917248,199333,Pitt Community College,"Pitt Community College, Winterville"
0743311812027482112,215381,Pittsburgh Institute of Aeronautics,Pittsburgh Institute of Aeronautics
0743311823746367488,215390,Pittsburgh Institute of Mortuary Science Inc,Pittsburgh Institute of Mortuary Science
0743311831564550144,121363,Porterville College,Porterville College
0743311835763048448,190451,Pomeroy College of Nursing at Crouse Hospital,"Pomeroy College of Nursing, Crouse Hospital"
0743311843958718464,209746,Portland Community College,Portland Community College
0743311859288899584,148007,Prairie State College,Prairie State College
0743311861293776896,457925,Portland Actors Conservatory,Portland Actors Conservatory
0743311869485252608,155715,Pratt Community College,Pratt Community College
0743311878129713152,493488,Premiere International College,"Premiere International College, Fort Myers"
0743311888258957312,163657,Prince George's Community College,Prince George's Community College
0743311904184729600,136491,Pinellas Technical College-Clearwater,"Pinellas Technical College, Clearwater"
0743311908840407040,437750,Professional Golfers Career College,"Professional Golfers Career College, Temecula"
0743311920622206976,167534,Quinsigamond Community College,Quinsigamond Community College
0743311929409273856,130217,Quinebaug Valley Community College,Quinebaug Valley Community College
0743311938175369216,137087,Pinellas Technical College-St. Petersburg,"Pinellas Technical College, Saint Petersburg"
0743311948002623488,444811,PITC Institute,"PITC Institute, Wyncote"
0743311958781984768,199421,Randolph Community College,"Randolph Community College, Asheboro"
0743311962816905216,227687,Ranger College,"Ranger College, Ranger"
0743311978436493312,136659,Radford M Locklin Technical College,"Radford M. Locklin Technical College, Milton"
0743311984358850560,407568,Raphael's School of Beauty Culture Inc-Boardman,"Raphael's School of Beauty Culture, Boardman"
0743311989010333696,363882,Raphael's School of Beauty Culture Inc-Brunswick,"Raphael's School of Beauty Culture, Brunswick"
0743312004877385728,363147,Raphael's School of Beauty Culture Inc-Alliance,"Raphael's School of Beauty Culture, Alliance"
0743312010199957504,233310,Rappahannock Community College,Rappahannock Community College
0743312018018140160,205142,Raphael's School of Beauty Culture Inc-Niles,"Raphael's School of Beauty Culture, Niles"
0743312021679767552,416458,Premiere Career College,"Premiere Career College, Irwindale"
0743312026029260800,186645,Raritan Valley Community College,"Raritan Valley Community College, Branchburg"
0743312047571206144,448673,Rasmussen University-Illinois,"Rasmussen University, Illinois"
0743312051551600640,215585,Reading Area Community College,Reading Area Community College
0743312055376805888,207069,Redlands Community College,"Redlands Community College, El Reno"
0743312069369004032,491844,Red Lake Nation College,Red Lake Nation College
0743312073131294720,215594,Reading Hospital School of Health Sciences,Reading Hospital School of Health Sciences
0743312086091694080,117052,Reedley College,Reedley College
0743312093767270400,105659,Refrigeration School Inc,"Refrigeration School, Inc., Phoenix"
0743312098582331392,490197,Regan Career Institute,"Regan Career Institute, El Monte"
0743312102063603712,101994,Reid State Technical College,Reid State Technical College
0743312119725817856,375416,Remington College-Cleveland Campus,"Remington College, Cleveland"
0743312123303559168,451857,Remington College-Houston Southeast Campus,"Remington College, League City"
0743312136750497792,160524,Remington College-Lafayette Campus,"Remington College, Lafayette"
0743312149857697792,377111,Remington College-Fort Worth Campus,"Remington College, North Richland Hills"
0743312153070534656,412599,Remington College-Memphis Campus,"Remington College, Memphis"
0743312157260644352,366535,Remington College-Mobile Campus,"Remington College, Mobile"
0743312170703388672,445249,Remington College-Nashville Campus,"Remington College, Nashville"
0743312174348238848,148256,Rend Lake College,Rend Lake College
0743312186633355264,445203,Remington College-North Houston Campus,"Remington College, North Houston"
0743312195596582912,199449,Richmond Community College,"Richmond Community College, Hamlet"
0743312199560200192,233338,Richard Bland College,Richard Bland College
0743312203934859264,148292,Richland Community College,Richland Community College
0743312220342976512,175236,Ridgewater College,"Ridgewater College, Willmar"
0743312228786110464,436304,River Parishes Community College,River Parishes Community College
0743312237464125440,476726,Rio Grande Valley College,"Rio Grande Valley College, Pharr"
0743312245852733440,183114,River Valley Community College,"River Valley Community College, Claremont"
0743312254451056640,440271,Remington College-Baton Rouge Campus,"Remington College, Baton Rouge"
0743312266908139520,173063,Riverland Community College,"Riverland Community College, Austin"
0743312275347079168,137713,Riveroak Technical College,"Riveroak Technical College, Live Oak"
0743312280099225600,221397,Roane State Community College,Roane State Community College
0743312288701743104,364575,Roane-Jackson Technical Center,"Roane-Jackson Technical Center, Leroy"
0743312297937600512,199467,Roanoke-Chowan Community College,Roanoke-Chowan Community College
0743312301032996864,199476,Robeson Community College,Robeson Community College
0743312305164386304,121901,Riverside City College,Riverside City College
0743312326106546176,136826,Robert Morgan Educational Center and Technical College,"Robert Morgan Educational Center, Miami"
0743312332314116096,148380,Rock Valley College,Rock Valley College
0743312339641565184,199485,Rockingham Community College,Rockingham Community College
0743312349217161216,195058,Rockland Community College,"Rockland Community College, Suffern"
0743312368930390016,439899,Rosedale Bible College,Rosedale Bible College
0743312372583628800,215682,Rosedale Technical College,"Rosedale Technical College, Pittsburgh"
0743312377558073344,207670,Rose State College,Rose State College
0743312381513302016,209940,Rogue Community College,"Rogue Community College, Grants Pass"
0743312395010572288,174738,Rochester Community and Technical College,Rochester Community and Technical College
0743312402799394816,421513,Ross College-Hopkinsville,"Ross College, Hopkinsville"
0743312406989504512,373085,Ross College-Davenport,"Ross College, Davenport"
0743312412265938944,490832,Ross College-Canton,"Ross College, Canton"
0743312425440247808,490841,Ross College-Grand Rapids North,"Ross College, Grand Rapids North"
0743312431765258240,456506,Ross Medical Education Center-Fort Wayne,"Ross Medical Education Center, Fort Wayne"
0743312435967950848,452081,Ross College-Sylvania,"Ross College, Sylvania"
0743312444650160128,183877,Rowan College at Burlington County,Rowan College at Burlington County
0743312461620314112,199494,Rowan-Cabarrus Community College,"Rowan-Cabarrus Community College, Salisbury"
0743312465781063680,184205,Rowan College of South Jersey-Cumberland Campus,"Rowan College of South Jersey, Cumberland Campus"
0743312474496827392,213932,Roxborough Memorial Hospital School of Nursing,Roxborough Memorial Hospital School of Nursing
0743312486677086208,167631,Roxbury Community College,Roxbury Community College
0743312491546673152,184791,Rowan College of South Jersey-Gloucester Campus,"Rowan College of South Jersey, Gloucester Campus"
0743312495321546752,449506,SABER College,"Saber College, Miami"
0743312511943573504,122205,Saddleback College,"Saddleback College, Mission Viejo"
0743312516301455360,122180,Sacramento City College,Sacramento City College
0743312525184991232,490160,Sacramento Ultrasound Institute,Sacramento Ultrasound Institute
0743312528687235072,195702,Saint Elizabeth College of Nursing,Saint Elizabeth College of Nursing
0743312538925531136,441070,Saginaw Chippewa Tribal College,"Saginaw Chippewa Tribal College, Mount Pleasant"
0743312550141100032,175041,Saint Paul College,Saint Paul College
0743312554318626816,486424,Saint Michael College of Allied Health,"Saint Michael College of Allied Health, Washington, D.C."
0743312562992447488,186469,Salem Community College,Salem Community College
0743312571464941568,155830,Salina Area Technical College,Salina Area Technical College
0743312588317655040,230746,Salt Lake Community College,Salt Lake Community College
0743312596509130752,476629,Salon Institute-Toledo Campus,"Salon Institute, Toledo"
0743312597498986496,195289,Samaritan Hospital School of Nursing,"Samaritan Hospital School of Nursing, Troy"
0743312605132619776,152497,Saint Elizabeth School of Nursing,Saint Elizabeth School of Nursing
0743312626657787904,123527,San Bernardino Valley College,San Bernardino Valley College
0743312630646571008,122384,San Diego Miramar College,San Diego Miramar College
0743312634656325632,428426,San Bernardino Community College District,San Bernardino Community College District
0743312639135842304,199625,Sampson Community College,"Sampson Community College, Clinton"
0743312647084048384,122339,San Diego City College,San Diego City College
0743312659885064192,122658,San Joaquin Delta College,San Joaquin Delta College
0743312668672131072,122694,San Joaquin Valley College-Bakersfield,"San Joaquin Valley College, Bakersfield"
0743312672862240768,486372,San Francisco Film School,San Francisco Film School
0743312680609120256,456852,San Joaquin Valley College-Hesperia,"San Joaquin Valley College, Hesperia"
0743312699655454720,481775,San Joaquin Valley College-Lancaster,"San Joaquin Valley College, Lancaster"
0743312706185986048,448372,San Joaquin Valley College-Rancho Cordova,"San Joaquin Valley College, Rancho Cordova"
0743312710145409024,442444,San Joaquin Valley College-Ontario,"San Joaquin Valley College, Ontario"
0743312714935304192,262457,San Joaquin Valley College-Fresno,"San Joaquin Valley College, Fresno"
0743312718844395520,447351,San Joaquin Valley College-Modesto,"San Joaquin Valley College, Modesto"
0743312740625416192,495961,San Joaquin Valley College-Santa Maria,"San Joaquin Valley College, Santa Maria"
0743312749009829888,122746,San Jose City College,San Jose City College
0743312752449159168,495952,San Joaquin Valley College-Rancho Mirage,"San Joaquin Valley College, Rancho Mirage"
0743312760934236160,422020,San Joaquin Valley College-Trades Education Center,"San Joaquin Valley College, Trades Education Center"
0743312770388197376,475176,San Joaquin Valley College-Temecula,"San Joaquin Valley College, Temecula"
0743312782639759360,122737,San Jose-Evergreen Community College District,San Jose-Evergreen Community College District
0743312791099670528,188100,San Juan College,"San Juan College, Farmington"
0743312796032172032,122889,Santa Barbara City College,Santa Barbara City College
0743312799861571584,219392,Sanford Medical Center,"Sanford Medical Center, Sioux Falls"
0743312808053047296,199634,Sandhills Community College,"Sandhills Community College, Pinehurst"
0743312829280419840,148672,Sauk Valley Community College,"Sauk Valley Community College, Dixon"
0743312832950435840,123013,Santa Rosa Junior College,Santa Rosa Junior College
0743312838075875328,140942,Savannah Technical College,Savannah Technical College
0743312841167077376,188137,Santa Fe Community College,Santa Fe Community College
0743312858342752256,399212,Santiago Canyon College,"Santiago Canyon College, Orange"
0743312862356701184,195322,Schenectady County Community College,Schenectady County Community College
0743312868635574272,377218,School of Automotive Machinists & Technology,"School of Automotive Machinists, Houston"
0743312883584073728,392354,"School of Professional Horticulture, New York Botanical Garden","School of Professional Horticulture, New York Botanical Garden"
0743312892547301376,480727,School of Missionary Aviation Technology,School of Missionary Aviation Technology
0743312896888406016,491817,Seminary Bnos Chaim,"Seminary Bnos Chaim, Lakewood"
0743312917675376640,155858,Seward County Community College,"Seward County Community College, Liberal"
0743312922091978752,148821,Shawnee Community College,"Shawnee Community College, Ullin"
0743312934402260992,207740,Seminole State College,"Seminole State College, Seminole"
0743312942694400000,102067,Shelton State Community College,Shelton State Community College
0743312951150116864,481137,Shepherds College,Shepherds College
0743312964030824448,137245,Sheridan Technical College,"Sheridan Technical College, Hollywood"
0743312972176162816,236610,Shoreline Community College,"Shoreline Community College, Shoreline"
0743312991587401728,123341,Sierra College,"Sierra College, Rocklin"
0743312998164070400,107840,Shorter College,Shorter College
0743313019559215104,102076,Snead State Community College,Snead State Community College
0743313022642028544,154466,SOHO Hair Academy,"SOHO Hair Academy, Council Bluffs"
0743313048428609536,105747,Scottsdale Community College,Scottsdale Community College
0743313053080092672,488077,Sonoran Desert Institute,Sonoran Desert Institute
0743313056825606144,157711,Somerset Community College,Somerset Community College
0743313082347945984,107974,South Arkansas College,South Arkansas College
0743313085896327168,123642,South Coast College,"South Coast College, Orange"
0743313103034253312,141006,South Georgia Technical College,"South Georgia Technical College, Americus"
0743313107752845312,173911,South Central College,South Central College
0743313111313809408,216083,South Hills School of Business & Technology,"South Hills School of Business, Technology"
0743313128770502656,432144,South Orange County Community College District,South Orange County Community College District
0743313129831661568,386153,Seminar L'moros Bais Yaakov,"Seminar L'moros Bais Yaakov, Brooklyn"
0743313132692176896,434061,South Louisiana Community College,"South Louisiana Community College, Lafayette"
0743313145119899648,197850,South Piedmont Community College,"South Piedmont Community College, Polkton"
0743313153474953216,236656,South Puget Sound Community College,South Puget Sound Community College
0743313159175012352,228158,South Plains College,South Plains College
0743313170822594560,149365,South Suburban College,South Suburban College
0743313179743879168,156338,Southcentral Kentucky Community and Technical College,Southcentral Kentucky Community and Technical College
0743313185347469312,181640,Southeast Community College Area,"Southeast Community College, Lincoln"
0743313200753147904,107637,Southeast Arkansas College,Southeast Arkansas College
0743313204976812032,188003,Southeast New Mexico College,Southeast New Mexico College
0743313212782411776,219426,Southeast Technical College,"Southeast Technical College, Sioux Falls"
0743313217039630336,157739,Southeast Kentucky Community & Technical College,Southeast Kentucky Community and Technical College
0743313229974863872,165060,Signature Healthcare Brockton Hospital School of Nursing,Signature Healthcare Brockton Hospital School of Nursing
0743313239978278912,199722,Southeastern Community College,"Southeastern Community College, Whiteville"
0743313244898197504,105792,South Mountain Community College,South Mountain Community College
0743313269673951232,451352,Southeastern College-Charlotte,"Southeastern College, Charlotte"
0743313273608208384,154378,Southeastern Community College,"Southeastern Community College, West Burlington"
0743313278041587712,443261,Southeastern College-Charleston,"Southeastern College, North Charleston"
0743313282332360704,444866,Southeastern College-Columbia,"Southeastern College, Columbia"
0743313287118061568,148937,Southeastern Illinois College,Southeastern Illinois College
0743313303719116800,368911,Southeastern Technical College,Southeastern Technical College
0743313315983261696,405076,Southern Careers Institute-Corpus Christi,"Southern Careers Institute, Corpus Christi"
0743313320492138496,459967,Southern Careers Institute-Brownsville,"Southern Careers Institute, Brownsville"
0743313328863969280,226903,Southern Careers Institute-Austin,"Southern Careers Institute, Austin"
0743313337177079808,459985,Southern Careers Institute-Harlingen,"Southern Careers Institute, Harlingen"
0743313350233948160,408385,Southern Careers Institute-Pharr,"Southern Careers Institute, Pharr"
0743313354558275584,107992,Southern Arkansas University Tech,"Southern Arkansas University Tech, Camden"
0743313358266040320,430245,Southern Careers Institute-San Antonio,"Southern Careers Institute, San Antonio"
0743313375735316480,482015,Southern Careers Institute-San Antonio,"Southern Careers Institute, San Antonio"
0743313380244193280,493992,Southern Careers Institute-Waco,"Southern Careers Institute, Waco"
0743313383259897856,487162,Southern Regional Technical College,Southern Regional Technical College
0743313387496144896,139986,Southern Crescent Technical College,"Southern Crescent Technical College, Griffin"
0743313404655042560,161545,Southern Maine Community College,"Southern Maine Community College, South Portland"
0743313417347006464,446552,Southern Technical College,"Southern Technical College, Orlando"
0743313421323206656,205966,Southern State Community College,"Southern State Community College, Hillsboro"
0743313425760780288,366553,Southern Technical College,"Southern Technical College, Fort Myers"
0743313434199719936,251260,Southern Union State Community College,Southern Union State Community College
0743313449890611200,233082,Southside College of Health Sciences,Southside College of Health Sciences
0743313455443869696,160649,Southern University at Shreveport,Southern University at Shreveport
0743313464621006848,233639,Southside Virginia Community College,"Southside Virginia Community College, Alberta"
0743313472044924928,382911,Southwest College for the Deaf,"Southwest College for the Deaf, Big Spring"
0743313480668413952,442879,Southwest Institute of Healing Arts,"Southwest Institute of Healing Arts, Tempe"
0743313489119936512,237817,Southern West Virginia Community and Technical College,Southern West Virginia Community and Technical College
0743313493326823424,221485,Southwest Tennessee Community College,Southwest Tennessee Community College
0743313510628327424,176354,Southwest Mississippi Community College,"Southwest Mississippi Community College, Summit"
0743313514419978240,228316,Southwest Texas Junior College,"Southwest Texas Junior College, Uvalde"
0743313519163736064,233648,Southwest Virginia Community College,"Southwest Virginia Community College, Cedar Bluff"
0743313526591848448,123800,Southwestern College,"Southwestern College, Chula Vista"
0743313540160421888,199731,Southwestern Community College,"Southwestern Community College, Sylva"
0743313548083462144,188216,Southwestern Indian Polytechnic Institute,"Southwestern Indian Polytechnic Institute, Albuquerque"
0743313553213095936,239910,Southwest Wisconsin Technical College,Southwest Wisconsin Technical College
0743313568790740992,154396,Southwestern Community College,"Southwestern Community College, Creston"
0743313574172033024,172307,Southwestern Michigan College,"Southwestern Michigan College, Dowagiac"
0743313579100340224,143215,Southwestern Illinois College,Southwestern Illinois College
0743313590366240768,232724,Sovah School of Health Professions,Sovah School of Health Professions
0743313594963197952,160579,SOWELA Technical Community College,Sowela Technical Community College
0743313602781380608,210155,Southwestern Oregon Community College,"Southwestern Oregon Community College, Coos Bay"
0743313620447789056,413680,Spartan College of Aeronautics & Technology,"Spartan College of Aeronautics and Technology, Inglewood"
0743313628874145792,489371,Spartan College of Aeronautics and Technology,"Spartan College of Aeronautics and Technology, Riverside"
0743313632472858624,218830,Spartanburg Community College,Spartanburg Community College
0743313636792991744,126605,Spartan College of Aeronautics and Technology,Spartan College of Aeronautics and Technology
0743313649040359424,148991,Spoon River College,Spoon River College
0743313657802260480,167905,Springfield Technical Community College,Springfield Technical Community College
0743313663590400000,496654,Sri Sai Krish Institute,"Sri Sai Krish Institute, Orange"
0743313666497052672,262031,St Charles Community College,"St Charles Community College, Cottleville"
0743313682515099648,174756,St Cloud Technical and Community College,St. Cloud Technical and Community College
0743313692057141248,172291,St Clair County Community College,"St. Clair County Community College, Port Huron"
0743313701087477760,195784,St Paul's School of Nursing-Staten Island,"St. Paul's School of Nursing, Staten Island"
0743313707953553408,183248,St Joseph School of Nursing,"St. Joseph School of Nursing, Nashua"
0743313712554704896,195191,St. Joseph's College of Nursing,"St. Joseph's College of Nursing, Syracuse"
0743313716518322176,189811,St Paul's School of Nursing-Queens,"St. Paul's School of Nursing, Queens"
0743313733933072384,227854,St Philip's College,"St. Philip's College, San Antonio"
0743313742338457600,192961,St. Peter's Hospital College of Nursing,"St. Peter's Hospital College of Nursing, Albany"
0743313748965457920,205841,Stark State College,Stark State College
0743313754862649344,483814,Standard Healthcare Services-College of Nursing,"Standard Healthcare Services, College of Nursing"
0743313763368697856,123925,State Center Community College District,State Center Community College District
0743313771597922304,199740,Stanly Community College,Stanly Community College
0743313779781009408,179539,State Fair Community College,"State Fair Community College, Sedalia"
0743313784776425472,177977,State Technical College of Missouri,State Technical College of Missouri
0743313792858849280,407355,Stephanie Moss Academy,Stephanie Moss Academy
0743313805534035968,499680,Stellar Career College-Crown Point,"Stellar Career College, Crown Point"
0743313822005067776,205887,Stautzenberger College-Maumee,"Stautzenberger College, Maumee"
0743313826031599616,417275,Stratford School for Aviation Maintenance Technicians,Stratford School for Aviation Maintenance Technicians
0743313858436792320,195988,Sullivan County Community College,"Sullivan County Community College, Loch Sheldrake"
0743313860349394944,448600,Stautzenberger College-Brecksville,"Stautzenberger College, Brecksville"
0743313864493367296,366395,Suffolk County Community College,"Suffolk County Community College, Selden"
0743313869086130176,485856,Studio Incamminati,"Studio Incamminati, Philadelphia"
0743313889659191296,137120,Suncoast Technical College,"Suncoast Technical College, Sarasota"
0743313895636074496,209719,Summit Salon Academy-Portland,"Summit Salon Academy, Portland"
0743313898244931584,459550,Summit Salon Academy,"Summit Salon Academy, Tacoma"
0743313923805020160,457916,Summit Salon Academy-Perrysburg,"Summit Salon Academy, Perrysburg"
0743313927747665920,188438,SUNY Adirondack,SUNY Adirondack
0743313936283074560,189547,SUNY Broome Community College,SUNY Broome Community College
0743313948677242880,190442,SUNY Corning Community College,SUNY Corning Community College
0743313961281126400,199768,Surry Community College,"Surry Community College, Dobson"
0743313969690705920,247603,Sussex County Community College,"Sussex County Community College, Newton"
0743313987747184640,197294,SUNY Westchester Community College,"SUNY Westchester Community College, Valhalla"
0743313995515035648,228547,Tarrant County College District,"Tarrant County College, Fort Worth"
0743313999780642816,124113,Taft College,Taft College
0743314016750796800,495341,Taylor Andrews Academy of Hair Design-Hair Lab Detroit Barber School,"Taylor Andrews Academy of Hair Design, Hair Lab Detroit, Southgate"
0743314037881700352,449524,Taylor College,"Taylor College, Ocala"
0743314050561081344,149310,Taylor Business Institute,Taylor Business Institute
0743314056076591104,217712,Technical College of the Lowcountry,Technical College of the Lowcountry
0743314076511240192,228608,Temple College,"Temple College, Temple"
0743314083826106368,409379,Tennessee Board of Regents,Tennessee Board of Regents
0743314105342885888,248925,Tennessee College of Applied Technology Nashville,"Tennessee College of Applied Technology, Nashville"
0743314109411360768,221236,Tennessee College of Applied Technology Northwest,"Tennessee College of Applied Technology Northwest, Newbern"
0743314119179894784,219596,Tennessee College of Applied Technology-Athens,"Tennessee College of Applied Technology, Athens"
0743314126410874880,196389,Swedish Institute a College of Health Sciences,"Swedish Institute, a College of Health Sciences, New York"
0743314147491446784,221430,Tennessee College of Applied Technology-Crump,"Tennessee College of Applied Technology, Crump"
0743314151056605184,219994,Tennessee College of Applied Technology-Dickson,"Tennessee College of Applied Technology, Dickson"
0743314155963940864,221591,Tennessee College of Applied Technology-Crossville,"Tennessee College of Applied Technology, Crossville"
0743314180303486976,220127,Tennessee College of Applied Technology-Elizabethton,"Tennessee College of Applied Technology, Elizabethton"
0743314181469503488,220251,Tennessee College of Applied Technology-Harriman,"Tennessee College of Applied Technology, Harriman"
0743314186066460672,220279,Tennessee College of Applied Technology-Hartsville,"Tennessee College of Applied Technology, Hartsville"
0743314197856649216,494852,Stautzenberger College-Rockford Career College,"Stautzenberger College, Rockford"
0743314206211702784,220394,Tennessee College of Applied Technology-Jacksboro,"Tennessee College of Applied Technology, Jacksboro"
0743314215330119680,220321,Tennessee College of Applied Technology-Hohenwald,"Tennessee College of Applied Technology, Hohenwald"
0743314219293736960,221281,Tennessee College of Applied Technology-Henry/Carroll,"Tennessee College of Applied Technology, Henry/Carroll"
0743314223597092864,221616,Tennessee College of Applied Technology-Jackson,"Tennessee College of Applied Technology, Jackson"
0743314246892257280,221625,Tennessee College of Applied Technology-Knoxville,"Tennessee College of Applied Technology, Knoxville"
0743314249735995392,220756,Tennessee College of Applied Technology-McKenzie,"Tennessee College of Applied Technology, McKenzie"
0743314254890795008,220640,Tennessee College of Applied Technology-Livingston,"Tennessee College of Applied Technology, Livingston"
0743314269772185600,221607,Tennessee College of Applied Technology-McMinnville,"Tennessee College of Applied Technology, McMinnville"
0743314275270918144,220853,Tennessee College of Applied Technology-Memphis,"Tennessee College of Applied Technology, Memphis"
0743314282678059008,219921,Tennessee College of Applied Technology-Covington,"Tennessee College of Applied Technology, Covington"
0743314286801059840,221050,Tennessee College of Applied Technology-Morristown,"Tennessee College of Applied Technology, Morristown"
0743314295172890624,221102,Tennessee College of Applied Technology-Murfreesboro,"Tennessee College of Applied Technology, Murfreesboro"
0743314311820083200,221388,Tennessee College of Applied Technology-Ripley,"Tennessee College of Applied Technology, Ripley"
0743314316211519488,221582,Tennessee College of Applied Technology-Oneida-Huntsville,"Tennessee College of Applied Technology, Oneida-Huntsville"
0743314320393240576,221494,Tennessee College of Applied Technology-Shelbyville,"Tennessee College of Applied Technology, Shelbyville"
0743314330488930304,221333,Tennessee College of Applied Technology-Pulaski,"Tennessee College of Applied Technology, Pulaski"
0743314337136902144,206011,Terra State Community College,"Terra State Community College, Fremont"
0743314349199720448,441487,Texas County Technical College,"Texas County Technical College, Houston"
0743314367101009920,228699,Texarkana College,Texarkana College
0743314374852083712,227377,Texas Southmost College,Texas Southmost College
0743314376454307840,448196,Texas Health School,Texas Health School
0743314379654561792,487320,Texas State Technical College,"Texas State Technical College, Waco"
0743314387325943808,494694,Texas Healthtech Institute,Texas Healthtech Institute
0743314396297560064,216296,Thaddeus Stevens College of Technology,Thaddeus Stevens College of Technology
0743314408804974592,437732,The Chicago School-College of Nursing,"The Chicago School, College of Nursing, Richardson"
0743314414035271680,188669,The Ailey School,The Ailey School
0743314421274640384,437635,The College of Health Care Professions-Austin,"The College of Health Care Professions, Austin"
0743314429046685696,480824,The College of Health Care Professions-Dallas,"The College of Health Care Professions, Dallas"
0743314443139547136,480833,The College of Health Care Professions-Fort Worth,"The College of Health Care Professions, Fort Worth"
0743314459883208704,489283,The College of Health Care Professions-McAllen Campus,"The College of Health Care Professions, McAllen"
0743314464417251328,492722,The College of Health Care Professions-South San Antonio,"The College of Health Care Professions, San Antonio"
0743314468296982528,449250,The College of Health Care Professions-San Antonio,"The College of Health Care Professions, San Antonio"
0743314472369651712,447591,The College of Health Care Professions-Southwest Houston,"The College of Health Care Professions, Southwest Houston"
0743314484436664320,452009,The Hair Academy,"The Hair Academy, Bismarck"
0743314488622579712,171012,The Michigan Barber School,"The Michigan Barber School, Detroit"
0743314505374629888,161208,The Landing School,"The Landing School, Arundel"
0743314508960759808,485953,The Recording Conservatory of Austin,The Recording Conservatory of Austin
0743314518637019136,238810,The Professional Hair Design Academy,The Professional Hair Design Academy
0743314524903309312,448026,The Salon Professional Academy-Fargo,"The Salon Professional Academy, Fargo"
0743314528183255040,454537,The Salon Professional Academy-Appleton,"The Salon Professional Academy, Appleton"
0743314544553623552,204769,The Spa School,The Spa School
0743314551918821376,486123,Theatre of Arts,Theatre of Arts
0743314556465446912,458168,The Salon Professional Academy-Onalaska,"The Salon Professional Academy, Onalaska"
0743314564342349824,179645,Three Rivers College,"Three Rivers College, Poplar Bluff"
0743314579399901184,442781,Tohono O'odham Community College,Tohono O'odham Community College
0743314586094010368,129808,Three Rivers Community College,"Three Rivers Community College, Norwich"
0743314591697600512,420723,Tillamook Bay Community College,Tillamook Bay Community College
0743314607262662656,204459,Toledo Public Schools Adult and Continuing Education,Toledo Public Schools Adult and Continuing Education
0743314611142393856,233772,Tidewater Community College,"Tidewater Community College, Norfolk"
0743314614804021248,210234,Treasure Valley Community College,"Treasure Valley Community College, Ontario"
0743314619103182848,196565,Tompkins Cortland Community College,"Tompkins Cortland Community College, Dryden"
0743314640091480064,448859,Triangle Tech Inc-Bethlehem,"Triangle Tech, Bethlehem"
0743314652670197760,216436,Triangle Tech Inc-Pittsburgh,"Triangle Tech, Pittsburgh"
0743314655430049792,216454,Triangle Tech Inc-Dubois,"Triangle Tech, DuBois"
0743314657078411264,443377,Triangle Tech Inc-Sunbury,"Triangle Tech, Sunbury"
0743314661314658304,216445,Triangle Tech Inc-Greensburg,"Triangle Tech, Greensburg"
0743314672467312640,496265,Triangle Tech-Chambersburg,"Triangle Tech, Chambersburg"
0743314678590996480,199795,Tri-County Community College,"Tri-County Community College, Murphy"
0743314694776815616,218894,Trident Technical College,Trident Technical College
0743314699046617088,218885,Tri-County Technical College,"Tri-County Technical College, Pendleton"
0743314707561054208,204893,Trinity Health System School of Nursing,Trinity Health System School of Nursing
0743314712078319616,149532,Triton College,Triton College
0743314728842952704,207935,Tulsa Community College,Tulsa Community College
0743314732848513024,207962,Tulsa Welding School-Tulsa,"Tulsa Welding School, Tulsa"
0743314741618802688,488934,Tulsa Technology Center,Tulsa Technology Center
0743314748208054272,187198,"UCNJ Union College of Union County, NJ","Union County College, Cranford"
0743314758018531328,393649,UEI College-Gardena,"UEI College, Gardena"
0743314770559500288,481252,Ultrasound Medical Institute,"Ultrasound Medical Institute, Royal Palm Beach"
0743314775244537856,441371,Ultimate Medical Academy,"Ultimate Medical Academy, Clearwater"
0743314779027800064,196699,Ulster County Community College,"Ulster County Community College, Stone Ridge"
0743314798002831360,210270,Umpqua Community College,"Umpqua Community College, Roseburg"
0743314800678797312,446598,Universal College of Healing Arts,Universal College of Healing Arts
0743314809113542656,153542,UnityPoint Health-Des Moines School of Radiologic Technology,"UnityPoint Health, Des Moines School of Radiologic Technology"
0743314825731375104,106041,Universal Technical Institute of Arizona Inc,"Universal Technical Institute, Avondale"
0743314831565651968,438504,Universal Technical Institute of California Inc,"Universal Technical Institute, Rancho Cucamonga"
0743314834057068544,366191,Universal Technical Institute of Illinois Inc,"Universal Technical Institute, Lisle"
0743314838398173184,105215,Universal Technical Institute of Arizona Inc-Motorcycle Mechanics Institute Division,"Universal Technical Institute, Avondale"
0743314859692654592,445799,Universal Technical Institute of Pennsylvania Inc,"Universal Technical Institute, Exton"
0743314863836626944,448433,Universal Technical Institute of Northern California Inc,"Universal Technical Institute, Sacramento"
0743314867758301184,229416,Universal Technical Institute of Texas Inc.,"Universal Technical Institute, Houston"
0743314880542539776,493132,Universal Technical Institute-Bloomfield,"Universal Technical Institute, Bloomfield"
0743314884644569088,369400,Universal Technical Institute-Auto Motorcycle & Marine Mechanics Institute Division-Orlando,"Universal Technical Institute, Orlando"
0743314889279275008,460543,Universal Technical Institute-Dallas Fort Worth,"Universal Technical Institute, Dallas Fort Worth"
0743314905758695424,497286,Universal Technical Institute-West Texas,"Universal Technical Institute, West Texas"
0743314914134720512,487597,Universal Technical Institute-Southern California,"Universal Technical Institute, Long Beach"
0743314918798786560,498030,Universal Technical Institute-South Florida Miramar,"Universal Technical Institute, Miramar"
0743314931037765632,106999,University of Arkansas Community College-Batesville,"University of Arkansas Community College, Batesville"
0743314935039131648,107743,University of Arkansas Community College Rich Mountain,"University of Arkansas Community College, Rich Mountain"
0743314944161742848,200846,University of Akron Wayne College,"University of Akron Wayne College, Orrville"
0743314956782403584,107664,University of Arkansas-Pulaski Technical College,"University of Arkansas, Pulaski Technical College"
0743314960385310720,107585,University of Arkansas Community College-Morrilton,"University of Arkansas Community College, Morrilton"
0743314965003239424,107725,University of Arkansas Hope-Texarkana,University of Arkansas Hope-Texarkana
0743314977221246976,187976,University of New Mexico-Los Alamos Campus,"University of New Mexico, Los Alamos Campus"
0743314994648580096,187958,University of New Mexico-Gallup Campus,"University of New Mexico, Gallup Campus"
0743315000260558848,188049,University of New Mexico-Valencia County Campus,"University of New Mexico, Valencia Campus"
0743315002395459584,215309,University of Pittsburgh-Titusville,"University of Pittsburgh, Titusville"
0743315006820450304,188225,University of New Mexico-Taos Campus,"University of New Mexico, Taos"
0743315023647997952,218681,University of South Carolina-Salkehatchie,"University of South Carolina, Salkehatchie"
0743315031973691392,218672,University of South Carolina-Lancaster,"University of South Carolina, Lancaster"
0743315036386099200,484233,Tri-Community Adult Education,"Tri-Community Adult Education, Covina"
0743315053033291776,218690,University of South Carolina-Sumter,"University of South Carolina, Sumter"
0743315061749055488,213163,UPMC Jameson School of Nursing,"UPMC Jameson School of Nursing, New Castle"
0743315066782220288,431600,UPMC Mercy School of Nursing,UPMC Mercy School of Nursing
0743315074076114944,215974,UPMC Shadyside School of Nursing,UPMC Shadyside School of Nursing
0743315082624106496,218706,University of South Carolina-Union,"University of South Carolina, Union"
0743315095475453952,213622,UPMC St. Margaret School of Nursing,UPMC St. Margaret School of Nursing
0743315100374401024,429128,Urban College of Boston,Urban College of Boston
0743315103557877760,377652,Valley College-Beckley,"Valley College, Beckley"
0743315107915759616,449445,Valley College of Medical Careers,"Valley College of Medical Careers, West Hills"
0743315130225262592,494250,Valley College-Cleveland,"Valley College, Cleveland"
0743315133412933632,199838,Vance-Granville Community College,"Vance-Granville Community College, Henderson"
0743315141910593536,216551,Valley Forge Military College,"Valley Forge Military College, Wayne"
0743315146553688064,125028,Ventura College,Ventura College
0743315154287984640,125019,Ventura County Community College System Office,Ventura County Community College District
0743315159853826048,229504,Vernon College,Vernon College
0743315175091732480,213914,Vet Tech Institute,"Vet Tech Institute, Pittsburgh"
0743315183698444288,125091,Victor Valley College,Victor Valley College
0743315188597391360,229540,Victoria College,"Victoria College, Victoria, TX"
0743315192154161152,223472,Vet Tech Institute of Houston,"Vet Tech Institute, Houston"
0743315213037600768,233754,Virginia Peninsula Community College,Virginia Peninsula Community College
0743315217412259840,233903,Virginia Highlands Community College,Virginia Highlands Community College
0743315221401042944,233949,Virginia Western Community College,Virginia Western Community College
0743315230263607296,222053,Volunteer State Community College,Volunteer State Community College
0743315238497026048,403487,Wabash Valley College,"Wabash Valley College, Mount Carmel"
0743315243848957952,199856,Wake Technical Community College,Wake Technical Community College
0743315255907581952,161581,Washington County Community College,"Washington County Community College, Calais"
0743315268058480640,222062,Walters State Community College,"Walters State Community College, Morristown"
0743315272198258688,216630,Washington Health System School of Nursing,Washington Health System School of Nursing
0743315285636808704,245625,Warren County Community College,"Warren County Community College, Washington"
0743315294637785088,172617,Washtenaw Community College,Washtenaw Community College
0743315297515077632,149727,Waubonsee Community College,Waubonsee Community College
0743315302313361408,238175,VICI Beauty School,"VICI Beauty School, Greenfield"
0743315331556048896,172635,Wayne County Community College District,Wayne County Community College District
0743315336245280768,199892,Wayne Community College,"Wayne Community College, Goldsboro"
0743315337751035904,240125,Waukesha County Technical College,Waukesha County Technical College
0743315340120817664,470047,WellSpring School of Allied Health-Lawrence,"WellSpring School of Allied Health, Lawrence"
0743315344331898880,447999,WellSpring School of Allied Health-Kansas City,"WellSpring School of Allied Health, Kansas City"
0743315365764792320,494898,WellSpring School of Allied Health-Wichita,"WellSpring School of Allied Health, Wichita"
0743315369627746304,448637,West Hills Community College District,West Hills Community College District
0743315373809467392,493451,WellSpring School of Allied Health-Springfield,"WellSpring School of Allied Health, Springfield"
0743315378528059392,139278,West Georgia Technical College,"West Georgia Technical College, Waco"
0743315399625408512,172671,West Shore Community College,West Shore Community College
0743315403177984000,157483,West Kentucky Community and Technical College,West Kentucky Community and Technical College
0743315408135651328,152044,West Michigan College of Barbering and Beauty,West Michigan College of Barbering and Beauty
0743315419976171520,125499,West Valley College,"West Valley College, Saratoga"
0743315428360585216,125222,West Valley Mission Community College District Office,West Valley Mission Community College District
0743315432466808832,442383,West Virginia Junior College-Bridgeport,"West Virginia Junior College, Bridgeport"
0743315446266068992,237987,West Virginia Junior College-Charleston,"West Virginia Junior College, Charleston"
0743315449415991296,238014,West Virginia Northern Community College,West Virginia Northern Community College
0743315457888485376,219480,Western Dakota Technical College,"Western Dakota Technical College, Rapid City"
0743315476720910336,494755,West Virginia Junior College-United Career Institute,"West Virginia Junior College, United Career Institute"
0743315479480762368,181817,Western Nebraska Community College,Western Nebraska Community College
0743315483314356224,208035,Western Oklahoma State College,Western Oklahoma State College
0743315487949062144,154572,Western Iowa Tech Community College,Western Iowa Tech Community College
0743315504382345216,216773,Western Pennsylvania Hospital School of Nursing,Western Pennsylvania Hospital School of Nursing
0743315513999884288,420468,Western Suffolk BOCES,Western Suffolk BOCES
0743315518307434496,240170,Western Technical College,"Western Technical College, La Crosse"
0743315528046608384,229832,Western Texas College,"Western Texas College, Snyder"
0743315534841380864,199908,Western Piedmont Community College,"Western Piedmont Community College, Morganton"
0743315539975208960,216825,Westmoreland County Community College,Westmoreland County Community College
0743315559940096000,183105,White Mountains Community College,"White Mountains Community College, Berlin"
0743315564335726592,229841,Wharton County Junior College,Wharton County Junior College
0743315569352114176,156107,Wichita State University-Campus of Applied Sciences and Technology,"Wichita State University, Campus of Applied Sciences and Technology"
0743315573609332736,434751,White Earth Tribal and Community College,White Earth Tribal and Community College
0743315590063587328,222105,William R Moore College of Technology,William R. Moore College of Technology
0743315593540665344,199926,Wilkes Community College,Wilkes Community College
0743315598414446592,138479,William T McFatter Technical College,"William T. McFatter Technical College, Davie"
0743315619201417216,149842,William Rainey Harper College,William Rainey Harper College
0743315627539693568,216940,Williamson College of the Trades,Williamson College of the Trades
0743315632744824832,218955,Williamsburg Technical College,"Williamsburg Technical College, Kingstree"
0743315635781500928,495013,Western Maricopa Education Center,Western Maricopa Education Center
0743315640407818240,200341,Williston State College,Williston State College
0743315657193422848,141990,Windward Community College,"Windward Community College, Kaneohe"
0743315665070325760,455512,Woodland Community College,"Woodland Community College, Woodland"
0743315669923135488,141255,Wiregrass Georgia Technical College,Wiregrass Georgia Technical College
0743315678450155520,199953,Wilson Community College,Wilson Community College
0743315690986930176,164313,Wor-Wic Community College,Wor-Wic Community College
0743315694698889216,197531,Word of Life Bible Institute,"Word of Life Bible Institute, Pottersville"
0743315703129440256,369455,Worsham College of Mortuary Science,Worsham College of Mortuary Science
0743315716014342144,240718,WyoTech,"WyoTech, Laramie"
0743315726013562880,234377,Wytheville Community College,Wytheville Community College
0743315732640563200,481289,Xavier College School of Nursing,"Xavier College, Stockton"
0743315739049459712,420440,York County Community College,"York County Community College, Wells"
0743315742304239616,218991,York Technical College,"York Technical College, Rock Hill"
0743315757940604928,375939,YTI Career Institute-Altoona,"YTI Career Institute, Altoona"
0743315762306875392,493619,Young Americans College of the Performing Arts,Young Americans College of the Performing Arts
0743315770720649216,217077,YTI Career Institute-York,"YTI Career Institute, York"
0743315779851649024,177834,A T Still University of Health Sciences,A T Still University of Health Sciences
0743315792187097088,180203,Aaniiih Nakoda College,Aaniiih Nakoda College
0743315797002158080,222178,Abilene Christian University,Abilene Christian University
0743315802001768448,126119,Yuba College,Yuba College
0743315816686026752,138558,Abraham Baldwin Agricultural College,Abraham Baldwin Agricultural College
0743315821043908608,488031,Abraham Lincoln University,Abraham Lincoln University
0743315834855751680,497037,Abilene Christian University-Undergraduate Online,"Abilene Christian University, Addison"
0743315841994457088,497718,Academy for Jewish Religion,"Academy for Jewish Religion, Yonkers"
0743315846616580096,451079,Academy for Five Element Acupuncture,"Academy for Five Element Acupuncture, Gainesville"
0743315851284840448,172866,Academy College,Academy College
0743315871618826240,457271,Academy for Jewish Religion California,"Academy for Jewish Religion, California"
0743315875766992896,108232,Academy of Art University,Academy of Art University
0743315880603025408,108269,Academy of Chinese Culture and Health Sciences,Academy of Chinese Culture and Health Sciences
0743315884956712960,210508,Academy of Vocal Arts,Academy of Vocal Arts
0743315892711981056,126182,Adams State University,Adams State University
0743315910265143296,188429,Adelphi University,Adelphi University
0743315913872244736,374024,Adler Graduate School,Adler Graduate School
0743315918158823424,384306,Acupuncture and Integrative Medicine College-Berkeley,"Acupuncture and Integrative Medicine College, Berkeley"
0743315928309039104,168528,Adrian College,Adrian College
0743315939142926336,133872,AdventHealth University,AdventHealth University
0743315951381905408,142832,Adler University,Adler University
0743315956427653120,496399,Agape College of Business and Science,Agape College of Business and Science
0743315960391270400,138600,Agnes Scott College,Agnes Scott College
0743315973288755200,498915,Agora University,Agora University
0743315977571139584,126207,Aims Community College,Aims Community College
0743315985699700736,100654,Alabama A & M University,Alabama A & M University
0743315998030954496,138497,Withlacoochee Technical College,"Withlacoochee Technical College, Inverness"
0743316002372059136,483975,Alabama College of Osteopathic Medicine,Alabama College of Osteopathic Medicine
0743316019036028928,222497,Alamo Community College District Central Office,"Alamo Community College District, Central Office"
0743316023452631040,102580,Alaska Bible College,Alaska Bible College
0743316028020228096,100724,Alabama State University,Alabama State University
0743316048874307584,102669,Alaska Pacific University,Alaska Pacific University
0743316053429321728,188526,Albany College of Pharmacy and Health Sciences,Albany College of Pharmacy and Health Sciences
0743316057338413056,439969,Acupuncture and Massage College,Acupuncture and Massage College
0743316061478191104,188535,Albany Law School,Albany Law School
0743316078154743808,188580,Albany Medical College,Albany Medical College
0743316082802032640,138716,Albany State University,Albany State University
0743316086786621440,128498,Albertus Magnus College,Albertus Magnus College
0743316099830906880,168546,Albion College,Albion College
0743316111822422016,132842,Albizu University-Miami,"Albizu University, Miami"
0743316121381240832,385415,Albert Einstein College of Medicine,Albert Einstein College of Medicine
0743316128939376640,241331,Albizu University-San Juan,"Albizu University, San Juan"
0743316133662162944,200697,Air Force Institute of Technology-Graduate School of Engineering & Management,"Air Force Institute of Technology, Wright-Patterson Air Force Base"
0743316146102468608,495192,Alder Graduate School of Education,Alder Graduate School of Education
0743316159167725568,210571,Albright College,Albright College
0743316162883878912,487995,Alhambra Medical University,Alhambra Medical University
0743316167443087360,188641,Alfred University,Alfred University
0743316175290630144,175342,Alcorn State University,Alcorn State University
0743316188125200384,200873,Allegheny Wesleyan College,"Allegheny Wesleyan College, Salem"
0743316196916461568,152798,Allen College,Allen College
0743316209033805824,156189,Alice Lloyd College,Alice Lloyd College
0743316213362327552,168591,Alma College,Alma College
0743316217376276480,217624,Allen University,Allen University
0743316222161977344,210669,Allegheny College,Allegheny College
0743316234392567808,210775,Alvernia University,Alvernia University
0743316247680122880,222628,Amberton University,Amberton University
0743316259537420288,238193,Alverno College,Alverno College
0743316264461533184,110468,Alliant International University-San Diego,"Alliant International University, San Diego"
0743316268714557440,168607,Alpena Community College,Alpena Community College
0743316272518791168,457527,Ambria College of Nursing,Ambria College of Nursing
0743316289958707200,446002,American Academy of Health and Wellness,American Academy of Health and Wellness
0743316299127455744,142887,American Academy of Art College,American Academy of Art College
0743316302495481856,219505,American Baptist College,American Baptist College
0743316306182275072,429085,American College of Acupuncture and Oriental Med,American College of Acupuncture and Oriental Medicine
0743316323160817664,449889,American College of Education,American College of Education
0743316327791329280,210809,American College of Financial Services,American College of Financial Services
0743316331268407296,443599,American College of Healthcare Sciences,American College of Healthcare Sciences
0743316352550305792,485698,American College of the Building Arts,American College of the Building Arts
0743316356635557888,445027,American InterContinental University System,"American InterContinental University, Chandler"
0743316361618391040,441636,American Institute of Alternative Medicine,American Institute of Alternative Medicine
0743316365414236160,108870,American Film Institute Conservatory,American Film Institute Conservatory
0743316377439305728,445133,American InterContinental University-Houston,"American InterContinental University, Houston"
0743316390982713344,438586,American InterContinental University-Atlanta,"American InterContinental University, Atlanta"
0743316394887610368,164447,American International College,American International College
0743316404253491200,142957,American Islamic College,American Islamic College
0743316419852107776,116846,American Jewish University,American Jewish University
0743316424474230784,490081,America Evangelical University,America Evangelical University
0743316428077137920,188854,American Musical and Dramatic Academy,American Musical and Dramatic Academy
0743316437543682048,461263,American Medical Sciences Center,American Medical Sciences Center
0743316449178681344,232797,American National University,American National University
0743316462776614912,157021,American National University-Pikeville,"American National University, Pikeville"
0743316466509545472,475714,American Medical Academy,American Medical Academy
0743316470435414016,240736,American Samoa Community College,American Samoa Community College
0743316474675855360,449339,American Public University System,American Public University System
0743316495475408896,241100,American University of Puerto Rico,American University of Puerto Rico
0743316504719654912,131159,American University,American University
0743316513234092032,241128,American University of Puerto Rico,American University of Puerto Rico
0743316521501065216,100690,Amridge University,Amridge University
0743316533714878464,483595,Ana G. Mendez University,"Ana G. Mendez University, Orlando"
0743316536390844416,164465,Amherst College,Amherst College
0743316538601242624,433004,American University of Health Sciences,American University of Health Sciences
0743316542770380800,151865,Anabaptist Mennonite Biblical Seminary,Anabaptist Mennonite Biblical Seminary
0743316567256727552,217633,Anderson University,"Anderson University, Anderson"
0743316571711078400,168740,Andrews University,Andrews University
0743316576383533056,150066,Anderson University,Anderson University
0743316580200349696,138761,Andrew College,Andrew College
0743316593471127552,457299,Angeles College,Angeles College
0743316601440305152,164492,Anna Maria College,Anna Maria College
0743316605546528768,222831,Angelo State University,Angelo State University
0743316628480983040,483018,Antioch College,Antioch College
0743316630678798336,496636,Antigua College International,Antigua College International
0743316634885685248,245892,Antioch University,Antioch University
0743316639813992448,109350,Antelope Valley Community College District,Antelope Valley College
0743316643446259712,245838,Antioch University-Los Angeles,"Antioch University, Los Angeles"
0743316665076285440,245865,Antioch University-New England,"Antioch University, Keene"
0743316668691775488,245883,Antioch University-Seattle,"Antioch University, Seattle"
0743316677722112000,245847,Antioch University-Santa Barbara,"Antioch University, Santa Barbara"
0743316681228550144,440138,Antioch University-System Administration,Antioch University
0743316688358866944,429094,AOMA Graduate School of Integrative Medicine,AOMA Graduate School of Integrative Medicine
0743316698383253504,449922,Appalachian College of Pharmacy,Appalachian College of Pharmacy
0743316711163297792,237136,Appalachian Bible College,"Appalachian Bible College, Mount Hope"
0743316719291858944,432348,Appalachian School of Law,Appalachian School of Law
0743316728376721408,197869,Appalachian State University,Appalachian State University
0743316735821611008,168786,Aquinas College,Aquinas College
0743316740737335296,126289,Arapahoe Community College,Arapahoe Community College
0743316757548105728,420802,Arizona Board of Regents,Arizona Board of Regents
0743316762317029376,211088,Arcadia University,Arcadia University
0743316766066737152,499389,Arizona College of Nursing-Aurora,"Arizona College of Nursing, Aurora"
0743316769963245568,176600,Aquinas Institute of Theology,Aquinas Institute of Theology
0743316792671207424,499398,Arizona College of Nursing-Cincinnati,"Arizona College of Nursing, Cincinnati"
0743316795565277184,105899,Arizona Christian University,Arizona Christian University
0743316800065765376,499404,Arizona College of Nursing-Cleveland,"Arizona College of Nursing, Cleveland"
0743316816591323136,494162,Arizona College of Nursing-Dallas,"Arizona College of Nursing, Dallas"
0743316825613271040,498447,Arizona College of Nursing-Falls Church,"Arizona College of Nursing, Falls Church"
0743316829149069312,495439,Arizona College of Nursing-Fort Lauderdale,"Arizona College of Nursing, Fort Lauderdale"
0743316833402093568,498456,Arizona College of Nursing-Ontario,"Arizona College of Nursing, Ontario"
0743316854960816128,487375,Arizona College of Nursing-Las Vegas,"Arizona College of Nursing, Las Vegas"
0743316858689552384,495457,Arizona College of Nursing-Phoenix,"Arizona College of Nursing, Phoenix"
0743316863613665280,499370,Arizona College of Nursing-Sarasota,"Arizona College of Nursing, Sarasota"
0743316871410876416,497268,Arizona College of Nursing-Salt Lake City,"Arizona College of Nursing, Salt Lake City"
0743316875722620928,498049,Arizona College of Nursing-Southfield,"Arizona College of Nursing, Southfield"
0743316883935068160,495420,Arizona College of Nursing-Tampa,"Arizona College of Nursing, Tampa"
0743316888016125952,421708,Arizona College of Nursing-Tempe,"Arizona College of Nursing, Tempe"
0743316905527345152,446039,Arizona School of Acupuncture and Oriental Medicine,Arizona School of Acupuncture and Oriental Medicine
0743316913379082240,104151,Arizona State University Campus Immersion,"Arizona State University, Tempe"
0743316927874596864,106306,Arkansas Baptist College,Arkansas Baptist College
0743316930936438784,488527,Arkansas Colleges of Health Education,Arkansas Colleges of Health Education
0743316939136303104,483124,Arizona State University Digital Immersion,"Arizona State University, Scottsdale"
0743316943397715968,495448,Arizona College of Nursing-Tucson,"Arizona College of Nursing, Tucson"
0743316963819782144,448336,Arkansas State University System,Arkansas State University System
0743316968555151360,222877,Arlington Baptist University,Arlington Baptist University
0743316972967559168,201061,Art Academy of Cincinnati,Art Academy of Cincinnati
0743316976775987200,106467,Arkansas Tech University,Arkansas Tech University
0743316984636112896,106458,Arkansas State University,Arkansas State University
0743316988985606144,109651,Art Center College of Design,"ArtCenter College of Design, Pasadena"
0743317006886895616,156213,Asbury University,Asbury University
0743317014189178880,201104,Ashland University,Ashland University
0743317019595636736,458113,Ascent College,"Ascent College, Gainesville"
0743317036142166016,156222,Asbury Theological Seminary,Asbury Theological Seminary
0743317039711518720,454829,Aspen University,Aspen University
0743317044035846144,188942,Associated Beth Rivkah Schools,"Associated Beth Rivkah Schools, Brooklyn"
0743317062985711616,154022,Ashford University,"Ashford University, San Diego"
0743317065510682624,452373,ATA College-Cincinnati,"ATA College, Cincinnati"
0743317069629489152,446127,ATA Career Education,ATA Career Education
0743317078122954752,164562,Assumption University,Assumption University
0743317091091742720,201140,Athenaeum of Ohio,Athenaeum of Ohio
0743317095181189120,444325,ATI College-Whittier,"ATI College, Whittier"
0743317098779901952,138901,Atlanta Metropolitan State College,Atlanta Metropolitan State College
0743317115917828096,241216,Atlantic University,"Atlantic University, Guaynabo"
0743317120552534016,439446,Atlantic Institute of Oriental Medicine,"Atlantic Institute of Oriental Medicine, Fort Lauderdale"
0743317128601403392,138929,Atlanta's John Marshall Law School,Atlanta's John Marshall Law School
0743317142241280000,485768,Atlantis University,"Atlantis University, Miami"
0743317145160515584,100858,Auburn University,Auburn University
0743317149291905024,100812,Athens State University,Athens State University
0743317167025422336,173045,Augsburg University,Augsburg University
0743317172264108032,482149,Augusta University,Augusta University
0743317179981627392,143084,Augustana College,Augustana College
0743317192686174208,219000,Augustana University,Augustana University
0743317201263525888,440651,Atenas College,"Atenas College, Manati"
0743317205084536832,201177,Aultman College of Nursing and Health Sciences,Aultman College of Nursing and Health Sciences
0743317209358532608,143118,Aurora University,Aurora University
0743317221459099648,222992,Austin Community College District,Austin Community College District
0743317225510797312,219602,Austin Peay State University,Austin Peay State University
0743317247421841408,222983,Austin College,"Austin College, Sherman"
0743317250596929536,446048,Ave Maria University,Ave Maria University
0743317256464760832,442295,Ave Maria School of Law,Ave Maria School of Law
0743317259665014784,223001,Austin Presbyterian Theological Seminary,Austin Presbyterian Theological Seminary
0743317280821084160,447847,Aviator College of Aeronautical Science and Technology,Aviator College of Aeronautical Science and Technology
0743317285443207168,176628,Avila University,Avila University
0743317293223641088,100830,Auburn University at Montgomery,Auburn University at Montgomery
0743317301499002880,231420,Averett University,Averett University
0743317309954719744,109785,Azusa Pacific University,Azusa Pacific University
0743317318599180288,164580,Babson College,Babson College
0743317335560945664,476601,Bais HaMedrash and Mesivta of Baltimore,Bais HaMedrash and Mesivta of Baltimore
0743317339419705344,206817,Bacone College,Bacone College
0743317343597232128,128586,Bais Binyomin Academy,Bais Binyomin Academy
0743317352824700928,490513,Bais Medrash Mayan Hatorah,Bais Medrash Mayan HaTorah
0743317356536659968,245777,Bais Medrash Elyon,Bais Medrash Elyon
0743317360647077888,495031,Bais Medrash of Dexter Park,"Bais Medrash of Dexter Park, Chestnut Ridge"
0743317377571094528,109819,Bakersfield College,Bakersfield College
0743317382293880832,168847,Baker College,"Baker College, Owosso"
0743317390514716672,154688,Baker University,Baker University
0743317402946633728,420705,Bakke Graduate University,Bakke Graduate University
0743317406704730112,150136,Ball State University,Ball State University
0743317411440099328,201195,Baldwin Wallace University,Baldwin Wallace University
0743317424765403136,219639,Baptist Health Sciences University,Baptist Health Sciences University
0743317430599680000,189015,Bank Street College of Education,Bank Street College of Education
0743317449251749888,223117,Baptist Missionary Association Theological Seminary,Baptist Missionary Association Theological Seminary
0743317454196834304,132408,Baptist University of Florida,Baptist University of Florida
0743317457699078144,444398,Baptist University of the Americas,Baptist University of the Americas
0743317463260725248,223083,Baptist Health System School of Health Professions,Baptist Health System School of Health Professions
0743317487629631488,167792,Bard College at Simon's Rock,Bard College at Simon's Rock
0743317493459714048,189088,Bard College,Bard College
0743317496165040128,155070,Barclay College,Barclay College
0743317504708837376,449658,Bais Medrash Toras Chesed,"Bais Medrash Toras Chesed, Lakewood"
0743317509096079360,189097,Barnard College,Barnard College
0743317517191086080,177719,Barnes-Jewish College Goldfarb School of Nursing,"Barnes-Jewish College, Goldfarb School of Nursing"
0743317528796725248,197911,Barton College,Barton College
0743317533293019136,132471,Barry University,Barry University
0743317550409973760,160977,Bates College,Bates College
0743317554549751808,235547,Bastyr University,Bastyr University
0743317563076771840,380359,Bay Mills Community College,"Bay Mills Community College, Brimley"
0743317568344817664,164632,Bay Path University,Bay Path University
0743317576620179456,223223,Baylor College of Medicine,Baylor College of Medicine
0743317579468111872,384254,Beacon College,Beacon College
0743317592537563136,247065,Beckfield College-Florence,"Beckfield College, Florence"
0743317617955045376,175421,Belhaven University,Belhaven University
0743317630475042816,160995,Beal University,Beal University
0743317635541762048,476717,Be'er Yaakov Talmudic Seminary,"Be'er Yaakov Talmudic Seminary, Spring Valley"
0743317636644864000,223232,Baylor University,Baylor University
0743317642810490880,156286,Bellarmine University,Bellarmine University
0743317651329122304,444413,Beis Medrash Heichal Dovid,"Beis Medrash Heichal Dovid, Far Rockaway"
0743317663878479872,180814,Bellevue University,Bellevue University
0743317676830490624,197984,Belmont Abbey College,Belmont Abbey College
0743317682815762432,234696,Bellingham Technical College,Bellingham Technical College
0743317690248069120,219709,Belmont University,Belmont University
0743317694387847168,238324,Bellin College,Bellin College
0743317702818398208,238333,Beloit College,Beloit College
0743317710628192256,173124,Bemidji State University,Bemidji State University
0743317727766118400,154712,Benedictine College,Benedictine College
0743317732224663552,217721,Benedict College,Benedict College
0743317738247684096,145619,Benedictine University,Benedictine University
0743317749052211200,165884,Benjamin Franklin Cummings Institute of Technology,Benjamin Franklin Cummings Institute of Technology
0743317758447452160,197993,Bennett College,Bennett College
0743317762016804864,230816,Bennington College,Bennington College
0743317765653266432,164739,Bentley University,Bentley University
0743317782581477376,461643,Bergin University of Canine Studies,Bergin University of Canine Studies
0743317786675118080,156295,Berea College,Berea College
0743317798003933184,189228,Berkeley College-New York,"Berkeley College, New York"
0743317804219891712,108861,Berkeley School of Theology,Berkeley School of Theology
0743317808233840640,183789,Berkeley College-Woodland Park,"Berkeley College, Woodland Park"
0743317829486379008,139144,Berry College,"Berry College, Mount Berry"
0743317835689754624,189273,Beth Hamedrash Shaarei Yosher Institute,Beth Hamedrash Shaarei Yosher Institute
0743317837082263552,485999,Bet Medrash Gadol Ateret Torah,"Bet Medrash Gadol, Ateret Torah"
0743317841813438464,164748,Berklee College of Music,Berklee College of Music
0743317858691317760,488314,Beth Medrash of Asbury Park,"Beth Medrash of Asbury Park, Lakewood"
0743317870909325312,183804,Beth Medrash Govoha,Beth Medrash Govoha
0743317875288178688,154721,Bethany College,Bethany College
0743317879386013696,486196,Beth Medrash Meor Yitzchok,Beth Medrash Meor Yitzchok
0743317888445710336,237181,Bethany College,Bethany College
0743317900844072960,486284,Bethany Global University,Bethany Global University
0743317905424252928,173142,Bethany Lutheran College,Bethany Lutheran College
0743317914261651456,143233,Bethany Theological Seminary,Bethany Theological Seminary
0743317922436349952,154749,Bethel College-North Newton,"Bethel College, North Newton"
0743317930577494016,234669,Bellevue College,Bellevue College
0743317945085591552,150145,Bethel University,"Bethel University, Mishawaka"
0743317955672014848,219718,Bethel University,"Bethel University, McKenzie"
0743317959904067584,173160,Bethel University,"Bethel University, Saint Paul"
0743317968510779392,486053,Bethlehem College & Seminary,"Bethlehem College, Seminary"
0743317978006683648,110060,Bethesda University,"Bethesda University, Anaheim"
0743317981668311040,132602,Bethune-Cookman University,Bethune-Cookman University
0743317987611639808,475635,Beverly Hills Design Institute,Beverly Hills Design Institute
0743318007001907200,139153,Beulah Heights University,Beulah Heights University
0743318011959574528,443702,"Bexley Hall Seabury Western Theological Seminary Federation, Inc.","Bexley Seabury Seminary Federation, Chicago"
0743318020906024960,234711,Big Bend Community College,Big Bend Community College
0743318027772100608,110097,Biola University,Biola University
0743318041185484800,100937,Birmingham-Southern College,Birmingham-Southern College
0743318044792586240,196079,Binghamton University,Binghamton University
0743318048504545280,200022,Bismarck State College,Bismarck State College
0743318053365743616,219046,Black Hills State University,Black Hills State University
0743318070595944448,143297,Blessing Rieman College of Nursing and Health Sciences,Blessing Rieman College of Nursing and Health Sciences
0743318078539956224,183822,Bloomfield College,Bloomfield College
0743318082902032384,180054,Blackfeet Community College,Blackfeet Community College
0743318099691831296,237215,Bluefield State University,Bluefield State University
0743318104334925824,231554,Bluefield University,Bluefield University
0743318111368773632,175430,Blue Mountain Christian University,Blue Mountain Christian University
0743318111930810368,201371,Bluffton University,Bluffton University
0743318132952662016,175999,Board of Trustees-Mississippi State Institutions of Higher Learning,Mississippi State Institutions of Higher Learning
0743318133678276608,142090,Boise Bible College,Boise Bible College
0743318137658671104,142115,Boise State University,Boise State University
0743318154821763072,490203,Bolivar Technical College,Bolivar Technical College
0743318163755630592,233356,Bon Secours Memorial College of Nursing,Bon Secours Memorial College of Nursing
0743318168319033344,189413,Boricua College,Boricua College
0743318171439595520,217749,Bob Jones University,Bob Jones University
0743318197612052480,164614,Boston Baptist College,Boston Baptist College
0743318200673894400,164924,Boston College,Boston College
0743318204473933824,164915,Boston Graduate School of Psychoanalysis Inc,Boston Graduate School of Psychoanalysis
0743318209024753664,143288,Blackburn College,Blackburn College
0743318213588156416,164872,Boston Architectural College,Boston Architectural College
0743318239462817792,162007,Bowie State University,Bowie State University
0743318243388686336,161004,Bowdoin College,Bowdoin College
0743318247125811200,201432,Bowling Green State University-Firelands,"Bowling Green State University, Firelands"
0743318255527002112,164988,Boston University,Boston University
0743318262963503104,201441,Bowling Green State University-Main Campus,"Bowling Green State University, Bowling Green"
0743318276410441728,143358,Bradley University,Bradley University
0743318277266079744,165015,Brandeis University,Brandeis University
0743318285382057984,139199,Brenau University,Brenau University
0743318302360600576,139205,Brewton-Parker College,Brewton-Parker College
0743318313282568192,223506,Brazosport College,Brazosport College
0743318317573341184,152992,Briar Cliff University,Briar Cliff University
0743318319217508352,156356,Brescia University,"Brescia University, Owensboro"
0743318335562711040,198066,Brevard College,Brevard College
0743318343984873472,497408,Bridges Christian College,Bridges Christian College
0743318348531499008,230038,Brigham Young University,Brigham Young University
0743318352541253632,165024,Bridgewater State University,Bridgewater State University
0743318370459320320,231581,Bridgewater College,Bridgewater College
0743318379015700480,230047,Brigham Young University-Hawaii,"Brigham Young University, Hawaii"
0743318383251947520,142522,Brigham Young University-Idaho,"Brigham Young University, Idaho"
0743318386808717312,444088,Brookline College-Albuquerque,"Brookline College, Albuquerque"
0743318390923329536,450304,Brite Divinity School,Brite Divinity School
0743318411718688768,404055,Brookline College-Tempe,"Brookline College, Tempe"
0743318420493172736,189501,Brooklyn Law School,Brooklyn Law School
0743318423768924160,104090,Brookline College-Phoenix,"Brookline College, Phoenix"
0743318428286189568,132709,Broward College,Broward College
0743318432673431552,217156,Brown University,Brown University
0743318458082525184,180878,Bryan College of Health Sciences,Bryan College of Health Sciences
0743318462146805760,110219,Bryan University,Bryan University
0743318466575990784,219790,Bryan College-Dayton,"Bryan College, Dayton"
0743318470250201088,369516,Bryan University,Bryan University
0743318479188262912,188517,Bryant & Stratton College-Albany,"Bryant & Stratton College, Albany"
0743318500260446208,189583,Bryant & Stratton College-Buffalo,"Bryant & Stratton College, Buffalo"
0743318504354086912,480091,Bryant & Stratton College-Online,"Bryant & Stratton College, Orchard Park"
0743318508581945344,201469,Bryant & Stratton College-Parma,"Bryant & Stratton College, Parma"
0743318512558145536,189565,Bryant & Stratton College-Syracuse North,"Bryant & Stratton College, Syracuse North"
0743318533819072512,189592,Bryant & Stratton College-Greece,"Bryant & Stratton College, Rochester"
0743318538621550592,217165,Bryant University,Bryant University
0743318542589362176,231785,Bryant & Stratton College-Virginia Beach,"Bryant & Stratton College, Virginia Beach"
0743318550986358784,451750,Bryant & Stratton College-Wauwatosa,"Bryant & Stratton College, Wauwatosa"
0743318567264452608,210492,Bryn Athyn College of the New Church,Bryn Athyn College of the New Church
0743318571622334464,211273,Bryn Mawr College,Bryn Mawr College
0743318575778889728,153001,Buena Vista University,Buena Vista University
0743318580564590592,211291,Bucknell University,Bucknell University
0743318584280743936,488554,Burrell College of Osteopathic Medicine,Burrell College of Osteopathic Medicine
0743318601330589696,209409,Bushnell University,Bushnell University
0743318610444812288,198109,Cabarrus College of Health Sciences,Cabarrus College of Health Sciences
0743318624311181312,444103,Byzantine Catholic Seminary of Saints Cyril and Methodius,Byzantine Catholic Seminary of Saints Cyril and Methodius
0743318627045867520,150163,Butler University,Butler University
0743318635908431872,215114,Cairn University-Langhorne,"Cairn University, Langhorne"
0743318640488611840,211352,Cabrini University,Cabrini University
0743318654917017600,493956,Cal Northern School of Law,Cal Northern School of Law
0743318660512219136,433420,California Aeronautical University,"California Aeronautical University, Bakersfield"
0743318669492224000,183910,Caldwell University,Caldwell University
0743318681483739136,110361,California Baptist University,California Baptist University
0743318686210719744,110370,California College of the Arts,California College of the Arts
0743318693844353024,447713,California Career College,"California Career College, Canoga Park"
0743318698298703872,112570,California College of ASU,"California College of ASU, Los Angeles"
0743318702518173696,488572,California Health Sciences University,California Health Sciences University
0743318724735401984,490285,California Institute of Arts & Technology,California Institute of Arts & Technology
0743318732004130816,487649,California Institute of Advanced Management,California Institute of Advanced Management
0743318736370401280,110316,California Institute of Integral Studies,California Institute of Integral Studies
0743318741034467328,496186,California Institute of Arts & Technology-National City,"California Institute of Arts & Technology, National City"
0743318745191022592,110404,California Institute of Technology,California Institute of Technology
0743318761238429696,486488,California Jazz Conservatory,California Jazz Conservatory
0743318769794809856,485546,California Intercontinental University,California Intercontinental University
0743318782394499072,480781,California Miramar University,California Miramar University
0743318788417519616,110413,California Lutheran University,California Lutheran University
0743318791366115328,496627,California Northstate University,"California Northstate University, Elk Grove"
0743318795258429440,111081,California Institute of the Arts,California Institute of the Arts
0743318820088709120,111188,California State University Maritime Academy,California State University Maritime Academy
0743318824874409984,115755,California State Polytechnic University-Humboldt,"California State Polytechnic University, Humboldt"
0743318828284379136,110529,California State Polytechnic University-Pomona,"California State Polytechnic University, Pomona"
0743318832759701504,110486,California State University-Bakersfield,"California State University, Bakersfield"
0743318836912062464,110422,California Polytechnic State University-San Luis Obispo,"California Polytechnic State University, San Luis Obispo"
0743318858080714752,110538,California State University-Chico,"California State University, Chico"
0743318862526676992,110574,California State University-East Bay,"California State University, East Bay"
0743318870755901440,110547,California State University-Dominguez Hills,"California State University, Dominguez Hills"
0743318874958594048,110501,California State University-Chancellors Office,"California State University, Chancellors Office"
0743318896559259648,441937,California State University-Channel Islands,"California State University, Channel Islands"
0743318901370126336,110583,California State University-Long Beach,"California State University, Long Beach"
0743318904553603072,110565,California State University-Fullerton,"California State University, Fullerton"
0743318908701769728,110592,California State University-Los Angeles,"California State University, Los Angeles"
0743318913076428800,110556,California State University-Fresno,"California State University, Fresno"
0743318934253469696,110617,California State University-Sacramento,"California State University, Sacramento"
0743318938275807232,110510,California State University-San Bernardino,"California State University, San Bernardino"
0743318951018102784,110608,California State University-Northridge,"California State University, Northridge"
0743318955111743488,409698,California State University-Monterey Bay,"California State University, Monterey Bay"
0743318959201189888,110495,California State University-Stanislaus,"California State University, Stanislaus"
0743318963437436928,366711,California State University-San Marcos,"California State University, San Marcos"
0743318980516642816,497666,California University-Silicon Valley,"California University, Sunnyvale"
0743318985092628480,111391,California Western School of Law,California Western School of Law
0743318992772399104,150172,Calumet College of Saint Joseph,Calumet College of Saint Joseph
0743319004977823744,176789,Calvary University,Calvary University
0743319022174470144,165167,Cambridge College,Cambridge College
0743319026633015296,169099,Calvin Theological Seminary,Calvin Theological Seminary
0743319031271915520,496043,California University of Science and Medicine,California University of Science and Medicine
0743319039249481728,454865,Cambridge College of Healthcare & Technology,"Cambridge College of Healthcare & Technology, Delray Beach"
0743319043330539520,169080,Calvin University,Calvin University
0743319064306253824,198136,Campbell University,Campbell University
0743319069448470528,156365,Campbellsville University,Campbellsville University
0743319076994023424,189705,Canisius University,Canisius University
0743319085827227648,206914,Cameron University,Cameron University
0743319089753096192,413413,Capella University,Capella University
0743319094324887552,162061,Capitol Technology University,Capitol Technology University
0743319098309476352,201548,Capital University,Capital University
0743319115388682240,433013,Career Networks Institute,Career Networks Institute
0743319123202670592,241386,Caribbean University-Carolina,"Caribbean University, Carolina"
0743319127392780288,241377,Caribbean University-Bayamon,"Caribbean University, Bayamon"
0743319131486420992,448239,Careers Unlimited,Careers Unlimited
0743319153397465088,173258,Carleton College,Carleton College
0743319160905269248,211431,Carlow University,Carlow University
0743319166630494208,363916,Caribbean University-Vega Baja,"Caribbean University, Vega Baja"
0743319169637810176,363907,Caribbean University-Ponce,"Caribbean University, Ponce"
0743319173752422400,211440,Carnegie Mellon University,Carnegie Mellon University
0743319192891031552,199971,Carolina Christian College,Carolina Christian College
0743319201761984512,461032,Carolina College of Biblical Studies,"Carolina College of Biblical Studies, Fayetteville"
0743319204031102976,485467,Carrington College-Administrative Office,"Carrington College, Sacramento"
0743319209206874112,489937,Carolina University,Carolina University
0743319224864210944,180106,Carroll College,Carroll College
0743319230916591616,238458,Carroll University,Carroll University
0743319232564953088,125532,Carrington College-Sacramento,"Carrington College, Sacramento"
0743319254153035776,439190,Cascadia College,"Cascadia College, Bothell"
0743319258276036608,219806,Carson-Newman University,Carson-Newman University
0743319262650695680,111638,Casa Loma College-Los Angeles,"Casa Loma College, Los Angeles"
0743319267390259200,238476,Carthage College,Carthage College
0743319284150697984,201645,Case Western Reserve University,Case Western Reserve University
0743319287929765888,198215,Catawba College,Catawba College
0743319296679084032,230834,Castleton University,"Castleton University, Castleton"
0743319300571398144,143659,Catholic Theological Union at Chicago,"Catholic Theological Union, Chicago"
0743319321735856128,439367,CBD College,CBD College
0743319325691084800,201654,Cedarville University,Cedarville University
0743319330199961600,211468,Cedar Crest College,Cedar Crest College
0743319333790285824,433174,Carolinas College of Health Sciences,Carolinas College of Health Sciences
0743319350865297408,376224,CEM College-Humacao,"CEM College, Humacao"
0743319359451037696,241517,CEM College-San Juan,"CEM College, San Juan"
0743319363754393600,183974,Centenary University,Centenary University
0743319368351350784,158477,Centenary College of Louisiana,Centenary College of Louisiana
0743319389331259392,106713,Central Baptist College,Central Baptist College
0743319393613643776,154855,Central Christian College of Kansas,"Central Christian College of Kansas, McPherson"
0743319397916999680,241793,Center for Advanced Studies On Puerto Rico and the Caribbean,Center for Advanced Studies on Puerto Rico and the Caribbean
0743319414409003008,232618,Centra College,Centra College
0743319419391836160,153108,Central College,"Central College, Pella"
0743319427121938432,128771,Central Connecticut State University,Central Connecticut State University
0743319431580483584,176910,Central Christian College of the Bible,Central Christian College of the Bible
0743319439952314368,445267,Central Methodist University-College of Graduate and Extended Studies,"Central Methodist University, Fayette"
0743319452937879552,176947,Central Methodist University-College of Liberal Arts and Sciences,"Central Methodist University, Fayette"
0743319457295761408,169248,Central Michigan University,Central Michigan University
0743319461691392000,201672,Central Ohio Technical College,Central Ohio Technical College
0743319474488213504,201690,Central State University,"Central State University, Wilberforce"
0743319486274207744,240514,Central Wyoming College,"Central Wyoming College, Riverton"
0743319490883747840,234827,Central Washington University,Central Washington University
0743319494490849280,211477,Central Penn College,"Central Penn College, Summerdale"
0743319516485779456,488004,Central Yeshiva Beth Joseph,"Central Yeshiva Beth Joseph, Brooklyn"
0743319524723392512,156408,Centre College,Centre College
0743319533187497984,234845,Centralia College,Centralia College
0743319544809914368,475398,Catholic Distance University,Catholic Distance University
0743319553580204032,180948,Chadron State College,Chadron State College
0743319570747490304,489353,Chamberlain University-California,"Chamberlain University, California"
0743319578712473600,454245,Chamberlain University-Arizona,"Chamberlain University, Phoenix"
0743319582915166208,420024,Centura College-Chesapeake,"Centura College, Chesapeake"
0743319587625369600,454218,Chamberlain University-Administrative Office,"Chamberlain University, Chicago"
0743319612602449920,475732,Chamberlain University-Georgia,"Chamberlain University, Georgia"
0743319617245544448,454227,Chamberlain University-Illinois,"Chamberlain University, Illinois"
0743319634735792128,492759,Chamberlain University-Louisiana,"Chamberlain University, Louisiana"
0743319637709553664,475741,Chamberlain University-Indiana,"Chamberlain University, Indianapolis"
0743319642293927936,457129,Chamberlain University-Florida,"Chamberlain University, Jacksonville"
0743319658823680000,486947,Chamberlain University-Michigan,"Chamberlain University, Michigan"
0743319672031543296,466921,Chamberlain University-Missouri,"Chamberlain University, Missouri"
0743319680113967104,486956,Chamberlain University-New Jersey,"Chamberlain University, North Brunswick"
0743319696828268544,486938,Chamberlain University-Nevada,"Chamberlain University, Nevada"
0743319700884160512,489344,Chamberlain University-North Carolina,"Chamberlain University, North Carolina"
0743319705451757568,454236,Chamberlain University-Ohio,"Chamberlain University, Ohio"
0743319721897623552,466930,Chamberlain University-Texas,"Chamberlain University, Houston"
0743319726905622528,141486,Chaminade University of Honolulu,Chaminade University of Honolulu
0743319735147429888,460871,Chamberlain University-Virginia,"Chamberlain University, Virginia"
0743319755967954944,230852,Champlain College,Champlain College
0743319762259410944,111948,Chapman University,Chapman University
0743319768643141632,189857,Central Yeshiva Tomchei Tmimim Lubavitz,Central Yeshiva Tomchei Talmud Lubavitz
0743319772019556352,492069,Champion Christian College,"Champion Christian College, Hot Springs"
0743319772921331712,111966,Charles R Drew University of Medicine and Science,Charles R. Drew University of Medicine and Science
0743319789518192640,451510,Charleston School of Law,Charleston School of Law
0743319798217179136,217688,Charleston Southern University,Charleston Southern University
0743319803153874944,444778,Charlotte Christian College and Theological Seminary,Charlotte Christian College and Theological Seminary
0743319810581987328,128780,Charter Oak State College,Charter Oak State College
0743319831800971264,211583,Chestnut Hill College,Chestnut Hill College
0743319836251127808,208390,Chemeketa Community College,Chemeketa Community College
0743319839879200768,211556,Chatham University,Chatham University
0743319844501323776,211608,Cheyney University of Pennsylvania,Cheyney University of Pennsylvania
0743319848599158784,102845,Charter College,"Charter College, Anchorage"
0743319869872668672,144014,Chicago Theological Seminary,Chicago Theological Seminary
0743319874868084736,144005,Chicago State University,Chicago State University
0743319878567460864,198303,Chowan University,Chowan University
0743319883189583872,133021,Chipola College,Chipola College
0743319899861942272,494630,Christ Mission College,Christ Mission College
0743319903410323456,231712,Christopher Newport University,Christopher Newport University
0743319911694073856,219833,Christian Brothers University,Christian Brothers University
0743319920271425536,150215,Christian Theological Seminary,Christian Theological Seminary
0743319929515671552,112127,Church Divinity School of the Pacific,Church Divinity School of the Pacific
0743319941372968960,201867,Cincinnati College of Mortuary Science,Cincinnati College of Mortuary Science
0743319945688907776,201928,Cincinnati State Technical and Community College,Cincinnati State Technical and Community College
0743319950197784576,217864,Citadel Military College of South Carolina,Citadel Military College of South Carolina
0743319958401843200,234915,City University of Seattle,City University of Seattle
0743319971081224192,181145,CHI Health School of Radiologic Technology,CHI Health School of Radiologic Technology
0743319975556546560,217873,Claflin University,Claflin University
0743319983777382400,112251,Claremont Graduate University,Claremont Graduate University
0743319996171550720,112260,Claremont McKenna College,Claremont McKenna College
0743320001196326912,457697,City Vision University,City Vision University
0743320018627854336,124283,Claremont School of Theology,Claremont School of Theology
0743320023640047616,488387,Claremont Lincoln University,Claremont Lincoln University
0743320034784313344,138947,Clark Atlanta University,Clark Atlanta University
0743320039330938880,234933,Clark College,Clark College
0743320043009343488,201973,Clark State College,Clark State College
0743320060067577856,165334,Clark University,Clark University
0743320068384882688,153126,Clarke University,Clarke University
0743320072411414528,211024,Clarks Summit University,Clarks Summit University
0743320089238962176,244233,City College-Hollywood,"City College, Hollywood"
0743320093689118720,180832,Clarkson College,Clarkson College
0743320098319630336,475477,City College-Hollywood,"City College, Hollywood"
0743320106536271872,190044,Clarkson University,Clarkson University
0743320123468677120,217882,Clemson University,Clemson University
0743320127377768448,139311,Clayton  State University,Clayton State University
0743320140162007040,169327,Cleary University,Cleary University
0743320148076658688,202046,Cleveland Institute of Art,Cleveland Institute of Art
0743320152501649408,202073,Cleveland Institute of Music,Cleveland Institute of Music
0743320160865091584,202134,Cleveland State University,Cleveland State University
0743320166187663360,156417,Clear Creek Baptist Bible College,Clear Creek Baptist Bible College
0743320182834855936,234951,Clover Park Technical College,Clover Park Technical College
0743320190682398720,217891,Clinton College,"Clinton College, Rock Hill"
0743320194868314112,177038,Cleveland University-Kansas City,"Cleveland University, Overland Park"
0743320200421572608,218724,Coastal Carolina University,Coastal Carolina University
0743320203219173376,153144,Coe College,Coe College
0743320216192155648,217907,Coker University,Coker University
0743320224295550976,190080,Colgate Rochester Crozer Divinity School,Colgate Rochester Crozer Divinity School
0743320232847736832,241720,Colegio Universitario de San Juan,Colegio Universitario de San Juan
0743320245657141248,190099,Colgate University,Colgate University
0743320253932503040,161086,Colby College,Colby College
0743320258017755136,182634,Colby-Sawyer College,Colby-Sawyer College
0743320266314088448,169442,College for Creative Studies,College for Creative Studies
0743320275235373056,493974,College of Athens,"College of Athens, Watkinsville"
0743320288103497728,388520,College of Biblical Studies-Houston,"College of Biblical Studies, Houston"
0743320292503322624,139250,College of Coastal Georgia,College of Coastal Georgia
0743320296534048768,132851,College of Central Florida,"College of Central Florida, Ocala"
0743320313067995136,217819,College of Charleston,College of Charleston
0743320325810290688,243638,College of Micronesia-FSM,"College of Micronesia, Pohnpei"
0743320330117840896,167394,College of Our Lady of the Elms,"College of Our Lady of the Elms, Chicopee"
0743320338347065344,174747,College of Saint Benedict,College of Saint Benedict
0743320351148081152,413617,College of Menominee Nation,College of Menominee Nation
0743320355321413632,142559,College of Southern Idaho,College of Southern Idaho
0743320363840045056,182005,College of Southern Nevada,College of Southern Nevada
0743320368277618688,181604,College of Saint Mary,College of Saint Mary
0743320384429883392,190558,College of Staten Island CUNY,"College of Staten Island, City University of New York"
0743320388674519040,160959,College of the Atlantic,College of the Atlantic
0743320395293130752,166124,College of the Holy Cross,College of the Holy Cross
0743320397918765056,226408,College of the Mainland,"College of the Mainland, Texas City"
0743320410971439104,178697,College of the Ozarks,College of the Ozarks
0743320418856730624,247834,Collin County Community College District,Collin County Community College District
0743320423420133376,493822,College Unbound,College Unbound
0743320435302596608,126669,Colorado Christian University,Colorado Christian University
0743320439639506944,381352,Colorado Chinese Medicine University,Colorado Chinese Medicine University
0743320456903262208,127556,Colorado Mesa University,Colorado Mesa University
0743320466445303808,126678,Colorado College,Colorado College
0743320473290407936,126775,Colorado School of Mines,Colorado School of Mines
0743320477186916352,126711,Colorado Mountain College,"Colorado Mountain College, Glenwood Springs"
0743320499630637056,376695,College of the Marshall Islands,College of the Marshall Islands
0743321915845771264,446978,Colorado State University-System Office,"Colorado State University, System Office"
0743321919448678400,126827,Colorado Technical University-Colorado Springs,"Colorado Technical University, Colorado Springs"
0743321923689119744,476975,Colorado State University Global,Colorado State University Global
0743321932073533440,128106,Colorado State University Pueblo,Colorado State University Pueblo
0743321939824607232,234979,Columbia Basin College,Columbia Basin College
0743321953711947776,217934,Columbia College,"Columbia College, Columbia"
0743321960783544320,177065,Columbia College,"Columbia College, Columbia"
0743321964944293888,144281,Columbia College Chicago,Columbia College Chicago
0743321983671861248,217925,Columbia International University,Columbia International University
0743321988122017792,241304,Columbia Central University-Caguas,"Columbia Central University, Caguas"
0743321990202392576,450933,Columbia Southern University,Columbia Southern University
0743321994430251008,139348,Columbia Theological Seminary,Columbia Theological Seminary
0743322007633920000,139366,Columbus State University,Columbus State University
0743322016555204608,498562,Commonwealth University of Pennsylvania,"Commonwealth University of Pennsylvania, Bloomsburg"
0743322019826761728,202170,Columbus College of Art & Design,Columbus College of Art & Design
0743322040840224768,177083,Conception Seminary College,Conception Seminary College
0743322045793697792,126942,Community College of Denver,Community College of Denver
0743322057537748992,237330,Concord University,Concord University
0743322062180843520,190150,Columbia University in the City of New York,Columbia University in the City of New York
0743322070628171776,126818,Colorado State University-Fort Collins,"Colorado State University, Fort Collins"
0743322080954548224,155283,Concorde Career College-Kansas City,"Concorde Career College, Kansas City"
0743322083093643264,126687,Concorde Career College-Aurora,"Concorde Career College, Aurora"
0743322099954745344,173300,Concordia College at Moorhead,"Concordia College, Moorhead"
0743322108121055232,177092,Concordia Seminary,Concordia Seminary
0743322112281804800,169363,Concordia University Ann Arbor,"Concordia University, Ann Arbor"
0743322116677435392,150288,Concordia Theological Seminary,"Concordia Theological Seminary, Fort Wayne"
0743322125451919360,224004,Concordia University Texas,Concordia University Texas
0743322133437874176,180984,Concordia University-Nebraska,"Concordia University, Nebraska"
0743322146406662144,173328,Concordia University-Saint Paul,"Concordia University, Saint Paul"
0743322151293026304,238616,Concordia University-Wisconsin,"Concordia University, Wisconsin"
0743322160063315968,144351,Concordia University-Chicago,"Concordia University, Chicago"
0743322164366671872,128902,Connecticut College,Connecticut College
0743322175557074944,165495,Conway School of Landscape Design,Conway School of Landscape Design
0743322185145253888,217961,Converse University,Converse University
0743322189071122432,162283,Coppin State University,Coppin State University
0743322205860921344,210331,Corban University,Corban University
0743322210092974080,190415,Cornell University,Cornell University
0743322218099900416,153162,Cornell College,Cornell College
0743322222264844288,170037,Cornerstone University,Cornerstone University
0743322235275575296,177117,Cottey College,Cottey College
0743322246273040384,235024,Cornish College of the Arts,Cornish College of the Arts
0743322256226123776,139393,Covenant College,"Covenant College, Lookout Mountain"
0743322260370096128,177126,Covenant Theological Seminary,Covenant Theological Seminary
0743322268985196544,112075,Concordia University-Irvine,"Concordia University, Irvine"
0743322288711008256,181002,Creighton University,Creighton University
0743322290271289344,169424,Cranbrook Academy of Art,Cranbrook Academy of Art
0743322294478176256,475608,Criswell College,Criswell College
0743322300207595520,176770,Cox College,Cox College
0743322312564015104,174862,Crown College,"Crown College, Saint Bonifacius"
0743322323754418176,106810,Crowley's Ridge College,Crowley's Ridge College
0743322328217157632,190503,Culinary Institute of America,"Culinary Institute of America, Hyde Park"
0743322331958476800,177144,Culver-Stockton College,"Culver-Stockton College, Canton"
0743322349620690944,190512,CUNY Bernard M Baruch College,CUNY Bernard M. Baruch College
0743322358168682496,190567,CUNY City College,"City College, New York"
0743322362539147264,219949,Cumberland University,Cumberland University
0743322367152881664,190549,CUNY Brooklyn College,CUNY Brooklyn College
0743322383493890048,190600,CUNY John Jay College of Criminal Justice,CUNY John Jay College of Criminal Justice
0743322391895080960,190594,CUNY Hunter College,CUNY Hunter College
0743322397179904000,190637,CUNY Lehman College,Lehman College
0743322409217556480,190646,CUNY Medgar Evers College,CUNY Medgar Evers College
0743322417123819520,190655,CUNY New York City College of Technology,"City University of New York, Brooklyn College"
0743322427487944704,190664,CUNY Queens College,Queens College
0743322433418690560,190576,CUNY Graduate School and University Center,CUNY Graduate Center
0743322437877235712,190682,CUNY School of Law,CUNY School of Law
0743322455069687808,190035,CUNY System Office,CUNY System Office
0743322462812372992,190691,CUNY York College,York College
0743322471683325952,211893,Curtis Institute of Music,Curtis Institute of Music
0743322488015945728,113236,Cypress College,Cypress College
0743322498237464576,165529,Curry College,"Curry College, Milton"
0743322501378998272,190725,Daemen University,Daemen University
0743322507406213120,219082,Dakota State University,Dakota State University
0743322514033213440,493600,Congregation Talmidei Mesivta Tiferes Shmiel Aleksander,"Yeshiva Aleksander, Brooklyn"
0743322522153385984,224244,Dallas Christian College,Dallas Christian College
0743322535222837248,219091,Dakota Wesleyan University,Dakota Wesleyan University
0743322553447088128,224615,Dallas College,Dallas College
0743322558132125696,224226,Dallas Baptist University,Dallas Baptist University
0743322560317358080,139463,Dalton State College,Dalton State College
0743322564306141184,224305,Dallas Theological Seminary,Dallas Theological Seminary
0743322577732108288,455178,Daoist Traditions College of Chinese Medical Arts,Daoist Traditions College of Chinese Medical Arts
0743322590294048768,169479,Davenport University,Davenport University
0743322594077310976,198385,Davidson College,Davidson College
0743322599378911232,182670,Dartmouth College,Dartmouth College
0743322611978600448,237358,Davis & Elkins College,Davis & Elkins College
0743322614902030336,194569,Davis College,"Davis College, Pottersville"
0743322627522691072,496469,Daybreak University,"Daybreak University, Anaheim"
0743322636146180096,447014,Daytona College,"Daytona College, Ormond Beach"
0743322640483090432,165574,Dean College,Dean College
0743322653875503104,202514,Defiance College,Defiance College
0743322657415495680,224350,Del Mar College,Del Mar College
0743322661496553472,133386,Daytona State College,Daytona State College
0743322674037522432,130882,Delaware Technical Community College-Central Office,"Delaware Technical Community College, Dover"
0743322678546399232,130907,Delaware Technical Community College-Terry,"Delaware Technical Community College, Dover"
0743322687346049024,211981,Delaware Valley University,Delaware Valley University
0743322699832492032,202523,Denison University,Denison University
0743322703984852992,175616,Delta State University,"Delta State University, Cleveland"
0743322727091273728,202435,Davis College,"Davis College, Toledo"
0743322732011192320,126979,Denver Seminary,Denver Seminary
0743322736352296960,454856,Denver College of Nursing,Denver College of Nursing
0743322739690962944,499422,Denver College of Nursing-Houston,"Denver College of Nursing, Houston"
0743322752223543296,150400,DePauw University,DePauw University
0743322754865954816,210739,DeSales University,DeSales University
0743322775816503296,113582,Design Institute of San Diego,Design Institute of San Diego
0743322780124053504,154156,Des Moines University-Osteopathic Medical Center,"Des Moines University, West Des Moines"
0743322784913948672,144740,DePaul University,DePaul University
0743322802265784320,482422,DeVry University-Arizona,"DeVry University, Arizona"
0743322805285683200,482413,DeVry College of New York,DeVry College of New York
0743322809857474560,144777,DeVry University-Administrative Office,"DeVry University, Lisle"
0743322822448775168,482431,DeVry University-California,"DeVry University, Ontario"
0743322833458823168,482468,DeVry University-Georgia,"DeVry University, Georgia"
0743322837082701824,482459,DeVry University-Florida,"DeVry University, Florida"
0743322839976771584,482477,DeVry University-Illinois,"DeVry University, Illinois"
0743322869903130624,482547,DeVry University-Nevada,"DeVry University, Henderson"
0743322871941562368,482574,DeVry University-Ohio,"DeVry University, Ohio"
0743322874978238464,130934,Delaware State University,Delaware State University
0743322882343436288,482635,DeVry University-Texas,"DeVry University, Texas"
0743322887867334656,482556,DeVry University-New Jersey,"DeVry University, New Jersey"
0743322898436980736,482653,DeVry University-Virginia,"DeVry University, Arlington"
0743322910810177536,449135,Dewey University-Juana Díaz,"Dewey University, Juana Diaz"
0743322915117727744,434900,Dewey University-Carolina,"Dewey University, Carolina"
0743322919316226048,469416,Dewey University-Manati,"Dewey University, Manati"
0743322932024967168,443562,Dewey University-Hato Rey,"Dewey University, Hato Rey"
0743322944599490560,212009,Dickinson College,Dickinson College
0743322948827348992,113616,Dharma Realm Buddhist University,Dharma Realm Buddhist University
0743322953927622656,443410,DigiPen Institute of Technology,"DigiPen Institute of Technology, Redmond"
0743322975989661696,200059,Dickinson State University,Dickinson State University
0743322980020387840,158802,Dillard University,Dillard University
0743322983539408896,445869,Divine Mercy University,Divine Mercy University
0743322987297505280,105297,Dine College,"Diné College, Tsaile"
0743322991349202944,153241,Divine Word College,Divine Word College
0743323008352911360,148496,Dominican University,Dominican University
0743323014002638848,113704,Dominican School of Philosophy & Theology,Dominican School of Philosophy and Theology
0743323020570918912,113698,Dominican University of California,Dominican University of California
0743323033468403712,190761,Dominican University New York,Dominican University of New York
0743323042284830720,122117,Dongguk University Los Angeles,"Dongguk University, Los Angeles"
0743323050346283008,181020,Doane University,Doane University
0743323055006154752,155007,Donnelly College,Donnelly College
0743323058734891008,153250,Dordt University,Dordt University
0743323071716261888,153269,Drake University,Drake University
0743323088501866496,492801,Drury University-College of Continuing Professional Studies,"Drury University, Springfield"
0743323092238991360,184348,Drew University,Drew University
0743323097104384000,177214,Drury University,Drury University
0743323113550249984,212054,Drexel University,Drexel University
0743323119338389504,212106,Duquesne University,Duquesne University
0743323124686127104,198419,Duke University,Duke University
0743323126502260736,175227,Dunwoody College of Technology,Dunwoody College of Technology
0743323139567517696,190716,D'Youville  University,D'Youville University
0743323156063715328,496326,Eagle Gate College-Boise Campus,"Eagle Gate College, Boise"
0743323156571226112,447421,Eagle Gate College-Layton,"Eagle Gate College, Layton"
0743323164506849280,230366,Eagle Gate College-Murray,"Eagle Gate College, Murray"
0743323174766116864,150455,Earlham College,Earlham College
0743323185952325632,207041,East Central University,East Central University
0743323189894971392,198464,East Carolina University,East Carolina University
0743323194248658944,139621,East Georgia State College,East Georgia State College
0743323215933210624,212115,East Stroudsburg University of Pennsylvania,East Stroudsburg University of Pennsylvania
0743323223529095168,449481,Dragon Rises College of Oriental Medicine,"Dragon Rises College of Oriental Medicine, Gainesville"
0743323227572404224,439394,East West College of Natural Medicine,"East West College of Natural Medicine, Sarasota"
0743323231913508864,224527,East Texas Baptist University,East Texas Baptist University
0743323236258807808,220075,East Tennessee State University,East Tennessee State University
0743323252738228224,129215,Eastern Connecticut State University,Eastern Connecticut State University
0743323261646929920,156620,Eastern Kentucky University,Eastern Kentucky University
0743323270383665152,144892,Eastern Illinois University,Eastern Illinois University
0743323274091429888,132693,Eastern Florida State College,Eastern Florida State College
0743323277933412352,421878,Eastern International College-Jersey City,"Eastern International College, Jersey City"
0743323299198533632,208646,Eastern Oregon University,Eastern Oregon University
0743323307461312512,165644,Eastern Nazarene College,Eastern Nazarene College
0743323311936634880,187648,Eastern New Mexico University-Main Campus,"Eastern New Mexico University, Portales"
0743323316487454720,169798,Eastern Michigan University,Eastern Michigan University
0743323328583827456,232043,Eastern Mennonite University,Eastern Mennonite University
0743323341531643904,446224,Eastern School of Acupuncture and Traditional Medicine,"Eastern School of Acupuncture, Bloomfield"
0743323347743408128,231970,Eastern Virginia Medical School,Eastern Virginia Medical School
0743323350574563328,212133,Eastern University,Eastern University
0743323354433323008,235097,Eastern Washington University,Eastern Washington University
0743323379834028032,184959,Eastwick College-Ramsey,"Eastwick College, Ramsey"
0743323384074469376,144883,East-West University,East-West University
0743323387668987904,133492,Eckerd College,Eckerd College
0743323392836370432,183488,Eastwick College-Hackensack,"Eastwick College, Hackensack"
0743323400633581568,446233,Ecclesia College,Ecclesia College
0743323421626073088,235103,Edmonds College,Edmonds College
0743323428290822144,248934,ECPI University,ECPI University
0743323433416261632,247162,Ecumenical Theological Seminary,Ecumenical Theological Seminary
0743323435811209216,177278,Eden Theological Seminary,Eden Theological Seminary
0743323440089399296,238661,Edgewood College,"Edgewood College, Madison"
0743323446917726208,243832,EDP University of Puerto Rico Inc-San Juan,"EDP University of Puerto Rico, San Juan"
0743323463892074496,494278,EDP University of Puerto Rico-Humacao,"EDP University, Humacao"
0743323468765855744,499635,EDP University of Puerto Rico-Caguas,"EDP University, Caguas"
0743323478567944192,241836,EDP University of Puerto Rico Inc-San Sebastian,"EDP University of Puerto Rico, San Sebastian"
0743323493587746816,492476,EDP University of Puerto Rico-Villalba,"EDP University, Villalba"
0743323498503471104,133526,Edward Waters University,Edward Waters University
0743323502030880768,442806,Edward Via College of Osteopathic Medicine,"Edward Via College of Osteopathic Medicine, Blacksburg"
0743323506648809472,494287,EDP University of Puerto Rico-Manati,"EDP University, Manati"
0743323523073703936,212197,Elizabethtown College,Elizabethtown College
0743323529960751104,486080,Elmezzi Graduate School of Molecular Medicine,Elmezzi Graduate School of Molecular Medicine
0743323533488160768,198507,Elizabeth City State University,Elizabeth City State University
0743323548621209600,190983,Elmira College,Elmira College
0743323553503379456,133553,Embry-Riddle Aeronautical University-Daytona Beach,"Embry-Riddle Aeronautical University, Daytona Beach"
0743323567831121920,144962,Elmhurst University,Elmhurst University
0743323574160326656,198516,Elon University,Elon University
0743323578232995840,104586,Embry-Riddle Aeronautical University-Prescott,"Embry-Riddle Aeronautical University, Prescott"
0743323591306641408,426314,Embry-Riddle Aeronautical University-Worldwide,"Embry-Riddle Aeronautical University, Daytona Beach"
0743323595572248576,165662,Emerson College,Emerson College
0743323606989144064,165671,Emmanuel College,Emmanuel College
0743323612836003840,153302,Emmaus Bible College,Emmaus Bible College
0743323629118291968,488305,Elim Bible Institute and College,Elim Bible Institute and College
0743323633576837120,232025,Emory & Henry University,Emory & Henry University
0743323637859221504,139658,Emory University,Emory University
0743323642208714752,114114,Emperor's College of Traditional Oriental Medicine,Emperor's College of Traditional Oriental Medicine
0743323662664335360,196264,Empire State University,"Empire State University, Saratoga Springs"
0743323666812502016,165699,Endicott College,Endicott College
0743323672302845952,155025,Emporia State University,Emporia State University
0743323675553431552,114123,Empire College,Empire College
0743323692666191872,224712,Episcopal Theological Seminary of the Southwest,Episcopal Theological Seminary of the Southwest
0743323697145708544,230418,Ensign College,Ensign College
0743323709506322432,124487,Epic Bible College & Graduate School,"Epic Bible College, Sacramento"
0743323713264418816,241951,Escuela de Artes Plasticas y Diseno de Puerto Rico,Escuela de Artes Plásticas y Diseño de Puerto Rico
0743323717072846848,217998,Erskine College,Erskine College
0743323738518323200,139630,Emmanuel University,Emmanuel University
0743323746504278016,144971,Eureka College,Eureka College
0743323751747158016,177339,Evangel University,Evangel University
0743323759863136256,409254,Erikson Institute,Erikson Institute
0743323772173418496,235149,Everett Community College,Everett Community College
0743323776640352256,497824,Evangel University-College of Online Learning,"Evangel University, College of Online Learning"
0743323780935319552,196680,Excelsior University,Excelsior University
0743323798199074816,129242,Fairfield University,Fairfield University
0743323808206684160,460376,Fairfax University of America,Fairfax University of America
0743323810471608320,385619,Everglades University,Everglades University
0743323814292619264,184603,Fairleigh Dickinson University-Metropolitan Campus,"Fairleigh Dickinson University, Metropolitan Campus"
0743323818960879616,184694,Fairleigh Dickinson University-Florham Campus,"Fairleigh Dickinson University, Florham Campus"
0743323835847147520,153320,Faith Baptist Bible College and Theological Seminary,Faith Baptist Bible College and Theological Seminary
0743323844424499200,443049,Faith International University,Faith International University
0743323854021066752,443058,Family of Faith Christian University,Family of Faith Christian University
0743323857087102976,237367,Fairmont State University,Fairmont State University
0743323874984198144,494597,Faith Theological Seminary and Christian College,Faith Theological Seminary and Christian College
0743323882701717504,101189,Faulkner University,Faulkner University
0743323890767364096,198543,Fayetteville State University,Fayetteville State University
0743323894902947840,191126,Fashion Institute of Technology,Fashion Institute of Technology
0743323899277606912,196042,Farmingdale State College,Farmingdale State College
0743323907351642112,114433,Feather River Community College District,Feather River Community College District
0743323925131296768,184612,Felician University,Felician University
0743323928520294400,232089,Ferrum College,Ferrum College
0743323932978839552,169910,Ferris State University,Ferris State University
0743323941849792512,487861,Felbry College,"Felbry College, Columbus"
0743323946807459840,114549,Fielding Graduate University,Fielding Graduate University
0743323963093942272,220181,Fisk University,Fisk University
0743323967598624768,114585,Five Branches University,Five Branches University
0743323975781711872,165820,Fitchburg State University,Fitchburg State University
0743323984237428736,165802,Fisher College,Fisher College
0743323992214994944,133711,Flagler College,"Flagler College, Saint Augustine"
0743324009310978048,133650,Florida Agricultural and Mechanical University,Florida Agricultural and Mechanical University
0743324015635988480,191205,Five Towns College,Five Towns College
0743324017657643008,133669,Florida Atlantic University,Florida Atlantic University
0743324031687589888,496681,Florida Academy of Nursing,Florida Academy of Nursing
0743324038721437696,133809,Florida College,Florida College
0743324043062542336,434441,Florida College of Integrative Medicine,Florida College of Integrative Medicine
0743324047357509632,135160,Florida Gateway College,Florida Gateway College
0743324076667305984,133881,Florida Institute of Technology,Florida Institute of Technology
0743324076923158528,433660,Florida Gulf Coast University,Florida Gulf Coast University
0743324081306206208,480569,Florida Institute of Technology-Online,Florida Institute of Technology
0743324084963639296,133951,Florida International University,Florida International University
0743324089363464192,114354,FIDM-Fashion Institute of Design & Merchandising,"Fashion Institute of Design & Merchandising, Los Angeles"
0743324110670528512,408844,Florida National University-Main Campus,"Florida National University, Main Campus"
0743324115414286336,133979,Florida Memorial University,Florida Memorial University
0743324118870392832,134079,Florida Southern College,Florida Southern College
0743324127254806528,482936,Florida Polytechnic University,Florida Polytechnic University
0743324143956525056,133508,Florida SouthWestern State College,Florida SouthWestern State College
0743324148834500608,134097,Florida State University,Florida State University
0743324152928141312,133702,Florida State College at Jacksonville,Florida State College at Jacksonville
0743324169772466176,177418,Fontbonne University,Fontbonne University
0743324178081382400,380368,Fond du Lac Tribal and Community College,Fond du Lac Tribal and Community College
0743324182435069952,114831,Foothill-De Anza Community College District,Foothill-De Anza Community College District
0743324191117279232,191241,Fordham University,Fordham University
0743324208351674368,139719,Fort Valley State University,Fort Valley State University
0743324213556805632,114716,Foothill College,Foothill College
0743324215632986112,155061,Fort Hays State University,Fort Hays State University
0743324220649373696,165866,Framingham State University,Framingham State University
0743324233278423040,127185,Fort Lewis College,"Fort Lewis College, Durango"
0743324245697757184,218061,Francis Marion University,Francis Marion University
0743324249929809920,114734,Franciscan School of Theology,Franciscan School of Theology
0743324263536132096,160074,Franciscan Missionaries of Our Lady University,Franciscan Missionaries of Our Lady University
0743324275791888384,205957,Franciscan University of Steubenville,Franciscan University of Steubenville
0743324276429422592,212577,Franklin and Marshall College,Franklin and Marshall College
0743324285505896448,150604,Franklin College,Franklin College
0743324288949420032,182795,Franklin Pierce University,Franklin Pierce University
0743324296608219136,202806,Franklin University,Franklin University
0743324313423183872,441982,Franklin W Olin College of Engineering,Olin College of Engineering
0743324322038284288,372073,Fremont University,Fremont University
0743324325834129408,114813,Fresno Pacific University,Fresno Pacific University
0743324330011656192,220215,Freed-Hardeman University,Freed-Hardeman University
0743324334482784256,155089,Friends University,Friends University
0743324348609200128,162584,Frostburg State University,Frostburg State University
0743324355626270720,156727,Frontier Nursing University,Frontier Nursing University
0743324360361639936,127200,Front Range Community College,"Front Range Community College, Westminster"
0743324381316382720,134237,Full Sail University,Full Sail University
0743324386223718400,481030,Future Generations University,Future Generations University
0743324393886711808,218070,Furman University,Furman University
0743324402812190720,114840,Fuller Theological Seminary,Fuller Theological Seminary
0743324407371399168,452948,Galen College of Nursing-Cincinnati,"Galen College of Nursing, Cincinnati"
0743324415432851456,156471,Galen College of Nursing-Louisville,"Galen College of Nursing, Louisville"
0743324431966797824,406033,Galen College of Nursing-San Antonio,"Galen College of Nursing, San Antonio"
0743324435972358144,406024,Galen College of Nursing-Tampa Bay,"Galen College of Nursing, Tampa Bay"
0743324444591652864,498119,Galen Health Institutes-Asheville,"Galen Health Institutes, Asheville"
0743324454376964096,499273,Galen Health Institutes-Dallas,"Galen Health Institutes, Dallas"
0743324471967875072,498474,Galen Health Institutes-Houston,"Galen Health Institutes, Houston"
0743324477290446848,499671,Galen Health Institutes-Las Vegas,"Galen Health Institutes, Las Vegas"
0743324481061126144,498085,Galen Health Institutes-Gainesville,"Galen Health Institutes, Gainesville"
0743324485985239040,496991,Galen Health Institutes-Miami Campus,"Galen Health Institutes, Miami Campus"
0743324491219730432,497116,Galen Health Institutes-Austin Campus,"Galen Health Institutes, Austin Campus"
0743324511243337728,131450,Gallaudet University,Gallaudet University
0743324514540060672,498076,Galen Health Institutes-Sarasota,"Galen Health Institutes, Sarasota"
0743324519384481792,224961,Galveston College,Galveston College
0743324520898625536,497125,Galen Health Institutes-Nashville Campus,"Galen Health Institutes, Nashville Campus"
0743324539588444160,145275,Garrett-Evangelical Theological Seminary,Garrett-Evangelical Theological Seminary
0743324542511874048,212601,Gannon University,Gannon University
0743324554281091072,212656,Geneva College,Geneva College
0743324558605418496,208822,George Fox University,George Fox University
0743324562753585152,198561,Gardner-Webb University,Gardner-Webb University
0743324570689208320,232186,George Mason University,George Mason University
0743324583993540608,131469,George Washington University,George Washington University
0743324588175261696,156745,Georgetown College,Georgetown College
0743324600816893952,131496,Georgetown University,Georgetown University
0743324609113227264,139861,Georgia College & State University,"Georgia College, Milledgeville"
0743324613626298368,447689,Georgia Gwinnett College,Georgia Gwinnett College
0743324630873276416,139700,Georgia Highlands College,Georgia Highlands College
0743324637722574848,485111,Georgia Military College,"Georgia Military College, Milledgeville"
0743324644622204928,139755,Georgia Institute of Technology-Main Campus,Georgia Institute of Technology
0743324649193996288,139931,Georgia Southern University,Georgia Southern University
0743324669041442816,139764,Georgia Southwestern State University,Georgia Southwestern State University
0743324672807927808,105145,GateWay Community College,"Gateway Community College, Phoenix"
0743324678528958464,139940,Georgia State University,Georgia State University
0743324693813002240,184773,Georgian Court University,Georgian Court University
0743324698175078400,456542,Geisinger Commonwealth School of Medicine,Geisinger Commonwealth School of Medicine
0743324701706682368,212674,Gettysburg College,Gettysburg College
0743324706970533888,115010,Glendale Career College,Glendale Career College
0743324714826465280,449384,Gnomon,Gnomon
0743324732761309184,202903,Gods Bible School and College,God's Bible School and College
0743324737077248000,237385,Glenville State University,Glenville State University
0743324749488193536,230889,Goddard College,Goddard College
0743324753137238016,104708,Glendale Community College,Glendale Community College
0743324762285015040,115083,Golden Gate University,Golden Gate University
0743324773899042816,130989,Goldey-Beacom College,Goldey-Beacom College
0743324781834665984,235316,Gonzaga University,Gonzaga University
0743324786687475712,202912,Good Samaritan College of Nursing and Health Science,Good Samaritan College of Nursing and Health Science
0743324791108272128,165936,Gordon College,Gordon College
0743324812897681408,165945,Gordon-Conwell Theological Seminary,Gordon-Conwell Theological Seminary
0743324816181821440,150668,Goshen College,Goshen College
0743324822854959104,139968,Gordon State College,Gordon State College
0743324824826281984,129154,Goodwin University,Goodwin University
0743324849924997120,162654,Goucher College,Goucher College
0743324855939629056,145336,Governors State University,Governors State University
0743324858678509568,150677,Grace College and Theological Seminary,Grace College and Theological Seminary
0743324862486937600,170000,Grace Christian University,Grace Christian University
0743324870581944320,494551,Glasgow Caledonian New York College,Glasgow Caledonian New York College
0743324884976795648,481401,Grace School of Theology,"Grace School of Theology, Conroe"
0743324897735868416,481058,Grace Mission University,Grace Mission University
0743324900848041984,153366,Graceland University-Lamoni,"Graceland University, Lamoni"
0743324905713434624,159009,Grambling State University,Grambling State University
0743324908787859456,115214,Graduate Theological Union,Graduate Theological Union
0743324931332243456,170082,Grand Valley State University,Grand Valley State University
0743324935056785408,235334,Grays Harbor College,"Grays Harbor College, Aberdeen"
0743324938554834944,104717,Grand Canyon University,Grand Canyon University
0743324943013380096,153375,Grand View University,Grand View University
0743324965914279936,225070,Grayson College,Grayson College
0743324968326004736,182306,Great Basin College,"Great Basin College, Elko"
0743324976957882368,212771,Gratz College,Gratz College
0743324981521285120,497213,Great Northern University,Great Northern University
0743324989649846272,170091,Great Lakes Christian College,Great Lakes Christian College
0743325010382290944,218113,Greenville Technical College,Greenville Technical College
0743325015096688640,235343,Green River College,"Green River College, Auburn"
0743325018410188800,145372,Greenville University,Greenville University
0743325023057477632,198598,Greensboro College,Greensboro College
0743325039830499328,153384,Grinnell College,Grinnell College
0743325044096106496,240745,Guam Community College,Guam Community College
0743325052740567040,134343,Gulf Coast State College,"Gulf Coast State College, Panama City"
0743325057320747008,212805,Grove City College,Grove City College
0743325069643612160,198613,Guilford College,Guilford College
0743325078267101184,459213,Gurnick Academy of Medical Arts,"Gurnick Academy of Medical Arts, San Jose"
0743325088467648512,499495,Gwinnett Institute,Gwinnett Institute
0743325094872350720,173647,Gustavus Adolphus College,Gustavus Adolphus College
0743325099406393344,490559,Gwinnett Institute,Gwinnett Institute
0743325108642250752,212832,Gwynedd Mercy University,Gwynedd Mercy University
0743325112849137664,225201,Hallmark University,"Hallmark University, San Antonio"
0743325137167712256,191515,Hamilton College,Hamilton College
0743325142158934016,495314,Hackensack Meridian School of Medicine,Hackensack Meridian School of Medicine
0743325144985894912,173665,Hamline University,Hamline University
0743325149561880576,166018,Hampshire College,Hampshire College
0743325166825635840,232265,Hampton University,Hampton University
0743325175583342592,177542,Hannibal-LaGrange University,Hannibal-LaGrange University
0743325183179227136,232256,Hampden-Sydney College,Hampden-Sydney College
0743325187629383680,107044,Harding University,Harding University
0743325191731412992,225247,Hardin-Simmons University,Hardin-Simmons University
0743325196269649920,150756,Hanover College,Hanover College
0743325217576714240,177551,Harris-Stowe State University,Harris-Stowe State University
0743325221326422016,129491,Hartford International University for Religion and Peace,Hartford International University for Religion and Peace
0743325225713664000,446640,Harrisburg University of Science and Technology,Harrisburg University of Science and Technology
0743325234790137856,191533,Hartwick College,Hartwick College
0743325251168894976,115409,Harvey Mudd College,Harvey Mudd College
0743325260379586560,111045,Haven University,Haven University
0743325265412751360,166027,Harvard University,Harvard University
0743325269716107264,181127,Hastings College,Hastings College
0743325273411289088,155140,Haskell Indian Nations University,Haskell Indian Nations University
0743325297755029504,212911,Haverford College,Haverford College
0743325302595256320,490054,HCI College,HCI College
0743325306185580544,141644,Hawaii Pacific University,Hawaii Pacific University
0743325310593794048,173683,Hazelden Betty Ford Graduate School,"Hazelden Betty Ford Graduate School, Center City"
0743325323730354176,166045,Hebrew College,Hebrew College
0743325327572336640,203067,Hebrew Union College-Jewish Institute of Religion,"Hebrew Union College, Jewish Institute of Religion"
0743325343892373504,191597,Helene Fuld College of Nursing,Helene Fuld College of Nursing
0743325352792686592,145497,Hebrew Theological College,Hebrew Theological College
0743325357020545024,107071,Henderson State University,Henderson State University
0743325366814244864,203085,Heidelberg University,Heidelberg University
0743325369624428544,166054,Hellenic College-Holy Cross Greek Orthodox School of Theology,"Hellenic College, Holy Cross Greek Orthodox School of Theology"
0743325382110871552,170240,Henry Ford College,Henry Ford College
0743325390428176384,198677,Heritage Bible College,Heritage Bible College
0743325397881454592,107080,Hendrix College,Hendrix College
0743325407717097472,235422,Heritage University,Heritage University
0743325412410523648,101453,Heritage Christian University,Heritage Christian University
0743325423865167872,200785,Herzing University-Akron,"Herzing University, Akron"
0743325435814739968,101365,Herzing University-Birmingham,"Herzing University, Birmingham"
0743325441217003520,459851,Herzing University-Brookfield,"Herzing University, Brookfield"
0743325458229100544,240392,Herzing University-Madison,"Herzing University, Madison"
0743325462352101376,174154,Herzing University-Minneapolis,"Herzing University, Minneapolis"
0743325466881949696,499149,Herzing University-Nashville,"Herzing University, Nashville"
0743325471143362560,459842,Herzing University-Kenosha,"Herzing University, Kenosha"
0743325488105127936,140340,Herzing University-Atlanta,"Herzing University, Atlanta"
0743325501669507072,433536,Herzing University-New Orleans,"Herzing University, New Orleans"
0743325509835816960,155177,Hesston College,Hesston College
0743325513115762688,496973,Herzing University-Tampa,"Herzing University, Tampa"
0743325517670776832,386472,Herzing University-Orlando,"Herzing University, Winter Park"
0743325519734374400,198695,High Point University,High Point University
0743325535387516928,235431,Highline College,"Highline College, Des Moines"
0743325542320701440,134495,Hillsborough Community College,"Hillsborough Community College, Tampa"
0743325548532465664,191621,Hilbert College,Hilbert College
0743325575904493568,203128,Hiram College,Hiram College
0743325579423514624,170286,Hillsdale College,Hillsdale College
0743325582820900864,246789,HJ International Graduate School for Peace and Public Leadership,HJ International Graduate School for Peace and Public Leadership
0743325588562903040,191630,Hobart William Smith Colleges,Hobart and William Smith Colleges
0743325602018230272,134510,Hobe Sound Bible College,Hobe Sound Bible College
0743325611392499712,367884,Hodges University,Hodges University
0743325612814368768,191649,Hofstra University,Hofstra University
0743325620448002048,232308,Hollins University,Hollins University
0743325635992092672,129534,Holy Apostles College and Seminary,"Holy Apostles College, Cromwell"
0743325641889284096,150774,Holy Cross College,Holy Cross College
0743325649510334464,212984,Holy Family University,Holy Family University
0743325655420108800,162760,Hood College,Hood College
0743325659350171648,457086,Homestead Schools,"Homestead Schools, Torrance"
0743325666006532096,443076,Hood Theological Seminary,Hood Theological Seminary
0743325674223173632,120537,Hope International University,Hope International University
0743325682691473408,457226,Horizon University,Horizon University
0743325690673233920,191676,Houghton University,Houghton University
0743325703302283264,225399,Houston Christian University,Houston Christian University
0743325716782776320,170301,Hope College,Hope College
0743325721312624640,225548,Howard Payne University,Howard Payne University
0743325725175578624,131520,Howard University,Howard University
0743325728669433856,225423,Houston Community College,Houston Community College
0743325745996103680,115773,Humphreys University-Stockton and Modesto Campuses,"Humphreys University, Stockton and Modesto Campuses"
0743325750282682368,242112,Huertas College,"Huertas College, Caguas"
0743325754321797120,164368,Hult International Business School,Hult International Business School
0743325767479328768,101435,Huntingdon College,Huntingdon College
0743325779827359744,449348,Huntsville Bible College,Huntsville Bible College
0743325788408905728,150941,Huntington University,Huntington University
0743325792305414144,485403,High Tech High Graduate School of Education,High Tech High Graduate School of Education
0743325800534638592,487524,Husson University,Husson University
0743325809153933312,225575,Huston-Tillotson University,Huston-Tillotson University
0743325813767667712,493947,Idaho College of Osteopathic Medicine,Idaho College of Osteopathic Medicine
0743325839092875264,242121,Humacao Community College,Humacao Community College
0743325842947440640,193405,Icahn School of Medicine at Mount Sinai,Icahn School of Medicine at Mount Sinai
0743325849083707392,127273,Iliff School of Theology,Iliff School of Theology
0743325855962365952,142276,Idaho State University,Idaho State University
0743325860043423744,434584,Ilisagvik College,"Ilisagvik College, Barrow"
0743325863835074560,145691,Illinois College,Illinois College
0743325884915646464,145628,Illinois College of Optometry,Illinois College of Optometry
0743325893706907648,145725,Illinois Institute of Technology,Illinois Institute of Technology
0743325897804742656,145813,Illinois State University,Illinois State University
0743325902892433408,145646,Illinois Wesleyan University,Illinois Wesleyan University
0743325920743391232,213011,Immaculata University,Immaculata University
0743325923268362240,134608,Indian River State College,Indian River State College
0743325927794016256,495280,Indian Bible College,Indian Bible College
0743325931925405696,492962,Indiana Institute of Technology-College of Professional Studies,"Indiana Institute of Technology, College of Professional Studies"
0743325948983640064,151290,Indiana Institute of Technology,Indiana Institute of Technology
0743325953018560512,151324,Indiana State University,Indiana State University
0743325957141561344,213020,Indiana University of Pennsylvania-Main Campus,"Indiana University of Pennsylvania, Indiana"
0743326093745848320,151351,Indiana University-Bloomington,"Indiana University, Bloomington"
0743326100079247360,151333,Indiana University-Kokomo,Indiana University Kokomo
0743326119960248320,151360,Indiana University-Northwest,Indiana University Northwest
0743326125773553664,151801,Indiana Wesleyan University-Marion,Indiana Wesleyan University
0743326134241853440,488679,Indiana Wesleyan University-National & Global,"Indiana Wesleyan University, Marion"
0743326142802427904,145886,Institute for Clinical Social Work,Institute for Clinical Social Work
0743326150654164992,462044,Institute for Doctoral Studies in the Visual Arts,Institute for Doctoral Studies in the Visual Arts
0743326180572135424,187745,Institute of American Indian and Alaska Native Culture and Arts Development,"Institute of American Indian Arts, Santa Fe"
0743326191917727744,489335,Institute of Buddhist Studies,Institute of Buddhist Studies
0743326201002590208,444699,Institute of Clinical Acupuncture & Oriental Med,"Institute of Clinical Acupuncture and Oriental Medicine, Honolulu"
0743326211102474240,493363,Institute of Lutheran Theology,Institute of Lutheran Theology
0743326214910902272,151111,Indiana University-Indianapolis,"Indiana University, Purdue University Indianapolis"
0743326223064629248,455804,Institute of World Politics,Institute of World Politics
0743326233223233536,483373,Integrity College of Health,"Integrity College of Health, Pasadena"
0743326242618474496,454838,Institute of Taoist Education and Acupuncture,"Institute of Taoist Education and Acupuncture, Louisville"
0743326253058097152,242626,Inter American University of Puerto Rico-Aguadilla,"Inter American University of Puerto Rico, Aguadilla"
0743326258351308800,242644,Inter American University of Puerto Rico-Barranquitas,"Inter American University of Puerto Rico, Barranquitas"
0743326268073705472,242705,Inter American University of Puerto Rico-Bayamon,"Inter American University of Puerto Rico, Bayamón"
0743326275577315328,242671,Inter American University of Puerto Rico-Central Office,"Inter American University of Puerto Rico, Central Office"
0743326285467484160,242635,Inter American University of Puerto Rico-Arecibo,"Inter American University of Puerto Rico, Arecibo"
0743326293407301632,242699,Inter American University of Puerto Rico-Guayama,"Inter American University of Puerto Rico, Guayama"
0743326305629503488,242653,Inter American University of Puerto Rico-Metro,"Inter American University of Puerto Rico, Metro"
0743326316597608448,151388,Indiana University-East,Indiana University East
0743326334717001728,242617,Inter American University of Puerto Rico-San German,"Inter American University of Puerto Rico, San German"
0743326384843128832,151342,Indiana University-South Bend,Indiana University South Bend
0743326389519777792,151379,Indiana University-Southeast,Indiana University Southeast
0743326410751344640,242680,Inter American University of Puerto Rico-Fajardo,"Inter American University of Puerto Rico, Fajardo"
0743326418124931072,140146,Interdenominational Theological Center,Interdenominational Theological Center
0743326427868299264,116226,Interior Designers Institute,"Interior Designers Institute, Newport Beach"
0743326429948674048,404222,Inter American University of Puerto Rico-School of Optometry,"Inter American University of Puerto Rico, School of Optometry"
0743326442460282880,242662,Inter American University of Puerto Rico-Ponce,"Inter American University of Puerto Rico, Ponce"
0743326446369374208,436614,International Baptist College and Seminary,International Baptist College and Seminary
0743326463461163008,153603,Iowa State University,Iowa State University
0743326467227648000,448691,International Institute for Restorative Practices,International Institute for Restorative Practices
0743326477616939008,191931,Iona University,Iona University
0743326484801781760,242723,Inter American University of Puerto Rico-School of Law,"Inter American University of Puerto Rico, School of Law"
0743326493517545472,191968,Ithaca College,Ithaca College
0743326505454534656,170444,Jackson College,Jackson College
0743326510001160192,497453,Jackson Theological Seminary,Jackson Theological Seminary
0743326522424688640,101480,Jacksonville State University,Jacksonville State University
0743326526749016064,134945,Jacksonville University,Jacksonville University
0743326531291447296,175856,Jackson State University,Jackson State University
0743326539503894528,203678,James A. Rhodes State College,James A. Rhodes State College
0743326557531013120,443571,InterCoast Colleges-West Covina,"InterCoast College, West Covina"
0743326573712637952,225885,Jarvis Christian University,Jarvis Christian University
0743326578640945152,192040,Jewish Theological Seminary of America,Jewish Theological Seminary of America
0743326581849587712,192004,Jamestown Business College,Jamestown Business College
0743326590078812160,107141,John Brown University,John Brown University
0743326605237026816,488776,John Patrick University of Health and Applied Sciences,John Patrick University of Health and Applied Sciences
0743326605379633152,203368,John Carroll University,John Carroll University
0743326624593739776,462354,John Paul the Great Catholic University,John Paul the Great Catholic University
0743326626053357568,445708,Johnson & Wales University-Charlotte,"Johnson & Wales University, Charlotte"
0743326627798188032,162928,Johns Hopkins University,Johns Hopkins University
0743326645011611648,441238,Irell & Manella Graduate School of Biological Sciences at City of Hope,"City of Hope, Irell & Manella Graduate School of Biological Sciences"
0743326649260441600,198756,Johnson C Smith University,Johnson C. Smith University
0743326659901390848,217235,Johnson & Wales University-Providence,"Johnson & Wales University, Providence"
0743326671733522432,460349,Johnson & Wales University-Online,"Johnson & Wales University, Providence"
0743326677349695488,220473,Johnson University,Johnson University
0743326681166512128,132879,Johnson University Florida,Johnson University Florida
0743326700045074432,461281,Jose Maria Vargas University,Jose Maria Vargas University
0743326712388911104,146339,Judson University,Judson University
0743326717786980352,232423,James Madison University,James Madison University
0743326722836922368,461139,Jung Tao School of Classical Chinese Medicine,Jung Tao School of Classical Chinese Medicine
0743326729589751808,447263,Joyce University of Nursing and Health Sciences,Joyce University of Nursing and Health Sciences
0743326759016988672,213251,Juniata College,Juniata College
0743326764670910464,219240,Kairos University,Kairos University
0743326769154621440,170532,Kalamazoo College,Kalamazoo College
0743326773000798208,155308,Kansas Christian College,Kansas Christian College
0743326780596682752,177746,Kansas City Art Institute,Kansas City Art Institute
0743326805322104832,179812,Kansas City University,Kansas City University
0743326806739779584,155414,Kansas Wesleyan University,Kansas Wesleyan University
0743326811705835520,490601,Kansas City University,"Kansas City University, Joplin"
0743326824326496256,155399,Kansas State University,Kansas State University
0743326827644190720,497693,Kansas Health Science Center,Kansas Health Science Center
0743326836565475328,185262,Kean University,Kean University
0743326845532897280,440031,Keck Graduate Institute,Keck Graduate Institute
0743326852101177344,183062,Keene State College,Keene State College
0743326864067526656,135081,Keiser University-Ft Lauderdale,"Keiser University, Fort Lauderdale"
0743326870858104832,203447,Kent State University at Ashtabula,Kent State University at Ashtabula
0743326875673165824,486840,Kennesaw State University,Kennesaw State University
0743326888734228480,177816,Kenrick Glennon Seminary,Kenrick Glennon Seminary
0743326891657658368,203526,Kent State University at Geauga,Kent State University at Geauga
0743326892462964736,203456,Kent State University at East Liverpool,Kent State University at East Liverpool
0743326908300656640,203492,Kent State University at Salem,Kent State University at Salem
0743326915070263296,203465,Kent State University at Stark,Kent State University at Stark
0743326918945800192,203517,Kent State University at Kent,Kent State University
0743326930006179840,203483,Kent State University at Tuscarawas,Kent State University at Tuscarawas
0743326930186534912,203474,Kent State University at Trumbull,Kent State University at Trumbull
0743326950004621312,157030,Kentucky Mountain Bible College,Kentucky Mountain Bible College
0743326954513498112,157076,Kentucky Wesleyan College,Kentucky Wesleyan College
0743326958506475520,157058,Kentucky State University,Kentucky State University
0743326971588509696,157100,Kentucky Christian University,"Kentucky Christian University, Grayson"
0743326986302128128,203535,Kenyon College,Kenyon College
0743326998478192640,169983,Kettering University,Kettering University
0743327003075149824,203544,Kettering College,Kettering College
0743327025107828736,220516,King University,King University
0743327027397918720,213303,Keystone College,"Keystone College, La Plume"
0743327043516628992,192192,Keuka College,Keuka College
0743327047174062080,213321,King's College,"King's College, Wilkes-Barre"
0743327065176014848,213349,Kutztown University of Pennsylvania,Kutztown University of Pennsylvania
0743327068749561856,146427,Knox College,Knox College
0743327077532434432,171881,Kuyper College,Kuyper College
0743327094322233344,213367,La Salle University,La Salle University
0743327097723813888,213358,La Roche University,La Roche University
0743327119009906688,165264,Laboure College of Healthcare,Laboure College of Healthcare
0743327134084235264,260372,Lac Courte Oreilles Ojibwe University,"Lac Courte Oreilles Ojibwe University, Hayward"
0743327135912951808,117627,La Sierra University,La Sierra University
0743327145052340224,192165,Kehilath Yakov Rabbinical Seminary,Kehilath Yakov Rabbinical Seminary
0743327149330530304,213376,Lackawanna College,"Lackawanna College, Scranton"
0743327169903591424,140234,LaGrange College,LaGrange College
0743327178569023488,213385,Lafayette College,Lafayette College
0743327182406811648,117168,Laguna College of Art and Design,Laguna College of Art and Design
0743327186953437184,203580,Lake Erie College,Lake Erie College
0743327204183638016,146481,Lake Forest College,Lake Forest College
0743327216129015808,170639,Lake Superior State University,Lake Superior State University
0743327224538595328,146490,Lake Forest Graduate School of Management,Lake Forest Graduate School of Management
0743327233627652096,235699,Lake Washington Institute of Technology,Lake Washington Institute of Technology
0743327250891407360,238980,Lakeland University,Lakeland University
0743327254821470208,135188,Lake-Sumter State College,"Lake-Sumter State College, Leesburg"
0743327258587955200,146533,Lakeview College of Nursing,"Lakeview College of Nursing, Danville"
0743327277252608000,461847,Keser Torah-Mayan Hatalmud,"Keser Torah, Mayan Hatalmud"
0743327280717103104,496706,Lakewood University,Lakewood University
0743327296936476672,226091,Lamar University,Lamar University
0743327300883316736,218229,Lander University,"Lander University, Greenwood"
0743327305006317568,213400,Lancaster Bible College,Lancaster Bible College
0743327314372198400,213446,Lancaster Theological Seminary,Lancaster Theological Seminary
0743327322588839936,220598,Lane College,"Lane College, Jackson"
0743327330495102976,207209,Langston University,"Langston University, Langston"
0743327342914437120,240620,Laramie County Community College,Laramie County Community College
0743327347591086080,226134,Laredo College,Laredo College
0743327364489936896,498234,Larkin University,Larkin University
0743327368570994688,247649,Landmark College,"Landmark College, Putney"
0743327372840796160,182148,Las Vegas College,Las Vegas College
0743327377207066624,407629,Lake Erie College of Osteopathic Medicine,Lake Erie College of Osteopathic Medicine
0743327394185609216,166391,Lasell University,Lasell University
0743327406957264896,117283,Latin American Bible Institute,"Latin American Bible Institute, La Puente"
0743327414595092480,454786,Laurus College,"Laurus College, San Luis Obispo"
0743327419233992704,239017,Lawrence University,Lawrence University
0743327423814172672,170675,Lawrence Technological University,Lawrence Technological University
0743327428541153280,192323,Le Moyne College,Le Moyne College
0743327453102997504,483221,Learnet Academy Inc,"Learnet Academy, Los Angeles"
0743327457041448960,213507,Lebanon Valley College,Lebanon Valley College
0743327461382553600,220613,Lee University,Lee University
0743327466520576000,220604,Le Moyne-Owen College,Le Moyne-Owen College
0743327470387724288,198808,Lees-McRae College,Lees-McRae College
0743327488649723904,213543,Lehigh University,Lehigh University
0743327496656650240,198835,Lenoir-Rhyne University,Lenoir-Rhyne University
0743327499995316224,226231,LeTourneau University,LeTourneau University
0743327512049745920,166452,Lesley University,Lesley University
0743327523584081920,146612,Lewis University,Lewis University
0743327533184843776,157207,Lexington Theological Seminary,Lexington Theological Seminary
0743327539916701696,209056,Lewis & Clark College,"Lewis & Clark College, Portland"
0743327543188258816,232557,Liberty University,Liberty University
0743327545851641856,142328,Lewis-Clark State College,Lewis-Clark State College
0743327558661046272,192271,LIM College,LIM College
0743327572435140608,140252,Life University,Life University
0743327575727669248,117104,Life Pacific University,Life Pacific University
0743327581046046720,218238,Limestone University,Limestone University
0743327596497862656,220631,Lincoln Memorial University,Lincoln Memorial University
0743327600650223616,117557,Lincoln University,"Lincoln University, Oakland"
0743327604810973184,213598,Lincoln University,Lincoln University
0743327617561657344,177968,Lindenwood University,Lindenwood University
0743327622045368320,177940,Lincoln University,"Lincoln University, Jefferson City"
0743327634590531584,157216,Lindsey Wilson College,Lindsey Wilson University
0743327647286689792,485519,Lionel University,Lionel University
0743327651615211520,219976,Lipscomb University,Lipscomb University
0743327663728361472,209065,Linfield University,Linfield University
0743327668425981952,198862,Livingstone College,Livingstone College
0743327672406376448,177986,Logan University,Logan University
0743327699946176512,227182,Lone Star College System,Lone Star College System
0743327702634725376,117636,Loma Linda University,Loma Linda University
0743327709093953536,117520,Life Chiropractic College West,Life Chiropractic College West
0743327710780063744,146667,Lincoln Christian University,Lincoln Christian University
0743327728706519040,192448,Long Island University,Long Island University
0743327732183597056,166489,Longy School of Music of Bard College,"Longy School of Music, Cambridge"
0743327740450570240,203748,Lorain County Community College,Lorain County Community College
0743327744443547648,232566,Longwood University,Longwood University
0743327765603811328,153825,Loras College,Loras College
0743327771316453376,490124,Los Angeles Academy of Figurative Art,"Los Angeles Academy of Figurative Art, Van Nuys"
0743327775267487744,446385,Los Angeles College of Music,"Los Angeles College of Music, Pasadena"
0743327781634441216,117681,Los Angeles Community College District Office,Los Angeles Community College District
0743327787800068096,436429,Los Angeles Film School,"Los Angeles Film School, Hollywood"
0743327796213841920,474863,Los Angeles Pacific University,Los Angeles Pacific University
0743327812160585728,159391,Louisiana State University and Agricultural & Mechanical College,Louisiana State University and Agricultural & Mechanical College
0743327817797730304,494621,Lotus Professional College,"Lotus Professional College, Richmond"
0743327820524027904,159373,Louisiana State University Health Sciences Center-New Orleans,"Louisiana State University Health Sciences Center, New Orleans"
0743327833916440576,159568,Louisiana Christian University,Louisiana Christian University
0743327842162442240,159382,Louisiana State University-Alexandria,Louisiana State University at Alexandria
0743327850370695168,159416,Louisiana State University-Shreveport,"Louisiana State University, Shreveport"
0743327854321729536,159647,Louisiana Tech University,Louisiana Tech University
0743327867676393472,157298,Louisville Presbyterian Theological Seminary,Louisville Presbyterian Theological Seminary
0743327875247112192,117946,Loyola Marymount University,Loyola Marymount University
0743327879697268736,235750,Lower Columbia College,Lower Columbia College
0743327892313735168,203757,Lourdes University,Lourdes University
0743327901390209024,163046,Loyola University Maryland,Loyola University Maryland
0743327909590073344,159656,Loyola University New Orleans,Loyola University New Orleans
0743327921858412544,146719,Loyola University Chicago,Loyola University Chicago
0743327925813641216,226383,Lubbock Christian University,Lubbock Christian University
0743327934449713152,435000,Louisiana State University Health Sciences Center-Shreveport,"Louisiana State University Health Sciences Center, Shreveport"
0743327938379776000,153834,Luther College,Luther College
0743327947221368832,135364,Luther Rice College & Seminary,Luther Rice College & Seminary
0743327964527067136,213668,Lycoming College,Lycoming College
0743327972567547904,146728,Lutheran School of Theology at Chicago,Lutheran School of Theology at Chicago
0743327973976834048,173896,Luther Seminary,Luther Seminary
0743327978376658944,106342,Lyon College,Lyon College
0743328006847594496,192624,Machzikei Hadath Rabbinical College,"Machzikei Hadath Rabbinical College, Brooklyn"
0743328015638855680,132657,Lynn University,Lynn University
0743328018532925440,170806,Madonna University,Madonna University
0743328023444455424,173902,Macalester College,Macalester College
0743328023863885824,238263,Madison Area Technical College,Madison Area Technical College
0743328034286731264,161509,Maine College of Art & Design,Maine College of Art & Design
0743328040079065088,161022,Maine College of Health Professions,Maine College of Health Professions
0743328047100329984,153861,Maharishi International University,Maharishi International University
0743328065555267584,161299,Maine Maritime Academy,Maine Maritime Academy
0743328070286442496,151777,Manchester University,"Manchester University, North Manchester"
0743328072173879296,203775,Malone University,Malone University
0743328082546393088,192703,Manhattan College,Manhattan College
0743328095351603200,192712,Manhattan School of Music,Manhattan School of Music
0743328098866429952,490753,Maine Media College,Maine Media College
0743328105065611264,192749,Manhattanville College,Manhattanville College
0743328120584536064,155496,Manhattan Christian College,Manhattan Christian College
0743328130244018176,213774,Manor College,Manor College
0743328133368774656,461528,Manna University,Manna University
0743328145637113856,239071,Maranatha Baptist University,Maranatha Baptist University
0743328150385065984,151786,Marian University,Marian University
0743328154315128832,192785,Maria College of Albany,Maria College of Albany
0743328170958127104,239080,Marian University,Marian University
0743328179535478784,497833,Marian University-Ancilla,"Marian University, Ancilla"
0743328187836006400,203845,Marietta College,Marietta College
0743328192449740800,182917,Magdalen College,"Magdalen College, Warner"
0743328206043480064,203881,Marion Technical College,Marion Technical College
0743328221780508672,192819,Marist College,Marist College
0743328225702182912,198899,Mars Hill University,Mars Hill University
0743328230534021120,123943,Marshall B Ketchum University,Marshall B. Ketchum University
0743328234170482688,239105,Marquette University,Marquette University
0743328243041435648,237525,Marshall University,Marshall University
0743328248066211840,151810,Martin University,Martin University
0743328276868497408,163295,Maryland Institute College of Art,Maryland Institute College of Art
0743328277711552512,232672,Mary Baldwin University,Mary Baldwin University
0743328281306071040,173452,Martin Luther College,Martin Luther College
0743328285416488960,487977,Martinsburg College,Martinsburg College
0743328302587969536,164085,Maryland University of Integrative Health,Maryland University of Integrative Health
0743328306828410880,192864,Marymount Manhattan College,Marymount Manhattan College
0743328310628450304,220710,Maryville College,Maryville College
0743328314805977088,178059,Maryville University of Saint Louis,Maryville University of Saint Louis
0743328340168933376,232706,Marymount University,Marymount University
0743328346707853312,166674,Massachusetts College of Art and Design,Massachusetts College of Art and Design
0743328348582707200,167288,Massachusetts College of Liberal Arts,Massachusetts College of Liberal Arts
0743328353414545408,213826,Marywood University,Marywood University
0743328357365579776,166683,Massachusetts Institute of Technology,Massachusetts Institute of Technology
0743328374759358464,166692,Massachusetts Maritime Academy,Massachusetts Maritime Academy
0743328382510432256,369002,Massachusetts School of Law,Massachusetts School of Law
0743328386520186880,173957,Mayo Clinic College of Medicine and Science,Mayo Clinic College of Medicine and Science
0743328395676352512,146977,McCormick Theological Seminary,McCormick Theological Seminary
0743328404304035840,164270,McDaniel College,McDaniel College
0743328412478734336,200226,Mayville State University,Mayville State University
0743328424466055168,159717,McNeese State University,McNeese State University
0743328432682696704,155511,McPherson College,McPherson College
0743328437820719104,147013,McKendree University,McKendree University
0743328445848616960,166656,MCPHS University,MCPHS University
0743328457773023232,147031,Meadville Theological School of Lombard College,Meadville Theological School of Lombard College
0743328479847645184,226587,McMurry University,McMurry University
0743328483505078272,218335,Medical University of South Carolina,Medical University of South Carolina
0743328487867154432,220792,Meharry Medical College,Meharry Medical College
0743328492745129984,239169,Medical College of Wisconsin,Medical College of Wisconsin
0743328517655101440,118693,Menlo College,Menlo College
0743328521539026944,220871,Memphis Theological Seminary,Memphis Theological Seminary
0743328530862964736,140447,Mercer University,Mercer University
0743328539167686656,153977,Mercy College of Health Sciences,"Mercy College of Health Sciences, Des Moines"
0743328546860040192,203960,Mercy College of Ohio,"Mercy College of Ohio, Toledo"
0743328559799468032,213987,Mercyhurst University,Mercyhurst University
0743328564773912576,198950,Meredith College,Meredith College
0743328584835268608,166850,Merrimack College,Merrimack College
0743328593764941824,491808,Meridian University,Meridian University
0743328614136676352,193016,Mercy University,Mercy University
0743328627453591552,193052,Mesivta Torah Vodaath Rabbinical Seminary,"Mesivta Torah Vodaath Rabbinical Seminary, Brooklyn"
0743328631710810112,193070,Mesivtha Tifereth Jerusalem of America,Mesivtha Tifereth Jerusalem of America
0743328652497780736,417752,Messenger College,Messenger College
0743328656436232192,193061,Mesivta of Eastern Parkway-Yeshiva Zichron Meilech,"Mesivta of Eastern Parkway, Brooklyn, NY"
0743328673687404544,213996,Messiah University,Messiah University
0743328690284265472,198969,Methodist University,Methodist University
0743328699922776064,190114,Metropolitan College of New York,Metropolitan College of New York
0743328703106252800,147129,Methodist College,Methodist College
0743328715546558464,203997,Methodist Theological School in Ohio,Methodist Theological School in Ohio
0743328724249739264,174020,Metropolitan State University,Metropolitan State University
0743328741240864768,135717,Miami Dade College,Miami Dade College
0743328749415563264,451103,Miami Regional University,Miami Regional University
0743328753970577408,127565,Metropolitan State University of Denver,Metropolitan State University of Denver
0743328766964531200,490328,Mechon L'hoyroa,Mechon L'Hoyroa
0743328769665662976,166869,MGH Institute of Health Professions,MGH Institute of Health Professions
0743328773415370752,204015,Miami University-Middletown,"Miami University, Middletown"
0743328795435466752,169220,Michigan School of Psychology,Michigan School of Psychology
0743328800116310016,204024,Miami University-Oxford,"Miami University, Oxford"
0743328804373528576,171100,Michigan State University,Michigan State University
0743328808622358528,204006,Miami University-Hamilton,"Miami University, Hamilton"
0743328825340854272,171128,Michigan Technological University,Michigan Technological University
0743328833934983168,245953,Mid-America Christian University,Mid-America Christian University
0743328837932154880,155520,MidAmerica Nazarene University,MidAmerica Nazarene University
0743328841967075328,151962,Mid-America College of Funeral Service,Mid-America College of Funeral Service
0743328855120412672,199458,Mid-Atlantic Christian University,Mid-Atlantic Christian University
0743328868055646208,482158,Middle Georgia State University,Middle Georgia State University
0743328872010874880,220978,Middle Tennessee State University,Middle Tennessee State University
0743328876507168768,230959,Middlebury College,Middlebury College
0743328880240099328,220996,Middle Tennessee School of Anesthesia Inc,Middle Tennessee School of Anesthesia
0743328905514975232,481225,Mid-South Christian College,Mid-South Christian College
0743328910342619136,119058,Middlebury Institute of International Studies at Monterey,"Middlebury Institute of International Studies, Monterey"
0743328914046189568,181330,Midland University,Midland University
0743328918655729664,226806,Midland College,Midland College
0743328922359300096,157377,Midway University,Midway University
0743328939690164224,383020,Midwest College of Oriental Medicine-Racine,"Midwest College of Oriental Medicine, Racine"
0743328944446504960,439020,Midwest College of Oriental Medicine-Skokie,"Midwest College of Oriental Medicine, Skokie"
0743328957570482176,143853,Midwestern University-Downers Grove,"Midwestern University, Downers Grove"
0743328961131446272,226833,Midwestern State University,Midwestern State University
0743328964805656576,423643,Midwestern University-Glendale,"Midwestern University, Glendale"
0743328982279127040,461883,Millennia Atlantic University,Millennia Atlantic University
0743328985596821504,101675,Miles College,Miles College
0743328998259425280,480985,Midwives College of Utah,Midwives College of Utah
0743329002793467904,443650,Miller-Motte College-Chattanooga,"Miller-Motte College, Chattanooga"
0743329006505426944,214041,Millersville University of Pennsylvania,Millersville University of Pennsylvania
0743329033894232064,198978,Miller-Motte College-Wilmington,"Miller-Motte College, Wilmington"
0743329037031571456,178208,Midwestern Baptist Theological Seminary,Midwestern Baptist Theological Seminary
0743329040701587456,175980,Millsaps College,Millsaps College
0743329046183542784,486901,Milligan University,Milligan University
0743329057847902208,147244,Millikin University,Millikin University
0743329062390333440,239318,Milwaukee School of Engineering,Milwaukee School of Engineering
0743329070640529408,484844,Minerva University,Minerva University
0743329087874924544,174127,Minneapolis College of Art and Design,Minneapolis College of Art and Design
0743329091477831680,428453,Minnesota State Colleges and Universities System Office,Minnesota State Colleges and Universities System Office
0743329095965736960,239309,Milwaukee Institute of Art & Design,Milwaukee Institute of Art & Design
0743329112512266240,174358,Minnesota State University Moorhead,Minnesota State University Moorhead
0743329122419212288,118912,MiraCosta College,MiraCosta College
0743329125288116224,173920,Minnesota State University-Mankato,"Minnesota State University, Mankato"
0743329129398534144,200253,Minot State University,Minot State University
0743329146540654592,176053,Mississippi College,Mississippi College
0743329155118006272,176664,Mission University,"Mission University, Springfield"
0743329163045240832,211130,Missio Theological Seminary,Missio Theological Seminary
0743329189083480064,176035,Mississippi University for Women,Mississippi University for Women
0743329193680437248,176080,Mississippi State University,Mississippi State University
0743329210138886144,176044,Mississippi Valley State University,Mississippi Valley State University
0743329214622597120,178244,Missouri Baptist University,Missouri Baptist University
0743329222621134848,178341,Missouri Southern State University,Missouri Southern State University
0743329239637426176,179566,Missouri State University-Springfield,"Missouri State University, Springfield"
0743329244213411840,178369,Missouri Valley College,Missouri Valley College
0743329264400596992,214069,Misericordia University,Misericordia University
0743329277507796992,178411,Missouri University of Science and Technology,Missouri University of Science and Technology
0743329282159280128,178387,Missouri Western State University,Missouri Western State University
0743329291151867904,129774,Mitchell College,Mitchell College
0743329298328322048,175281,Mitchell Hamline School of Law,Mitchell Hamline School of Law
0743329315164258304,118976,Modesto Junior College,Modesto Junior College
0743329320117731328,193292,Molloy College,Molloy University
0743329328149823488,147341,Monmouth College,Monmouth College
0743329345170309120,185572,Monmouth University,Monmouth University
0743329348894851072,262165,Montana Bible College,Montana Bible College
0743329353382756352,180461,Montana State University,Montana State University
0743329374320721920,180179,Montana State University Billings,Montana State University Billings
0743329378628272128,180416,Montana Technological University,Montana Technological University
0743329395862667264,180522,Montana State University-Northern,"Montana State University, Northern"
0743329403781513216,185590,Montclair State University,Montclair State University
0743329405262102528,193247,Mirrer Yeshiva Cent Institute,"Mirrer Yeshiva Central Institute, Brooklyn"
0743329425101160448,127954,Montessori Education Center of the Rockies,Montessori Education Center of the Rockies
0743329429299658752,199032,Montreat College,Montreat College
0743329433288441856,166911,Montserrat College of Art,Montserrat College of Art
0743329442578825216,147369,Moody Bible Institute,Moody Bible Institute
0743329454775861248,214148,Moore College of Art and Design,Moore College of Art and Design
0743329458949193728,157386,Morehead State University,Morehead State University
0743329471376916480,214157,Moravian University,Moravian University
0743329480763768832,140553,Morehouse College,Morehouse College
0743329492885307392,140562,Morehouse School of Medicine,Morehouse School of Medicine
0743329499914960896,193308,Monroe College,Monroe University
0743329506059616256,163453,Morgan State University,Morgan State University
0743329512132968448,154004,Morningside University,Morningside University
0743329531762311168,140571,Morris Brown College,Morris Brown College
0743329538280259584,127617,Morgan Community College,Morgan Community College
0743329542562643968,218399,Morris College,Morris College
0743329545028894720,209241,Mount Angel Seminary,"Mount Angel Seminary, Saint Benedict"
0743329559755096064,214166,Mount Aloysius College,Mount Aloysius College
0743329564255584256,166939,Mount Holyoke College,Mount Holyoke College
0743329573218811904,219198,Mount Marty University,Mount Marty University
0743329590436429824,154013,Mount Mercy University,Mount Mercy University
0743329593519243264,204176,Mount Carmel College of Nursing,"Mount Carmel College of Nursing, Columbus"
0743329597612883968,239390,Mount Mary University,Mount Mary University
0743329601945600000,119173,Mount Saint Mary's University,"Mount Saint Mary's University, Los Angeles"
0743329606194429952,193353,Mount Saint Mary College,Mount Saint Mary College
0743329623105863680,204200,Mount St. Joseph University,Mount St. Joseph University
0743329627895758848,163462,Mount St. Mary's University,"Mount St. Mary's University, Emmitsburg"
0743329631590940672,204194,Mount Vernon Nazarene University,Mount Vernon Nazarene University
0743329648749838336,209287,Multnomah University,Multnomah University
0743329652877033472,157401,Murray State University,Murray State University
0743329666063925248,214175,Muhlenberg College,Muhlenberg College
0743329674247012352,119270,Musicians Institute,"Musicians Institute, Hollywood"
0743329679192096768,209250,Mt Hood Community College,Mt Hood Community College
0743329688880939008,204264,Muskingum University,Muskingum University
0743329696413908992,239424,Nashotah House,Nashotah House
0743329701082169344,127653,Naropa University,Naropa University
0743329716609482752,219204,National American University-Rapid City,"National American University, Rapid City"
0743329720346607616,461023,National Paralegal College,National Paralegal College
0743329733202149376,147536,National Louis University,"National Louis University, Chicago"
0743329741565591552,119605,National University,National University
0743329745793449984,209296,National University of Natural Medicine,National University of Natural Medicine
0743329761010384896,488721,NationsUniversity,"NationsUniversity, New Orleans"
0743329768333639680,187596,Navajo Technical University,"Navajo Technical University, Crownpoint"
0743329771089297408,147590,National University of Health Sciences,National University of Health Sciences
0743329779624706048,119678,Naval Postgraduate School,Naval Postgraduate School
0743329788239806464,227146,Navarro College,Navarro College
0743329800550088704,127714,Nazarene Bible College,Nazarene Bible College
0743329805117685760,178518,Nazarene Theological Seminary,Nazarene Theological Seminary
0743329817713180672,181419,Nebraska Indian Community College,"Nebraska Indian Community College, Macy"
0743329827209084928,193584,Nazareth University,Nazareth University
0743329830329647104,181297,Nebraska Methodist College of Nursing & Allied Health,Nebraska Methodist College of Nursing and Allied Health
0743329838810529792,181446,Nebraska Wesleyan University,Nebraska Wesleyan University
0743329851376664576,163532,Ner Israel Rabbinical College,Ner Israel Rabbinical College
0743329859857547264,214272,Neumann University,Neumann University
0743329868409733120,441900,Nevada State University,Nevada State University
0743329881193971712,445692,Neumont College of Computer Science,Neumont College of Computer Science
0743329884918513664,182519,Nevada System of Higher Education-System Office,Nevada System of Higher Education
0743329888567558144,185758,New Brunswick Theological Seminary,New Brunswick Theological Seminary
0743329893193875456,262129,New College of Florida,New College of Florida
0743329906053611520,182980,New England College,New England College
0743329910281469952,167093,New England College of Optometry,New England College of Optometry
0743329927297761280,167215,New England Law-Boston,"New England Law, Boston"
0743329931252989952,217305,New England Institute of Technology,New England Institute of Technology
0743329935619260416,208725,New Hope Christian College-Eugene,"New Hope Christian College, Eugene"
0743329952740409344,187897,New Mexico Highlands University,"New Mexico Highlands University, Las Vegas"
0743329957148622848,185129,New Jersey City University,New Jersey City University
0743329964673204224,185828,New Jersey Institute of Technology,New Jersey Institute of Technology
0743329973074395136,187967,New Mexico Institute of Mining and Technology,New Mexico Institute of Mining and Technology
0743329987217588224,188030,New Mexico State University-Main Campus,"New Mexico State University, Las Cruces"
0743329994620534784,189282,Mount Sinai Phillips School of Nursing,Mount Sinai Phillips School of Nursing
0743330003617316864,159948,New Orleans Baptist Theological Seminary,New Orleans Baptist Theological Seminary
0743330006964371456,440396,New Saint Andrews College,New Saint Andrews College
0743330024425259008,366368,New York Academy of Art,New York Academy of Art
0743330032549625856,194073,New York College of Podiatric Medicine,New York College of Podiatric Medicine
0743330037704425472,418126,New York College of Health Professions,New York College of Health Professions
0743330040904679424,461148,New York Film Academy,"New York Film Academy, Burbank"
0743330054401949696,194091,New York Institute of Technology,New York Institute of Technology
0743330066326355968,194116,New York School of Interior Design,New York School of Interior Design
0743330074924679168,439783,New York College of Traditional Chinese Medicine,New York College of Traditional Chinese Medicine
0743330079316115456,193821,New York Law School,New York Law School
0743330082956771328,193830,New York Medical College,New York Medical College
0743330087457259520,193894,New York Theological Seminary,New York Theological Seminary
0743330103987011584,155335,Newman University,Newman University
0743330112404979712,218414,Newberry College,Newberry College
0743330116943216640,496803,NewU University,"NewU University, Washington, D.C."
0743330125432487936,193900,New York University,New York University
0743330146433368064,167260,Nichols College,Nichols College
0743330150355042304,119775,Newschool of Architecture and Design,Newschool of Architecture and Design
0743330154591289344,193973,Niagara University,Niagara University
0743330158584266752,159966,Nicholls State University,Nicholls State University
0743330163575488512,444787,Nightingale College,Nightingale College
0743330184320516096,199102,North Carolina A & T State University,North Carolina A and T State University
0743330188204441600,461795,North American University,"North American University, Stafford"
0743330192893673472,199193,North Carolina State University at Raleigh,"North Carolina State University, Raleigh"
0743330200858656768,232937,Norfolk State University,Norfolk State University
0743330215068958720,147660,North Central College,North Central College
0743330218235658240,204422,North Central State College,North Central State College
0743330234933182464,199209,North Carolina Wesleyan University,North Carolina Wesleyan University
0743330239475613696,174437,North Central University,North Central University
0743330242763948032,200332,North Dakota State University-Main Campus,"North Dakota State University, Fargo"
0743330249663578112,136145,North Florida College,North Florida College
0743330264251367424,218441,North Greenville University,North Greenville University
0743330268437282816,147679,North Park University,North Park University
0743330281007611904,120023,North Orange County Community College District,North Orange County Community College District
0743330289622712320,444130,Northcentral University,"Northcentral University, San Diego"
0743330293594718208,193751,Northeast College of Health Sciences,Northeast College of Health Sciences
0743330310724255744,236072,North Seattle College,North Seattle College
0743330314520100864,147776,Northeastern Illinois University,Northeastern Illinois University
0743330319653928960,204477,Northeast Ohio Medical University,Northeast Ohio Medical University
0743330324674510848,439817,Northeastern Seminary,Northeastern Seminary
0743330344844918784,199157,North Carolina Central University,North Carolina Central University
0743330350872133632,207263,Northeastern State University,Northeastern State University
0743330356932902912,482705,Northeastern University Professional Programs,"Northeastern University, Boston"
0743330365451534336,118888,Northeastern University Oakland,"Northeastern University, Oakland"
0743330370161737728,167358,Northeastern University,Northeastern University
0743330384732749824,105330,Northern Arizona University,Northern Arizona University
0743330394878771200,147697,Northern Baptist Theological Seminary,Northern Baptist Theological Seminary
0743330399601557504,240790,Northern Marianas College,Northern Marianas College
0743330409395257344,147703,Northern Illinois University,Northern Illinois University
0743330414805909504,157447,Northern Kentucky University,Northern Kentucky University
0743330428361900032,171456,Northern Michigan University,Northern Michigan University
0743330432916914176,188058,Northern New Mexico College,Northern New Mexico College
0743330436725342208,230913,Northern Vermont University,"Northern Vermont University, Johnson"
0743330445415940096,219259,Northern State University,Northern State University
0743330458867073024,239512,Northland College,"Northland College, Ashland"
0743330462167990272,240657,Northwest College,"Northwest College, Powell"
0743330471030554624,217606,Northpoint Bible College,Northpoint Bible College
0743330483294699520,443030,NorthShore University HealthSystem School of Nurse Anesthesia,NorthShore University HealthSystem School of Nurse Anesthesia
0743330496611614720,494746,North-West College-San Diego,"North-West College, San Diego"
0743330501284069376,377546,Northwest College of Art & Design,Northwest College of Art & Design
0743330509320355840,380377,Northwest Indian College,"Northwest Indian College, Bellingham"
0743330512361226240,136233,Northwest Florida State College,Northwest Florida State College
0743330535039827968,142461,Northwest Nazarene University,Northwest Nazarene University
0743330544195993600,178624,Northwest Missouri State University,Northwest Missouri State University
0743330546616107008,236133,Northwest University,Northwest University
0743330558355963904,487603,Northwest University-Center for Online and Extended Education,"Northwest University, Kirkland"
0743330560474087424,260992,Northwestern College,"Northwestern College, Oak Lawn"
0743330570846601216,154101,Northwestern College,"Northwestern College, Orange City"
0743330576487940096,171483,Northwestern Michigan College,Northwestern Michigan College
0743330580308951040,174507,Northwestern Health Sciences University,Northwestern Health Sciences University
0743330584511643648,160038,Northwestern State University of Louisiana,Northwestern State University of Louisiana
0743330605952925696,171492,Northwood University,Northwood University
0743330614484140032,207306,Northwestern Oklahoma State University,Northwestern Oklahoma State University
0743330618774913024,147767,Northwestern University,Northwestern University
0743330623325732864,230995,Norwich University,Norwich University
0743330627222241280,368452,Nossi College of Art and Design,Nossi College of Art and Design
0743330649397526528,120184,Notre Dame de Namur University,Notre Dame de Namur University
0743330652828467200,136215,Nova Southeastern University,Nova Southeastern University
0743330657911963648,163578,Notre Dame of Maryland University,Notre Dame of Maryland University
0743330661611339776,242972,NUC University,"NUC University, Bayamón"
0743330677423865856,200086,Nueta Hidatsa Sahnish College,"Nueta Hidatsa Sahnish College, New Town"
0743330693941035008,174525,Oak Hills Christian College,Oak Hills Christian College
0743330694490488832,171571,Oakland University,Oakland University
0743330698839982080,495059,Oak Valley College,"Oak Valley College, Rialto"
0743330702916845568,152099,Oakland City University,Oakland City University
0743330715722055680,204501,Oberlin College,Oberlin College
0743330720075743232,227289,Oblate School of Theology,Oblate School of Theology
0743330743006003200,120254,Occidental College,Occidental College
0743330746768293888,219277,Oglala Lakota College,Oglala Lakota College
0743330750861934592,101912,Oakwood University,Oakwood University
0743330755744104448,227304,Odessa College,Odessa College
0743330770612912128,140696,Oglethorpe University,Oglethorpe University
0743330774672998400,204468,Notre Dame College,Notre Dame College
0743330783141298176,201964,Ohio Christian University,Ohio Christian University
0743330799893348352,204796,Ohio State University-Main Campus,"Ohio State University, Columbus"
0743330803894714368,204635,Ohio Northern University,Ohio Northern University
0743330812337848320,204617,Ohio Dominican University,Ohio Dominican University
0743330822743916544,204671,Ohio State University-Lima Campus,"Ohio State University, Lima Campus"
0743330829228310528,204680,Ohio State University-Mansfield Campus,"Ohio State University, Mansfield Campus"
0743330838610968576,204705,Ohio State University-Newark Campus,"Ohio State University, Newark Campus"
0743330841798639616,204699,Ohio State University-Marion Campus,"Ohio State University, Marion Campus"
0743330850468265984,204820,Ohio University-Chillicothe Campus,"Ohio University, Chillicothe Campus"
0743330863793569792,204857,Ohio University-Main Campus,"Ohio University, Athens"
0743330875768307712,204802,Ohio University-Eastern Campus,"Ohio University, Eastern Campus"
0743330880390430720,204848,Ohio University-Lancaster Campus,"Ohio University, Lancaster Campus"
0743330884060446720,204839,Ohio University-Southern Campus,"Ohio University, Southern Campus"
0743330888602877952,204866,Ohio University-Zanesville Campus,"Ohio University, Zanesville Campus"
0743330909008166912,204909,Ohio Wesleyan University,Ohio Wesleyan University
0743330913353465856,207458,Oklahoma City University,Oklahoma City University
0743330918952861696,207403,Oklahoma Baptist University,Oklahoma Baptist University
0743330922425745408,194189,Ohr Hameir Theological Seminary,Ohr Hameir Theological Seminary
0743330937055477760,207315,Oklahoma State University Center for Health Sciences,Oklahoma State University Center for Health Sciences
0743330952796700672,207324,Oklahoma Christian University,Oklahoma Christian University
0743330955963400192,207388,Oklahoma State University-Main Campus,"Oklahoma State University, Stillwater"
0743330964255539200,207564,Oklahoma State University Institute of Technology,Oklahoma State University Institute of Technology
0743330968902828032,207351,Oklahoma Panhandle State University,Oklahoma Panhandle State University
0743330990381858816,207397,Oklahoma State University-Oklahoma City,"Oklahoma State University, Oklahoma City"
0743330994219646976,147828,Olivet Nazarene University,Olivet Nazarene University
0743330997860302848,236188,Olympic College,"Olympic College, Bremerton"
0743331003212234752,232982,Old Dominion University,Old Dominion University
0743331006848696320,206835,Oklahoma Wesleyan University,Oklahoma Wesleyan University
0743331023512666112,369659,Oregon College of Oriental Medicine,Oregon College of Oriental Medicine
0743331038163369984,209490,Oregon Health & Science University,Oregon Health & Science University
0743331040575094784,209506,Oregon Institute of Technology,Oregon Institute of Technology
0743331048879816704,207582,Oral Roberts University,Oral Roberts University
0743331053313196032,461120,Omega Graduate School,Omega Graduate School
0743331061919907840,209542,Oregon State University,Oregon State University
0743331070832803840,440828,Oregon State University-Cascades Campus,"Oregon State University, Cascades Campus"
0743331080173518848,120403,Otis College of Art and Design,Otis College of Art and Design
0743331086653718528,155636,Ottawa University-Kansas City,"Ottawa University, Overland Park"
0743331103737118720,454582,Ottawa University-Online,"Ottawa University, Overland Park"
0743331107855925248,155627,Ottawa University-Ottawa,"Ottawa University, Ottawa"
0743331121361584128,464226,Ottawa University-Surprise,"Ottawa University, Surprise"
0743331125165817856,204936,Otterbein University,Otterbein University
0743331129045549056,428259,Ottawa University-Milwaukee,"Ottawa University, Milwaukee"
0743331134468784128,107512,Ouachita Baptist University,Ouachita Baptist University
0743331150314864640,227331,Our Lady of the Lake University,Our Lady of the Lake University
0743331159143874560,178679,Ozark Christian College,Ozark Christian College
0743331167117246464,177472,Ozarks Technical Community College,Ozarks Technical Community College
0743331172003610624,194310,Pace University,"Pace University, New York"
0743331179620466688,407610,Pacific Bible College,Pacific Bible College
0743331191955914752,422695,Pacific College,"Pacific College, Costa Mesa"
0743331201216937984,378576,Pacific College of Health and Science,Pacific College of Health and Science
0743331205272829952,414595,Pacific College of Health and Science,Pacific College of Health and Science
0743331213808238592,442842,Pacific College of Health and Science,"Pacific College of Health and Science, Chicago"
0743331221299265536,236230,Pacific Lutheran University,Pacific Lutheran University
0743331229771759616,439862,Pacific Islands University,"Pacific Islands University, Mangilao"
0743331238714015744,455406,Pacific Northwest University of Health Sciences,Pacific Northwest University of Health Sciences
0743331246783856640,120768,Pacific Oaks College,Pacific Oaks College
0743331256304926720,457484,Pacific Rim Christian University,Pacific Rim Christian University
0743331261715578880,120795,Pacific School of Religion,Pacific School of Religion
0743331276441780224,120865,Pacific Union College,Pacific Union College
0743331282498355200,209612,Pacific University,Pacific University
0743331284733919232,120838,Pacific States University,Pacific States University
0743331294145937408,115746,Pacifica Graduate Institute,Pacifica Graduate Institute
0743331306728849408,136330,Palm Beach Atlantic University,Palm Beach Atlantic University
0743331310340145152,140720,Paine College,Paine College
0743331323640283136,136358,Palm Beach State College,Palm Beach State College
0743331331609460736,154174,Palmer College of Chiropractic,Palmer College of Chiropractic
0743331340522356736,153427,Orion Technical College,"Orion Technical College, Davenport"
0743331345861705728,120698,Palo Alto University,Palo Alto University
0743331361565179904,209603,Pacific Northwest College of Art,Pacific Northwest College of Art
0743331365021286400,178721,Park University,Park University
0743331373699301376,243823,Parker University,Parker University
0743331386517094400,136400,Pasco-Hernando State College,"Pasco-Hernando State College, New Port Richey"
0743331392280068096,495916,Pathways College,Pathways College
0743331394779873280,121628,Pardee RAND Graduate School,Pardee RAND Graduate School
0743331413360640000,498243,Pathways College-Arizona,"Pathways College, Phoenix"
0743331418750320640,451927,Patrick Henry College,Patrick Henry College
0743331423812845568,227429,Paul Quinn College,Paul Quinn College
0743331438979448832,194392,Paul Smiths College of Arts and Science,Paul Smiths College of Arts and Science
0743331441672192000,130110,Paier College,"Paier College, Bridgeport"
0743331447376445440,204990,Payne Theological Seminary,Payne Theological Seminary
0743331462849232896,236258,Peninsula College,"Peninsula College, Port Angeles"
0743331466506665984,214883,Peirce College,Peirce College
0743331474840748032,214971,Pennsylvania Academy of the Fine Arts,Pennsylvania Academy of the Fine Arts
0743331483409711104,364016,Paradise Valley Community College,"Paradise Valley Community College, Phoenix"
0743331496026177536,442356,Pennsylvania College of Health Sciences,Pennsylvania College of Health Sciences
0743331500535054336,215053,Pennsylvania College of Art and Design,Pennsylvania College of Art and Design
0743331513298321408,214582,Pennsylvania Institute of Technology,Pennsylvania Institute of Technology
0743331517320658944,366252,Pennsylvania College of Technology,Pennsylvania College of Technology
0743331530968924160,214661,Pennsylvania State System of Higher Education-Central Office,Pennsylvania State System of Higher Education
0743331542452928512,214777,Pennsylvania State University-Main Campus,"Pennsylvania State University, University Park"
0743331544042569728,214801,Pennsylvania State University-Penn State Abington,"Pennsylvania State University, Abington"
0743331556961026048,214689,Pennsylvania State University-Penn State Altoona,"Pennsylvania State University, Altoona"
0743331559666352128,214698,Pennsylvania State University-Penn State Beaver,"Pennsylvania State University, Penn State Beaver"
0743331577672499200,214704,Pennsylvania State University-Penn State Berks,"Pennsylvania State University, Penn State Berks"
0743331586639921152,214731,Pennsylvania State University-Penn State Brandywine,"Pennsylvania State University, Brandywine"
0743331590691618816,439871,PCI College,PCI College
0743331593493413888,214591,Pennsylvania State University-Penn State Erie-Behrend College,"Pennsylvania State University, Behrend"
0743331605581398016,214740,Pennsylvania State University-Penn State DuBois,"Pennsylvania State University, DuBois"
0743331618311110656,214607,Pennsylvania State University-Penn State Great Valley,"Pennsylvania State University, Penn State Great Valley"
0743331632013901824,214713,Pennsylvania State University-Penn State Harrisburg,"Pennsylvania State University, Penn State Harrisburg"
0743331634924748800,214759,Pennsylvania State University-Penn State Fayette- Eberly,"Pennsylvania State University, Fayette"
0743331639546871808,214786,Pennsylvania State University-Penn State Greater Allegheny,"Pennsylvania State University, Greater Allegheny"
0743331653476155392,214768,Pennsylvania State University-Penn State Hazleton,"Pennsylvania State University, Hazleton"
0743331664729473024,214795,Pennsylvania State University-Penn State Mont Alto,"Pennsylvania State University, Mont Alto"
0743331669074771968,214670,Pennsylvania State University-Penn State Lehigh Valley,"Pennsylvania State University, Lehigh Valley"
0743331674103742464,214625,Pennsylvania State University-Penn State New Kensington,"Pennsylvania State University, New Kensington"
0743331686325944320,214810,Pennsylvania State University-Penn State Schuylkill,"Pennsylvania State University, Schuylkill"
0743331694064435200,214652,Pennsylvania State University-Penn State Scranton,"Pennsylvania State University, Scranton"
0743331699202457600,214634,Pennsylvania State University-Penn State Shenango,"Pennsylvania State University, Shenango"
0743331724213092352,498571,Pennsylvania Western University,"Pennsylvania Western University, California"
0743331724343115776,214829,Pennsylvania State University-Penn State York,"Pennsylvania State University, York"
0743331735470604288,214643,Pennsylvania State University-Penn State Wilkes-Barre,"Pennsylvania State University, Wilkes-Barre"
0743331739627159552,479956,Pennsylvania State University-World Campus,"Pennsylvania State University, World Campus"
0743331743871795200,136473,Pensacola State College,Pensacola State College
0743331749848678400,219842,Pentecostal Theological Seminary,Pentecostal Theological Seminary
0743331765334048768,121150,Pepperdine University,Pepperdine University
0743331769838731264,181534,Peru State College,Peru State College
0743331776528646144,215123,Philadelphia College of Osteopathic Medicine,Philadelphia College of Osteopathic Medicine
0743331783625408512,199306,Pfeiffer University,Pfeiffer University
0743331796086685696,107600,Philander Smith University,Philander Smith University
0743331802533330944,414966,Phillips Theological Seminary,Phillips Theological Seminary
0743331815736999936,447698,Phoenix Institute of Herbal Medicine & Acupuncture,"Phoenix Institute of Herbal Medicine, Acupuncture"
0743331824133996544,235237,Pierce College District,Pierce College District
0743331829372682240,140818,Piedmont University,Piedmont University
0743331831822155776,381459,Phoenix Seminary,Phoenix Seminary
0743331841263534080,127820,Pikes Peak State College,Pikes Peak State College
0743331854391705600,155681,Pittsburg State University,Pittsburg State University
0743331858279825408,440794,Pillar College,Pillar College
0743331869638000640,215415,Pittsburgh Technical College,"Pittsburgh Technical College, Oakdale"
0743331878500564992,121257,Pitzer College,Pitzer College
0743331881063284736,215424,Pittsburgh Theological Seminary,Pittsburgh Theological Seminary
0743331888189407232,105534,Pima Medical Institute-Tucson,"Pima Medical Institute, Tucson"
0743331906401075200,432384,Platt College-Ontario,"Platt College, Ontario"
0743331913141321728,490878,Platt College-Anaheim,"Platt College, Anaheim"
0743331917717307392,260813,Platt College-Aurora,"Platt College, Greenwood Village"
0743331927427121152,480204,Platt College-Riverside,"Platt College, Riverside"
0743331935123668992,260789,Platt College-Los Angeles,"Platt College, Los Angeles"
0743331938554609664,194499,Plaza College,Plaza College
0743331943688437760,183080,Plymouth State University,Plymouth State University
0743331966371233792,215442,Point Park University,Point Park University
0743331972276813824,136516,Polk State College,Polk State College
0743331976596946944,456481,Polytechnic University of Puerto Rico-Miami,"Polytechnic University of Puerto Rico, Miami"
0743331980661227520,121309,Point Loma Nazarene University,Point Loma Nazarene University
0743331984972972032,138868,Point University,Point University
0743331994271744000,456490,Polytechnic University of Puerto Rico-Orlando,"Polytechnic University of Puerto Rico, Orlando"
0743332001863434240,121345,Pomona College,Pomona College
0743332014941274112,243081,Ponce Health Sciences University,Ponce Health Sciences University
0743332032368607232,492704,Ponce Health Sciences University-Centro Universitario de San Juan,"Ponce Health Sciences University, Centro Universitario de San Juan"
0743332035409477632,498289,Pontifex University,Pontifex University
0743332039264043008,494010,Ponce Health Sciences University-St Louis,"Ponce Health Sciences University, St. Louis"
0743332043642896384,494807,Ponce Health Sciences University-East,"Ponce Health Sciences University, East"
0743332061196058624,243586,Pontifical Catholic University of Puerto Rico-Mayaguez,"Pontifical Catholic University of Puerto Rico, Mayaguez"
0743332066212446208,241410,Pontifical Catholic University of Puerto Rico-Ponce,"Pontifical Catholic University of Puerto Rico, Ponce"
0743332069475614720,241395,Pontifical Catholic University of Puerto Rico-Arecibo,"Pontifical Catholic University of Puerto Rico, Arecibo"
0743332094842765312,167464,Pope St John XXIII National Seminary,Pope St. John XXIII National Seminary
0743332100240834560,205027,Pontifical College Josephinum,"Pontifical College Josephinum, Columbus"
0743332103583694848,131405,Pontifical Faculty of the Immaculate Conception at the Dominican House of Studies,"Pontifical Faculty of the Immaculate Conception, Dominican House of Studies"
0743332108960792576,455813,Pontifical John Paul II Institute for Studies on Marriage and Family,Pontifical John Paul II Institute for Studies on Marriage and Family
0743332120163778560,209807,Portland State University,Portland State University
0743332124240642048,130183,Post University,Post University
0743332140980109312,227526,Prairie View A & M University,Prairie View A. & M. University
0743332145178607616,237701,Potomac State College of West Virginia University,Potomac State College of West Virginia University
0743332153349111808,218539,Presbyterian College,Presbyterian College
0743332157866377216,194578,Pratt Institute-Main,"Pratt Institute, Brooklyn"
0743332170495426560,186122,Princeton Theological Seminary,Princeton Theological Seminary
0743332180054245376,105589,Prescott College,Prescott College
0743332183850090496,486433,Presidio Graduate School,Presidio Graduate School
0743332187008401408,186131,Princeton University,Princeton University
0743332203957583872,493673,Professional University Dr. Carlos J. Borrero Rios,Professional University Dr. Carlos J. Borrero Rios
0743332209359847424,455770,Providence Christian College,Providence Christian College
0743332214812442624,205054,Professional Skills Institute,Professional Skills Institute
0743332225445003264,217402,Providence College,Providence College
0743332237532987392,380438,Provo College,Provo College
0743332242339659776,496283,Provo College-Idaho Falls Campus,"Provo College, Idaho Falls Campus"
0743332250619215872,127884,Pueblo Community College,Pueblo Community College
0743332263038550016,241766,Puerto Rico Conservatory of Music,Puerto Rico Conservatory of Music
0743332267593564160,489779,Purdue University Global,Purdue University Global
0743332279975149568,151102,Purdue University Fort Wayne,Purdue University Fort Wayne
0743332284425306112,490805,Purdue University Northwest,Purdue University Northwest
0743332288841908224,243780,Purdue University-Main Campus,"Purdue University, West Lafayette"
0743332300711788544,167525,Quincy College,Quincy College
0743332309305917440,148131,Quincy University,Quincy University
0743332318051041280,199412,Queens University of Charlotte,Queens University of Charlotte
0743332322731884544,148016,Principia College,"Principia College, Elsah"
0743332342868738048,384421,Rabbi Jacob Joseph School,Rabbi Jacob Joseph School
0743332347356643328,194693,Rabbinical College Beth Shraga,Rabbinical College Beth Shraga
0743332351420923904,130226,Quinnipiac University,Quinnipiac University
0743332359843086336,194657,Rabbinical Academy Mesivta Rabbi Chaim Berlin,"Rabbinical Academy, Mesivta Rabbi Chaim Berlin"
0743332369150246912,194666,Rabbinical College Bobover Yeshiva Bnei Zion,Rabbinical College Bobover Yeshiva Bnei Zion
0743332377173950464,194736,Rabbinical College of Long Island,"Rabbinical College of Long Island, Long Beach"
0743332381208870912,405854,Rabbinical College of Ohr Shimon Yisroel,Rabbinical College of Ohr Shimon Yisroel
0743332398715895808,186186,Rabbinical College of America,Rabbinical College of America
0743332402021007360,205124,Rabbinical College Telshe,"Rabbinical College, Wickliffe"
0743332410669662208,490045,Presbyterian Theological Seminary in America,Presbyterian Theological Seminary in America
0743332427333632000,194718,Rabbinical Seminary Mkor Chaim,Rabbinical Seminary Mkor Chaim
0743332431938977792,186201,Ramapo College of New Jersey,Ramapo College of New Jersey
0743332436015841280,233277,Radford University,Radford University
0743332439992041472,194763,Rabbinical Seminary of America,"Rabbinical Seminary of America, Flushing"
0743332461617872896,233301,Randolph College,Randolph College
0743332465803788288,438665,Rancho Santiago Community College District Office,Rancho Santiago Community College District
0743332470098755584,207157,Randall University,Randall University
0743332473739411456,233295,Randolph-Macon College,Randolph-Macon College
0743332490898309120,480657,Rasmussen University-Kansas,"Rasmussen University, Topeka"
0743332494652211200,138309,Rasmussen University-Florida,"Rasmussen University, Ocala"
0743332507516141568,200013,Rasmussen University-North Dakota,"Rasmussen University, North Dakota"
0743332515682451456,175014,Rasmussen University-Minnesota,"Rasmussen University, Minnesota"
0743332521873244160,450571,Rasmussen University-Wisconsin,"Rasmussen University, Wisconsin"
0743332529523654656,178891,Ranken Technical College,Ranken Technical College
0743332541460643840,127909,Red Rocks Community College,"Red Rocks Community College, Lakewood"
0743332545587838976,215619,Reconstructionist Rabbinical College,Reconstructionist Rabbinical College
0743332554190356480,497480,Reach University,Reach University
0743332558393049088,497462,Redeemers University North America,"Redeemers University, Greenville"
0743332581780488192,209922,Reed College,Reed College
0743332584632614912,167598,Regis College,Regis College
0743332589271515136,490230,Reformed University,Reformed University
0743332600336089088,231651,Regent University,Regent University
0743332608292683776,127918,Regis University,Regis University
0743332617595650048,140872,Reinhardt University,Reinhardt University
0743332622159052800,492209,Reiss-Davis Graduate School,Reiss-Davis Graduate School
0743332630178562048,475033,Relay Graduate School of Education,Relay Graduate School of Education
0743332633978601472,223463,Remington College-Dallas Campus,"Remington College, Dallas"
0743332655252111360,129428,Rensselaer at Hartford,Rensselaer at Hartford
0743332663074488320,497000,Remington College-Online Dallas,"Remington College, Dallas"
0743332676244602880,451866,Remington College-Shreveport Campus,"Remington College, Shreveport Campus"
0743332680438906880,236382,Renton Technical College,Renton Technical College
0743332680476655616,194824,Rensselaer Polytechnic Institute,Rensselaer Polytechnic Institute
0743332684826148864,484871,Rabbinical College Ohr Yisroel,"Rabbinical College Ohr Yisroel, Brooklyn"
0743332710071664640,217493,Rhode Island School of Design,Rhode Island School of Design
0743332714375020544,178989,Research College of Nursing,Research College of Nursing
0743332718032453632,217420,Rhode Island College,Rhode Island College
0743332723099172864,227757,Rice University,Rice University
0743332727335419904,221351,Rhodes College,Rhodes College
0743332747656822784,186283,Rider University,Rider University
0743332751884681216,441104,Richmont Graduate University,Richmont Graduate University
0743332756615856128,136774,Ringling College of Art and Design,Ringling College of Art and Design
0743332761074401280,121886,Rio Hondo College,Rio Hondo College
0743332769156825088,183211,Rivier University,Rivier University
0743332782435991552,233426,Roanoke College,Roanoke College
0743332786340888576,215655,Robert Morris University,Robert Morris University
0743332798869274624,233408,Riverside College of Health Careers,"Riverside College of Health Careers, Newport News"
0743332807350157312,195003,Rochester Institute of Technology,Rochester Institute of Technology
0743332811632541696,194958,Roberts Wesleyan University,Roberts Wesleyan University
0743332828506226688,170967,Rochester University,Rochester University
0743332832356597760,148405,Rockford University,Rockford University
0743332836538318848,179043,Rockhurst University,Rockhurst University
0743332856117329920,180595,Rocky Mountain College,Rocky Mountain College
0743332858021543936,127945,Rocky Mountain College of Art and Design,"Rocky Mountain College of Art and Design, Lakewood"
0743332866980577280,480790,Rocky Vista University,Rocky Vista University
0743332869983698944,475495,Rocky Mountain University of Health Professions,Rocky Mountain University of Health Professions
0743332887503306752,207661,Rogers State University,"Rogers State University, Claremore"
0743332895891914752,217518,Roger Williams University,Roger Williams University
0743332900535009280,239628,Ripon College,Ripon College
0743332908424495104,409616,Roger Williams University School of Law,Roger Williams University School of Law
0743332925155573760,136950,Rollins College,Rollins College
0743332933208637440,105668,Rio Salado College,Rio Salado College
0743332938078224384,148487,Roosevelt University,Roosevelt University
0743332941752434688,152318,Rose-Hulman Institute of Technology,Rose-Hulman Institute of Technology
0743332959242682368,145558,Rosalind Franklin University of Medicine and Science,Rosalind Franklin University of Medicine and Science
0743332964527505408,445735,Roseman University of Health Sciences,Roseman University of Health Sciences
0743332970886070272,215691,Rosemont College,Rosemont College
0743332983972298752,148511,Rush University,Rush University
0743332988204351488,184782,Rowan University,Rowan University
0743332992625147904,195128,Russell Sage College,Russell Sage College
0743333004813795328,176318,Rust College,Rust College
0743333013789605888,186380,Rutgers University-New Brunswick,"Rutgers University, New Brunswick"
0743333021838475264,186371,Rutgers University-Camden,"Rutgers University, Camden"
0743333032743665664,186399,Rutgers University-Newark,"Rutgers University, Newark"
0743333035771953152,172033,Sacred Heart Major Seminary,Sacred Heart Major Seminary
0743333052519809024,130253,Sacred Heart University,Sacred Heart University
0743333058081456128,446525,SAE Institute of Technology-Nashville,"SAE Institute of Technology, Nashville"
0743333064091893760,239637,Sacred Heart Seminary and School of Theology,Sacred Heart Seminary and School of Theology
0743333070068776960,154235,Saint Ambrose University,Saint Ambrose University
0743333073747181568,172051,Saginaw Valley State University,Saginaw Valley State University
0743333093976309760,216047,Saint Charles Borromeo Seminary-Overbrook,"Saint Charles Borromeo Seminary, Overbrook"
0743333099177246720,149028,Saint Anthony College of Nursing,Saint Anthony College of Nursing
0743333106202705920,183239,Saint Anselm College,Saint Anselm College
0743333110782885888,174783,Saint Cloud State University,Saint Cloud State University
0743333123357409280,199582,Saint Augustine's University,Saint Augustine's University
0743333132639404032,186618,Saint Elizabeth University,Saint Elizabeth University
0743333145138429952,215743,Saint Francis University,Saint Francis University
0743333148338683904,137281,Saint Johns River State College,Saint Johns River State College
0743333161257140224,227845,Saint Edward's University,Saint Edward's University
0743333165745045504,148575,Saint Francis Medical Center College of Nursing,Saint Francis Medical Center College of Nursing
0743333178839662592,167677,Saint John's Seminary,"Saint John's Seminary, Brighton"
0743333184908820480,160409,Saint Joseph Seminary College,Saint Joseph Seminary College
0743333187454763008,174792,Saint Johns University,Saint John's University
0743333199827959808,161518,Saint Joseph's College of Maine,Saint Joseph's College of Maine
0743333207654531072,215770,Saint Joseph's University,Saint Joseph's University
0743333219880927232,137032,Saint Leo University,Saint Leo University
0743333228940623872,179308,Saint Louis Community College,"Saint Louis Community College, Bridgeton"
0743333232690331648,236452,Saint Martin's University,Saint Martin's University
0743333249652097024,152390,Saint Mary's College,Saint Mary's College
0743333254379077632,152381,Saint Mary-of-the-Woods College,Saint Mary-of-the-Woods College
0743333260716670976,179159,Saint Louis University,Saint Louis University
0743333270137077760,174817,Saint Mary's University of Minnesota,Saint Mary's University of Minnesota
0743333278638931968,123554,Saint Mary's College of California,Saint Mary's College of California
0743333283269443584,231059,Saint Michael's College,Saint Michael's College
0743333287493107712,152451,Saint Meinrad School of Theology,Saint Meinrad School of Theology
0743333304270323712,239716,Saint Norbert College,Saint Norbert College
0743333308154249216,215798,Saint Vincent College,"Saint Vincent College, Latrobe"
0743333312939950080,179317,Saint Paul School of Theology,Saint Paul School of Theology
0743333325766131712,186432,Saint Peter's University,Saint Peter's University
0743333340223897600,195580,Saint Vladimirs Orthodox Theological Seminary,Saint Vladimir's Orthodox Theological Seminary
0743333347282911232,136701,Saint Vincent de Paul Regional Seminary,Saint Vincent de Paul Regional Seminary
0743333350235701248,148627,Saint Xavier University,"Saint Xavier University, Chicago"
0743333355465998336,199607,Salem College,Salem College
0743333363653279744,215813,Saint Vincent Seminary,Saint Vincent Seminary
0743333375791595520,167729,Salem State University,Salem State University
0743333380740874240,163851,Salisbury University,Salisbury University
0743333384889040896,237783,Salem University,"Salem University, Salem"
0743333409857732608,227881,Sam Houston State University,Sam Houston State University
0743333413787795456,217536,Salve Regina University,Salve Regina University
0743333417713664000,180647,Salish Kootenai College,Salish Kootenai College
0743333431986880512,214564,Salus University,Salus University
0743333434922893312,102049,Samford University,Samford University
0743333451918213120,227924,San Antonio College,San Antonio College
0743333456204791808,122296,Samuel Merritt University,Samuel Merritt University
0743333460319404032,493512,San Diego Global Knowledge University,San Diego Global Knowledge University
0743333464639537152,112084,San Diego Christian College,San Diego Christian College
0743333477511856128,122320,San Diego Community College District-District Office,"San Diego Community College District, District Office"
0743333485535559680,122409,San Diego State University,San Diego State University
0743333498407878656,120166,San Francisco Bay University,San Francisco Bay University
0743333502874812416,122375,San Diego Mesa College,San Diego Mesa College
0743333510944653312,122597,San Francisco State University,San Francisco State University
0743333514727915520,122506,San Francisco Conservatory of Music,San Francisco Conservatory of Music
0743333519320678400,486239,San Ignacio University,"San Ignacio University, Doral"
0743333536534102016,122649,San Joaquin College of Law,San Joaquin College of Law
0743333541818925056,227979,San Jacinto Community College,"San Jacinto College, Pasadena"
0743333561813172224,122755,San Jose State University,San Jose State University
0743333565751623680,448381,San Joaquin Valley College-Central Administrative Office,"San Joaquin Valley College, Central Administrative Office"
0743333571195830272,122685,San Joaquin Valley College-Visalia,"San Joaquin Valley College, Visalia"
0743333582377844736,430670,San Juan Bautista School of Medicine,San Juan Bautista School of Medicine
0743333586576343040,122782,San Mateo County Community College District Office,"San Mateo County Community College District, Office"
0743333590825172992,493895,SANS Technology Institute,SANS Technology Institute
0743333595296301056,481535,Sanford Burnham Prebys Medical Discovery Institute,Sanford Burnham Prebys Medical Discovery Institute
0743333620504068096,121619,Santa Ana College,Santa Ana College
0743333624316690432,137096,Santa Fe College,"Santa Fe College, Gainesville"
0743333629228220416,195304,Sarah Lawrence College,Sarah Lawrence College
0743333634416574464,122931,Santa Clara University,Santa Clara University
0743333645640531968,122977,Santa Monica College,Santa Monica College
0743333654268215296,140960,Savannah State University,Savannah State University
0743333667379609600,494542,Sattler College,Sattler College
0743333671229980672,123095,Saybrook University,Saybrook University
0743333675386535936,143048,School of the Art Institute of Chicago,School of the Art Institute of Chicago
0743333683276021760,404338,Schiller International University,Schiller International University
0743333692453158912,172200,Schoolcraft Community College District,"Schoolcraft College, Livonia"
0743333710316699648,197151,School of Visual Arts,School of Visual Arts
0743333713227546624,228042,Schreiner University,Schreiner University
0743333717325381632,236513,Seattle Central College,Seattle Central College
0743333722270466048,123165,Scripps College,Scripps College
0743333742931607552,488448,Seattle Film Institute,Seattle Film Institute
0743333747650199552,236595,Seattle University,Seattle University
0743333751093723136,439914,Seattle Institute of East Asian Medicine,Seattle Institute of East Asian Medicine
0743333755514519552,236577,Seattle Pacific University,Seattle Pacific University
0743333776523788288,140951,Savannah College of Art and Design,Savannah College of Art and Design
0743333785751257088,232885,Sentara College of Health Sciences,Sentara College of Health Sciences
0743333788930539520,102058,Selma University,Selma University
0743333794521546752,137209,Seminole State College of Florida,Seminole State College of Florida
0743333806135574528,243498,Seminario Evangelico de Puerto Rico,Seminario Evangelico de Puerto Rico
0743333818739458048,475839,Sessions College for Professional Design,Sessions College for Professional Design
0743333823596462080,215947,Seton Hill University,Seton Hill University
0743333831590805504,123280,Shasta Bible College and Graduate School,Shasta Bible College and Graduate School
0743333836049350656,186584,Seton Hall University,Seton Hall University
0743333848372215808,123299,Shasta College,Shasta College
0743333861357780992,233541,Shenandoah University,"Shenandoah University, Winchester"
0743333867015897088,205443,Shawnee State University,Shawnee State University
0743333874599198720,237792,Shepherd University,Shepherd University
0743333878260826112,199643,Shaw University,Shaw University
0743333893544869888,461485,Shepherds Theological Seminary,Shepherds Theological Seminary
0743333904701718528,218751,Sherman College of Chiropractic,Sherman College of Chiropractic
0743333908547895296,216010,Shippensburg University of Pennsylvania,Shippensburg University of Pennsylvania
0743333911681040384,140988,Shorter University,"Shorter University, Rome"
0743333920698793984,195438,Sh'or Yoshuv Rabbinical College,"Sh'or Yoshuv Rabbinical College, Lawrence"
0743333928592474112,195474,Siena College,Siena College
0743333937945772032,172264,Siena Heights University,Siena Heights University
0743333949266198528,154350,Simpson College,Simpson College
0743333958195871744,123457,Simpson University,Simpson University
0743333962025271296,167783,Simmons University,Simmons University
0743333966253129728,461759,Simmons College of Kentucky,Simmons College of Kentucky
0743333983990841344,219374,Sinte Gleska University,"Sinte Gleska University, Mission"
0743333991989379072,205470,Sinclair Community College,Sinclair Community College
0743334000977772544,219408,Sisseton Wahpeton College,Sisseton Wahpeton College
0743334004836532224,242060,Sistema Universitario Ana G. Mendez,Sistema Universitario Ana G. Mendez
0743334013455826944,231068,SIT Graduate Institute,SIT Graduate Institute
0743334030170128384,236638,Skagit Valley College,"Skagit Valley College, Mount Vernon"
0743334034406375424,123509,Skyline College,"Skyline College, San Bruno"
0743334039598923776,195526,Skidmore College,Skidmore College
0743334049329709056,200466,Sitting Bull College,"Sitting Bull College, Fort Yates"
0743334063749726208,216038,Slippery Rock University of Pennsylvania,Slippery Rock University of Pennsylvania
0743334072876531712,441229,Smith Chason College,"Smith Chason College, Los Angeles"
0743334076638822400,110778,Sofia University,Sofia University
0743334080271089664,167835,Smith College,Smith College
0743334084515725312,230597,Snow College,"Snow College, Ephraim"
0743334105562742784,399911,Soka University of America,Soka University of America
0743334109782212608,420246,Sonoran University of Health Sciences,Sonoran University of Health Sciences
0743334114123317248,123572,Sonoma State University,Sonoma State University
0743334125087227904,123563,Solano Community College,"Solano Community College, Fairfield"
0743334131315769344,218733,South Carolina State University,South Carolina State University
0743334135212277760,123633,South Baylo University,South Baylo University
0743334151893024768,220552,South College,"South College, Knoxville"
0743334160373907456,219347,South Dakota School of Mines and Technology,South Dakota School of Mines and Technology
0743334168603131904,366003,South Florida Bible College and Theological Seminary,South Florida Bible College and Theological Seminary
0743334173493690368,219356,South Dakota State University,South Dakota State University
0743334177880932352,137315,South Florida State College,South Florida State College
0743334194133860352,482699,South Georgia State College,South Georgia State College
0743334202170146816,236504,South Seattle College,South Seattle College
0743334206783881216,228194,South Texas College of Law Houston,South Texas College of Law Houston
0743334215428341760,409315,South Texas College,South Texas College
0743334223988916224,480073,South University-Austin,"South University, Round Rock"
0743334237360357376,251312,South University-Columbia,"South University, Columbia"
0743334240296370176,481720,South University-High Point,"South University, High Point"
0743334253189660672,101116,South University-Montgomery,"South University, Montgomery"
0743334261192392704,481094,Sotheby's Institute of Art-NY,"Sotheby's Institute of Art, New York"
0743334270113677312,475121,South University-Savannah Online,"South University, Savannah (Online)"
0743334278221266944,139579,South University-Savannah,"South University, Savannah"
0743334282482679808,459259,South University-Richmond,"South University, Richmond"
0743334287155134464,459268,South University-Virginia Beach,"South University, Virginia Beach"
0743334308139237376,133465,South University-West Palm Beach,"South University, West Palm Beach"
0743334313029795840,449898,South University-Tampa,"South University, Tampa"
0743334320592125952,179557,Southeast Missouri State University,Southeast Missouri State University
0743334324786429952,199759,Southeastern Baptist Theological Seminary,Southeastern Baptist Theological Seminary
0743334333523165184,176336,Southeastern Baptist College,"Southeastern Baptist College, Laurel"
0743334337721663488,160612,Southeastern Louisiana University,Southeastern Louisiana University
0743334347993513984,207847,Southeastern Oklahoma State University,Southeastern Oklahoma State University
0743334363298529280,428170,Southeastern College-West Palm Beach,"Southeastern College, West Palm Beach"
0743334371259318272,137564,Southeastern University,Southeastern University
0743334376590278656,233602,Southeastern Free Will Baptist Bible College,Southeastern Free Will Baptist Bible College
0743334379761172480,221661,Southern Adventist University,Southern Adventist University
0743334397280780288,123952,Southern California Institute of Architecture,Southern California Institute of Architecture
0743334404595646464,107983,Southern Arkansas University Main Campus,"Southern Arkansas University, Magnolia"
0743334410773856256,399869,Southern California Institute of Technology,"Southern California Institute of Technology, Anaheim"
0743334426598965248,117672,Southern California University of Health Sciences,Southern California University of Health Sciences
0743334430243815424,117575,Southern California Seminary,Southern California Seminary
0743334434094186496,221670,Southern College of Optometry,Southern College of Optometry
0743334443506204672,130493,Southern Connecticut State University,Southern Connecticut State University
0743334451521519616,417734,Southeast Missouri Hospital College of Nursing and Health Sciences,Southeast Missouri Hospital College of Nursing and Health Sciences
0743334460136620032,149231,Southern Illinois University-Edwardsville,"Southern Illinois University, Edwardsville"
0743334472853749760,149222,Southern Illinois University-Carbondale,"Southern Illinois University, Carbondale"
0743334476385353728,149240,Southern Illinois University-System Office,Southern Illinois University System
0743334484866236416,206862,Southern Nazarene University,Southern Nazarene University
0743334501781864448,183026,Southern New Hampshire University,Southern New Hampshire University
0743334510271135744,228246,Southern Methodist University,Southern Methodist University
0743334514482216960,210146,Southern Oregon University,Southern Oregon University
0743334523227340800,160630,Southern University at New Orleans,Southern University at New Orleans
0743334531880189952,440916,Southern University Law Center,Southern University Law Center
0743334536267431936,160621,Southern University and A & M College,Southern University and A. & M. College
0743334548644823040,160533,Southern University-Board and System,"Southern University, Baton Rouge"
0743334566533529600,230603,Southern Utah University,Southern Utah University
0743334569998024704,179326,Southwest Baptist University,Southwest Baptist University
0743334582438330368,217776,Southern Wesleyan University,Southern Wesleyan University
0743334587467300864,175078,Southwest Minnesota State University,Southwest Minnesota State University
0743334591124733952,228468,Southwestern Adventist University,Southwestern Adventist University
0743334603812503552,228486,Southwestern Christian College,"Southwestern Christian College, Terrell"
0743334617045532672,451556,Southwest University at El Paso,"Southwest University, El Paso"
0743334620170289152,188207,Southwestern College,"Southwestern College, Santa Fe"
0743334631012564992,207856,Southwestern Christian University,Southwestern Christian University
0743334638126104576,155900,Southwestern College,"Southwestern College, Winfield"
0743334642379128832,123970,Southwestern Law School,Southwestern Law School
0743334644937654272,233611,Southern Virginia University,"Southern Virginia University, Buena Vista"
0743334654253203456,228343,Southwestern University,Southwestern University
0743334658313289728,157757,Spalding University,Spalding University
0743334674922733568,207865,Southwestern Oklahoma State University,"Southwestern Oklahoma State University, Weatherford"
0743334683382644736,141060,Spelman College,Spelman College
0743334688017350656,218821,Spartanburg Methodist College,Spartanburg Methodist College
0743334697123184640,207254,Spartan College of Aeronautics and Technology,Spartan College of Aeronautics and Technology
0743334708653326336,236692,Spokane Community College,Spokane Community College
0743334713254477824,148982,Spertus College,Spertus College
0743334721022328832,236708,Spokane Falls Community College,Spokane Falls Community College
0743334733806567424,228325,Southwestern Assemblies of God University,Southwestern Assemblies of God University
0743334738198003712,172334,Spring Arbor University,Spring Arbor University
0743334747085733888,102234,Spring Hill College,Spring Hill College
0743334759928692736,167899,Springfield College,Springfield College
0743334771962150912,195155,St Bernard's School of Theology and Ministry,St. Bernard's School of Theology and Ministry
0743334776072568832,175005,St Catherine University,St. Catherine University
0743334781135093760,195216,St Lawrence University,St. Lawrence University
0743334784784138240,195164,St Bonaventure University,St. Bonaventure University
0743334805990539264,137078,St Petersburg College,St. Petersburg College
0743334810226786304,154262,St Luke's College,St. Luke's College
0743334814295261184,442426,St Louis College of Health Careers-Fenton,"St. Louis College of Health Careers, Fenton"
0743334822558040064,174844,St Olaf College,St Olaf College
0743334835375833088,195173,St. Francis College,"St. Francis College, Brooklyn"
0743334839645634560,199698,St. Andrews University,"St. Andrews University, Laurinburg"
0743334856833892352,195720,St. John Fisher University,St. John Fisher University
0743334860440993792,148876,St. Augustine College,St. Augustine College
0743334864794681344,137272,St. John Vianney College Seminary,St. John Vianney College Seminary
0743334868988985344,163976,St. John's College,"St. John's College, Annapolis"
0743334890358964224,245652,St. John's College,"St. John's College, Santa Fe"
0743334898315558912,148593,St. John's College-Department of Nursing,"St. John's College, Springfield"
0743334902681829376,475273,"Springfield College-Regional, Online, and Continuing Education","Springfield College, Springfield"
0743334911909298176,195809,St. John's University-New York,"St. John's University, New York"
0743334915986161664,195544,St. Joseph's University-New York,"St. Joseph's University, Brooklyn"
0743334932364918784,228149,St. Mary's University,"St. Mary's University, San Antonio"
0743334936219484160,163912,St. Mary's College of Maryland,St. Mary's College of Maryland
0743334940552200192,195243,St. Thomas Aquinas College,St. Thomas Aquinas College
0743334958713536512,137476,St. Thomas University,St. Thomas University
0743334962341609472,446561,Stanbridge University,Stanbridge University
0743334970709245952,243744,Stanford University,Stanford University
0743334975096487936,123916,Starr King School for the Ministry,Starr King School for the Ministry
0743334995635994624,135391,State College of Florida-Manatee-Sarasota,"State College of Florida, Manatee-Sarasota"
0743334999809327104,196149,State University of New York at Cortland,State University of New York at Cortland
0743335004221734912,196194,State University of New York at Oswego,State University of New York at Oswego
0743335008009191424,196176,State University of New York at New Paltz,State University of New York at New Paltz
0743335012736172032,228431,Stephen F Austin State University,Stephen F. Austin State University
0743335025105174528,179548,Stephens College,Stephens College
0743335038191403008,155937,Sterling College,Sterling College
0743335041811087360,231095,Sterling College,Sterling College
0743335046215106560,186867,Stevens Institute of Technology,Stevens Institute of Technology
0743335058835767296,164173,Stevenson University,Stevenson University
0743335067144683520,186876,Stockton University,Stockton University
0743335079777927168,102270,Stillman College,Stillman College
0743335087973597184,366340,Stone Child College,Stone Child College
0743335092889321472,178767,Stevens-The Institute of Business & Arts,"Stevens, The Institute of Business and Arts"
0743335104989888512,167996,Stonehill College,Stonehill College
0743335109788172288,450377,Strayer University-Alabama,"Strayer University, Alabama"
0743335130264764416,196097,Stony Brook University,Stony Brook University
0743335134215798784,450298,Strayer University-Delaware,"Strayer University, Wilmington"
0743335139160883200,458885,Strayer University-Arkansas,"Strayer University, Little Rock"
0743335145620111360,137546,Stetson University,Stetson University
0743335147960532992,131803,Strayer University-District of Columbia,"Strayer University, District of Columbia"
0743335168504233984,458919,Strayer University-Georgia,"Strayer University, Georgia"
0743335172652400640,449038,Strayer University-Florida,"Strayer University, Tampa"
0743335176762818560,430184,Strayer University-Maryland,"Strayer University, Maryland"
0743335181678542848,459994,Strayer University-Global Region,"Strayer University, Washington, D.C."
0743335198002774016,458955,Strayer University-Mississippi,"Strayer University, Mississippi"
0743335201861533696,453215,Strayer University-New Jersey,"Strayer University, New Jersey"
0743335210912841728,458964,Strayer University-South Carolina,"Strayer University, Greenville"
0743335223718051840,443784,Strayer University-Pennsylvania,"Strayer University, Pennsylvania"
0743335235415965696,453163,Strayer University-North Carolina,"Strayer University, Greensboro"
0743335240059060224,443766,Strayer University-Tennessee,"Strayer University, Tennessee"
0743335244068814848,233684,Strayer University-Virginia,"Strayer University, Arlington"
0743335256983076864,458973,Strayer University-Texas,"Strayer University, Farmers Branch"
0743335265749172224,157793,Sullivan University,Sullivan University
0743335269733761024,456621,Strayer University-West Virginia,"Strayer University, West Virginia"
0743335282555748352,447953,SUM Bible College and Theological Seminary,SUM Bible College and Theological Seminary
0743335286146072576,181543,Summit Christian College,"Summit Christian College, Gering"
0743335290646560768,228501,Sul Ross State University,Sul Ross State University
0743335307973230592,208512,Sumner College,Sumner College
0743335316097597440,196121,SUNY Brockport,SUNY Brockport
0743335320442896384,196158,SUNY at Fredonia,SUNY at Fredonia
0743335333726257152,196219,SUNY at Purchase College,"SUNY Purchase, Purchase, New York"
0743335337002008576,196130,SUNY Buffalo State University,SUNY Buffalo State College
0743335345155735552,196200,SUNY College at Potsdam,SUNY College at Potsdam
0743335358531371008,196167,SUNY College at Geneseo,SUNY College at Geneseo
0743335362432073728,196033,SUNY College of Agriculture and Technology at Cobleskill,SUNY College of Agriculture and Technology at Cobleskill
0743335366676709376,196246,SUNY College at Plattsburgh,SUNY College at Plattsburgh
0743335384204705792,196103,SUNY College of Environmental Science and Forestry,SUNY College of Environmental Science and Forestry
0743335391477628928,196228,SUNY College of Optometry,SUNY College of Optometry
0743335396129112064,196015,SUNY College of Technology at Canton,SUNY College of Technology at Canton
0743335400973533184,196006,SUNY College of Technology at Alfred,SUNY College of Technology at Alfred
0743335425250164736,196255,SUNY Downstate Health Sciences University,SUNY Downstate Health Sciences University
0743335429503188992,196051,SUNY Morrisville,SUNY Morrisville
0743335433261285376,168005,Suffolk University,Suffolk University
0743335443294060544,196024,SUNY College of Technology at Delhi,SUNY College of Technology at Delhi
0743335454505435136,196185,SUNY Oneonta,SUNY Oneonta
0743335459261775872,196291,SUNY Maritime College,SUNY Maritime College
0743335463384776704,196237,SUNY Old Westbury,SUNY Old Westbury
0743335467822350336,196112,SUNY Polytechnic Institute,SUNY Polytechnic Institute
0743335488953253888,233718,Sweet Briar College,Sweet Briar College
0743335492761681920,216278,Susquehanna University,Susquehanna University
0743335501745881088,216287,Swarthmore College,Swarthmore College
0743335509534703616,195827,SUNY-System Office,State University of New York
0743335527066894336,236753,Tacoma Community College,Tacoma Community College
0743335531529633792,196413,Syracuse University,Syracuse University
0743335536587964416,155973,Tabor College,Tabor College
0743335546704625664,102298,Talladega College,Talladega College
0743335548772417536,454689,Taft University System,Taft University System
0743335561279832064,137759,Tallahassee Community College,Tallahassee Community College
0743335574554804224,137777,Talmudic College of Florida,Talmudic College of Florida
0743335587078995968,196440,Talmudical Institute of Upstate New York,Talmudical Institute of Upstate New York
0743335594804903936,451404,Talmudical Seminary of Bobov,"Talmudical Seminary of Bobov, Brooklyn"
0743335599326363648,196431,Talmudical Seminary Oholei Torah,Talmudical Seminary Oholei Torah
0743335615709315072,228529,Tarleton State University,Tarleton State University
0743335620247552000,186900,Talmudical Academy-New Jersey,"Talmudical Academy of New Jersey, Adelphia"
0743335623930150912,216311,Talmudical Yeshiva of Philadelphia,Talmudical Yeshiva of Philadelphia
0743335640472485888,196468,Teachers College at Columbia University,Teachers College at Columbia University
0743335650782085120,149329,Telshe Yeshiva-Chicago,"Telshe Yeshiva, Chicago"
0743335653671960576,152530,Taylor University,Taylor University
0743335657878847488,488800,Teachers College of San Joaquin,Teachers College of San Joaquin
0743335666061934592,216339,Temple University,"Temple University, Philadelphia"
0743335687167672320,221838,Tennessee State University,Tennessee State University
0743335691672354816,221847,Tennessee Technological University,Tennessee Technological University
0743335695753412608,228723,Texas A & M University-College Station,"Texas A&amp;M University, College Station"
0743335699834470400,226152,Texas A & M International University,Texas A&amp; M International University
0743335704339152896,221731,Tennessee Wesleyan University,Tennessee Wesleyan University
0743335729974738944,224554,Texas A & M University-Commerce,"Texas A&amp;M University, Commerce"
0743335733430845440,224147,Texas A & M University-Corpus Christi,"Texas A&amp;M University, Corpus Christi"
0743335737872613376,483036,Texas A&M University-Central Texas,"Texas A&M University, Central Texas"
0743335742683480064,228732,Texas A & M University-System Office,"Texas A&amp;M University, System Office"
0743335747053944832,228705,Texas A & M University-Kingsville,"Texas A&amp;M University, Kingsville"
0743335767694114816,224545,Texas A&M University-Texarkana,"Texas A&amp;M University, Texarkana"
0743335772349792256,228866,Texas Chiropractic College Foundation Inc,Texas Chiropractic College
0743335780281221120,228875,Texas Christian University,Texas Christian University
0743335784681046016,459949,Texas A&M University-San Antonio,"Texas A&M University, San Antonio"
0743335792578920448,228884,Texas College,Texas College
0743335809532297216,228459,Texas State University,Texas State University
0743335814229917696,228981,Texas Lutheran University,Texas Lutheran University
0743335818319364096,430704,Texas Health and Science University,Texas Health and Science University
0743335826590531584,229063,Texas Southern University,Texas Southern University
0743335838657544192,229337,Texas Tech University Health Sciences Center,Texas Tech University Health Sciences Center
0743335852930760704,439154,Texas Tech University System Administration,Texas Tech University System Administration
0743335860467924992,229115,Texas Tech University,Texas Tech University
0743335864536399872,492689,Texas Tech University Health Sciences Center-El Paso,"Texas Tech University Health Sciences Center, El Paso"
0743335868537765888,229160,Texas Wesleyan University,Texas Wesleyan University
0743335874472706048,229179,Texas Woman's University,Texas Woman's University
0743335886325809152,143978,The Chicago School at Chicago,"The Chicago School of Professional Psychology, Chicago"
0743335902712954880,492607,The Chicago School at Dallas,"The Chicago School, Richardson"
0743335909155405824,455664,The Chicago School at Los Angeles,"The Chicago School of Professional Psychology, Los Angeles"
0743335911088979968,491190,The Chicago School at San Diego,"The Chicago School, San Diego"
0743335915182620672,455433,The Chicago School at Anaheim,"The Chicago School, Anaheim"
0743335930370195456,487153,The Chicago School at Xavier University of Louisiana,The Chicago School at Xavier University of Louisiana
0743335936217055232,201821,The Christ College of Nursing and Health Sciences,The Christ College of Nursing and Health Sciences
0743335944827961344,459745,The Chicago School at Washington DC,"The Chicago School, Washington, D.C."
0743335963656192000,195234,The College of Saint Rose,The College of Saint Rose
0743335965694623744,392257,The College of Health Care Professions-Northwest,"The College of Health Care Professions, Northwest"
0743335978290118656,142294,The College of Idaho,The College of Idaho
0743335983138734080,187134,The College of New Jersey,The College of New Jersey
0743335986829721600,174899,The College of Saint Scholastica,"The College of Saint Scholastica, Duluth"
0743335991070162944,133960,The College of the Florida Keys,The College of the Florida Keys
0743336011961991168,131283,The Catholic University of America,The Catholic University of America
0743336020296073216,206589,The College of Wooster,The College of Wooster
0743336028865036288,125037,The Colleges of Law at Ventura,"The Colleges of Law, Ventura"
0743336033097089024,475228,The Colleges of Law at Santa Barbara,"The Colleges of Law, Santa Barbara"
0743336047282225152,197285,The College of Westchester,The College of Westchester
0743336050625085440,492087,The Continents States University,The Continents States University
0743336054672588800,190372,The Cooper Union for the Advancement of Science and Art,The Cooper Union for the Advancement of Science and Art
0743336059219214336,235167,The Evergreen State College,"The Evergreen State College, Olympia"
0743336075996430336,117751,The Master's University and Seminary,The Master's University and Seminary
0743336079846801408,439701,The King's University,The King's University
0743336084368261120,454184,The King's College,The King's College
0743336105364946944,167057,The New England Conservatory of Music,The New England Conservatory of Music
0743336109244678144,192110,The Juilliard School,The Juilliard School
0743336113669668864,206394,The North Coast College,The North Coast College
0743336117423570944,193654,The New School,The New School
0743336134817349632,195049,The Rockefeller University,The Rockefeller University
0743336142576812032,205391,The Modern College of Design,"The Modern College of Design, Kettering"
0743336151787503616,441131,The Seattle School of Theology & Psychology,The Seattle School of Theology and Psychology
0743336155147141120,157748,The Southern Baptist Theological Seminary,The Southern Baptist Theological Seminary
0743336164127145984,104665,The School of Architecture,The School of Architecture
0743336172247318528,100751,The University of Alabama,The University of Alabama
0743336193910898688,475237,The University of America,"The University of America, Temecula"
0743336198142951424,180489,The University of Montana,The University of Montana
0743336202106568704,202763,The University of Findlay,The University of Findlay
0743336210339987456,180692,The University of Montana-Western,"The University of Montana, Western"
0743336223472353280,494603,The Southwestern Baptist Theological Seminary,The Southwestern Baptist Theological Seminary
0743336227410804736,171599,The University of Olivet,The University of Olivet
0743336240023076864,137847,The University of Tampa,The University of Tampa
0743336243915390976,487010,The University of Tennessee Health Science Center,University of Tennessee Health Science Center
0743336248587845632,220701,The University of Tennessee Southern,The University of Tennessee Southern
0743336252396273664,492263,The University of Tennessee System Office,University of Tennessee System
0743336273267130368,221740,The University of Tennessee-Chattanooga,"The University of Tennessee, Chattanooga"
0743336283044052992,228769,The University of Texas at Arlington,The University of Texas at Arlington
0743336285963288576,221759,The University of Tennessee-Knoxville,"University of Tennessee, Knoxville"
0743336300173590528,228778,The University of Texas at Austin,The University of Texas at Austin
0743336303050883072,221768,The University of Tennessee-Martin,The University of Tennessee at Martin
0743336306704121856,228787,The University of Texas at Dallas,The University of Texas at Dallas
0743336315629600768,229027,The University of Texas at San Antonio,The University of Texas at San Antonio
0743336332662669312,229300,The University of Texas Health Science Center at Houston,University of Texas Health Science Center at Houston
0743336340606681088,228796,The University of Texas at El Paso,The University of Texas at El Paso
0743336345262358528,228644,The University of Texas Health Science Center at San Antonio,The University of Texas Health Science Center at San Antonio
0743336349683154944,228802,The University of Texas at Tyler,The University of Texas at Tyler
0743336365994803200,416801,The University of Texas MD Anderson Cancer Center,The University of Texas MD Anderson Cancer Center
0743336375004168192,228653,The University of Texas Medical Branch at Galveston,"The University of Texas Medical Branch, Galveston"
0743336378980368384,227368,The University of Texas Rio Grande Valley,The University of Texas Rio Grande Valley
0743336387129901056,229018,The University of Texas Permian Basin,The University of Texas Permian Basin
0743336391525531648,221519,The University of the South,The University of the South
0743336397473054720,229090,The University of Texas System Office,The University of Texas System Office
0743336416842350592,126012,The Wright Institute,The Wright Institute
0743336429404291072,216348,Theological Seminary of the Reformed Episcopal Church,Theological Seminary of the Reformed Episcopal Church
0743336433569234944,161563,Thomas College,Thomas College
0743336437675458560,124292,Thomas Aquinas College,Thomas Aquinas College
0743336442318553088,187046,Thomas Edison State University,Thomas Edison State University
0743336447171362816,216357,Thiel College,Thiel College
0743336463302656000,172477,Thomas M Cooley Law School,Thomas M. Cooley Law School
0743336476619571200,216366,Thomas Jefferson University,Thomas Jefferson University
0743336480356696064,126049,Thomas Jefferson School of Law,Thomas Jefferson School of Law
0743336484320313344,157809,Thomas More University,Thomas More University
0743336488174878720,183275,Thomas More College of Liberal Arts,Thomas More College of Liberal Arts
0743336509632937984,206048,Tiffin University,Tiffin University
0743336513453948928,196583,Torah Temimah Talmudical Seminary,Torah Temimah Talmudical Seminary
0743336518034128896,176406,Tougaloo College,Tougaloo College
0743336522056466432,141185,Toccoa Falls College,Toccoa Falls College
0743336539173421056,196592,Touro University,Touro University
0743336542927323136,459824,Touro University Nevada,Touro University Nevada
0743336553702490112,459727,Touro University Worldwide,Touro University Worldwide
0743336556382650368,459736,Touro University California,Touro University California
0743336577198981120,164076,Towson University,Towson University
0743336581368119296,221892,Trevecca Nazarene University,Trevecca Nazarene University
0743336585944104960,157818,Transylvania University,Transylvania University
0743336594202689536,445054,Toyota Technological Institute at Chicago,"Toyota Technological Institute, Chicago"
0743336601861488640,414878,Trine University-Regional/Non-Traditional Campuses,"Trine University, Angola"
0743336610371731456,152567,Trine University,Trine University
0743336619850858496,137953,Trinity Baptist College,Trinity Baptist College
0743336627677429760,128258,Trinidad State College,Trinidad State College
0743336639765413888,130590,Trinity College,Trinity College
0743336644102324224,149505,Trinity Christian College,Trinity Christian College
0743336648363737088,200484,Trinity Bible College and Graduate School,Trinity Bible College and Graduate School
0743336661139587072,146755,Trinity College of Nursing & Health Sciences,Trinity College of Nursing & Health Sciences
0743336665312919552,137962,Trinity College of Florida,Trinity College of Florida
0743336677556092928,135610,Trinity International University-Florida,"Trinity International University, Florida"
0743336690365497344,149514,Trinity International University-Illinois,Trinity International University
0743336705448214528,229267,Trinity University,"Trinity University, San Antonio"
0743336711349600256,131876,Trinity Washington University,Trinity Washington University
0743336719348137984,206154,Tri-State Bible College,Tri-State Bible College
0743336728181342208,196653,Trocaire College,Trocaire College
0743336741028495360,225308,Trinity Valley Community College,"Trinity Valley Community College, Athens"
0743336749232553984,102368,Troy University,Troy University
0743336753196171264,182500,Truckee Meadows Community College,Truckee Meadows Community College
0743336766764744704,178615,Truman State University,Truman State University
0743336770464120832,141237,Truett McConnell University,Truett McConnell University
0743336782782791680,216463,Trinity Episcopal School for Ministry,Trinity Episcopal School for Ministry
0743336795684470784,168148,Tufts University,Tufts University
0743336799983632384,160755,Tulane University of Louisiana,Tulane University of Louisiana
0743336812704956416,123448,Trinity Law School,"Trinity Law School, Santa Ana"
0743336816576299008,200527,Turtle Mountain Community College,Turtle Mountain Community College
0743336824948129792,221953,Tusculum University,Tusculum University
0743336833907163136,102377,Tuskegee University,Tuskegee University
0743336842576789504,229355,Tyler Junior College,Tyler Junior College
0743336855163895808,491525,Union Bible College,"Union Bible College, Westfield"
0743336859978956800,181738,Union Adventist University,Union Adventist University
0743336867562258432,196866,Union College,"Union College, Schenectady"
0743336877318209536,157863,Union College,"Union College, Barbourville"
0743336884196868096,233842,Union Presbyterian Seminary,Union Presbyterian Seminary
0743336892535144448,141167,Thomas University,Thomas University
0743336909433995264,196884,Union Theological Seminary in the City of New York,"Union Theological Seminary, New York"
0743336914295193600,213631,United Lutheran Seminary,United Lutheran Seminary
0743336918397222912,221971,Union University,Union University
0743336931059826688,486354,United International College,United International College
0743336934977306624,128328,United States Air Force Academy,United States Air Force Academy
0743336939221942272,130624,United States Coast Guard Academy,United States Coast Guard Academy
0743336956456337408,197036,United States Military Academy,United States Military Academy
0743336959912443904,164155,United States Naval Academy,United States Naval Academy
0743336968665956352,102395,United States Sports Academy,United States Sports Academy
0743336976375087104,447050,United States University,United States University
0743336989293543424,175139,United Theological Seminary of the Twin Cities,United Theological Seminary of the Twin Cities
0743336994129575936,206288,United Theological Seminary,United Theological Seminary
0743337011686932480,459204,Unitek College,Unitek College
0743337023976243200,200554,United Tribes Technical College,United Tribes Technical College
0743337031932837888,206279,Union Institute & University,"Union Institute, Cincinnati"
0743337040388554752,161572,Unity Environmental University,Unity Environmental University
0743337060953227264,376385,Universal Technology College of Puerto Rico,"Universal Technology College of Puerto Rico, Aguadilla"
0743337065273360384,241191,Universidad Adventista de las Antillas,Universidad Adventista de las Antillas
0743337074521800704,243346,Universidad Ana G. Mendez-Carolina Campus,"Universidad Ana G. Mendez, Carolina Campus"
0743337084441329664,197027,United States Merchant Marine Academy,"United States Merchant Marine Academy, Kings Point"
0743337090518876160,243601,Universidad Ana G. Mendez-Gurabo Campus,"Universidad Ana G. Mendez, Gurabo"
0743337095287799808,241739,Universidad Ana G. Mendez-Cupey Campus,"Universidad Ana G. Mendez, Cupey Campus"
0743337116536143872,243443,Universidad del Sagrado Corazon,Universidad del Sagrado Corazon
0743337129068724224,441690,Universidad Pentecostal Mizpa,Universidad Pentecostal Mizpa
0743337134831697920,241225,Universidad Central de Bayamon,Universidad Central de Bayamón
0743337137738350592,243568,Universidad Central Del Caribe,Universidad Central del Caribe
0743337159041220608,196088,University at Buffalo,University at Buffalo
0743337162467966976,241614,Universidad Teologica del Caribe,Universidad Teológica del Caribe
0743337166553219072,196060,University at Albany,University at Albany
0743337192662761472,200800,University of Akron Main Campus,"University of Akron, Akron"
0743337196190171136,100663,University of Alabama at Birmingham,University of Alabama at Birmingham
0743337200485138432,363934,University of Advancing Technology,University of Advancing Technology
0743337230138867712,100706,University of Alabama in Huntsville,University of Alabama in Huntsville
0743337234593218560,243577,Universidad Politecnica de Puerto Rico,Universidad Politécnica de Puerto Rico
0743337237885747200,100733,University of Alabama System Office,University of Alabama System Office
0743337242776305664,102553,University of Alaska Anchorage,University of Alaska Anchorage
0743337259478024192,197018,United Talmudical Seminary,"United Talmudical Seminary, Brooklyn"
0743337263810740224,102632,University of Alaska Southeast,University of Alaska Southeast
0743337285155553280,103529,University of Alaska System of Higher Education,"University of Alaska System, Fairbanks"
0743337291455397888,102614,University of Alaska Fairbanks,University of Alaska Fairbanks
0743337294139752448,104179,University of Arizona,University of Arizona
0743337297969152000,106397,University of Arkansas,University of Arkansas
0743337305657311232,442930,University of Antelope Valley,University of Antelope Valley
0743337318173114368,106412,University of Arkansas at Pine Bluff,University of Arkansas at Pine Bluff
0743337322765877248,106263,University of Arkansas for Medical Sciences,University of Arkansas for Medical Sciences
0743337327488663552,106485,University of Arkansas at Monticello,University of Arkansas at Monticello
0743337339597619200,442569,University of Arkansas Grantham,University of Arkansas at Little Rock
0743337356290949120,108092,University of Arkansas-Fort Smith,"University of Arkansas, Fort Smith"
0743337360606887936,108056,University of Arkansas System Office,University of Arkansas System Office
0743337366239838208,161873,University of Baltimore,University of Baltimore
0743337368810946560,128744,University of Bridgeport,University of Bridgeport
0743337390185119744,110644,University of California-Davis,"University of California, Davis"
0743337394803048448,110653,University of California-Irvine,"University of California, Irvine"
0743337398426927104,110635,University of California-Berkeley,"University of California, Berkeley"
0743337411878060032,110662,University of California-Los Angeles,"University of California, Los Angeles"
0743337415376109568,110671,University of California-Riverside,"University of California, Riverside"
0743337424070901760,110398,University of California College of the Law-San Francisco,"University of California, College of the Law, San Francisco"
0743337436523790336,106245,University of Arkansas at Little Rock,University of Arkansas at Little Rock
0743337440839729152,110680,University of California-San Diego,"University of California, San Diego"
0743337444648157184,110699,University of California-San Francisco,"University of California, San Francisco"
0743337466345291776,124557,University of California-System Administration Central Office,"University of California, System Administration"
0743337470338269184,110714,University of California-Santa Cruz,"University of California, Santa Cruz"
0743337474683568128,106704,University of Central Arkansas,University of Central Arkansas
0743337479070810112,110705,University of California-Santa Barbara,"University of California, Santa Barbara"
0743337500080078848,176965,University of Central Missouri,University of Central Missouri
0743337504274382848,206941,University of Central Oklahoma,University of Central Oklahoma
0743337508078616576,237312,University of Charleston,University of Charleston
0743337514302963712,132903,University of Central Florida,University of Central Florida
0743337529322766336,201955,University of Cincinnati-Blue Ash College,"University of Cincinnati, Blue Ash College"
0743337546569744384,144050,University of Chicago,University of Chicago
0743337550910849024,445188,University of California-Merced,"University of California, Merced"
0743337554362761216,201946,University of Cincinnati-Clermont College,"University of Cincinnati, Clermont College"
0743337563804139520,126614,University of Colorado Boulder,University of Colorado Boulder
0743337566861787136,201885,University of Cincinnati-Main Campus,"University of Cincinnati, Cincinnati"
0743337571211280384,126580,University of Colorado Colorado Springs,University of Colorado Colorado Springs
0743337596561653760,128300,University of Colorado System Office,"University of Colorado, Denver"
0743337600697237504,126562,University of Colorado Denver/Anschutz Medical Campus,"University of Colorado Denver, Anschutz Medical Campus"
0743337605365497856,129020,University of Connecticut,University of Connecticut
0743337610247667712,463056,University of Connecticut-Hartford Campus,"University of Connecticut, Hartford"
0743337613431144448,436827,University of Connecticut-Avery Point,"University of Connecticut, Avery Point"
0743337638638911488,436818,University of Connecticut-Waterbury Campus,"University of Connecticut, Waterbury"
0743337643416223744,224323,University of Dallas,University of Dallas
0743337647291760640,202480,University of Dayton,University of Dayton
0743337651695779840,436836,University of Connecticut-Stamford,"University of Connecticut, Stamford"
0743337656284348416,130943,University of Delaware,University of Delaware
0743337673250308096,127060,University of Denver,University of Denver
0743337680938467328,153278,University of Dubuque,University of Dubuque
0743337688018452480,150534,University of Evansville,University of Evansville
0743337702560104448,134130,University of Florida,University of Florida
0743337710642528256,447801,University of East-West Medicine,University of East-West Medicine
0743337714891358208,169716,University of Detroit Mercy,University of Detroit Mercy
0743337719026941952,484473,University of Florida-Online,"University of Florida, Gainesville"
0743337723263188992,457402,University of Fort Lauderdale,University of Fort Lauderdale
0743337744918380544,141565,University of Hawaii at Hilo,"University of Hawaii at Hilo, Hilo"
0743337748793917440,139959,University of Georgia,University of Georgia
0743337756695986176,129525,University of Hartford,University of Hartford
0743337761263583232,240754,University of Guam,University of Guam
0743337769929015296,141574,University of Hawaii at Manoa,University of Hawaii at Manoa
0743337786727202816,179265,University of Health Sciences and Pharmacy in St. Louis,University of Health Sciences and Pharmacy in St. Louis
0743337791408046080,160065,University of Holy Cross,University of Holy Cross
0743337803881906176,141839,University of Hawaii Maui College,University of Hawaii Maui College
0743337807543533568,141963,University of Hawaii System Office,University of Hawaii System
0743337815718232064,141981,University of Hawaii-West Oahu,University of Hawaiʻi–West Oʻahu
0743337824773734400,225414,University of Houston-Clear Lake,"University of Houston, Clear Lake"
0743337832981987328,225511,University of Houston,University of Houston
0743337842222039040,225432,University of Houston-Downtown,"University of Houston, Houston"
0743337849604014080,225502,University of Houston-Victoria,"University of Houston, Victoria"
0743337862837043200,229407,University of Houston-System Administration,"University of Houston, Houston"
0743337866574168064,142285,University of Idaho,University of Idaho
0743337870869135360,148654,University of Illinois Springfield,University of Illinois Springfield
0743337879505207296,145600,University of Illinois Chicago,University of Illinois Chicago
0743337896068513792,153658,University of Iowa,University of Iowa
0743337904767500288,151263,University of Indianapolis,University of Indianapolis
0743337908525596672,149587,University of Illinois System Offices,University of Illinois System Offices
0743337913504235520,145637,University of Illinois Urbana-Champaign,University of Illinois at Urbana-Champaign
0743337934463172608,155317,University of Kansas,"University of Kansas, Lawrence"
0743337938506481664,117140,University of La Verne,University of La Verne
0743337942226829312,157085,University of Kentucky,University of Kentucky
0743337946458882048,160658,University of Louisiana at Lafayette,University of Louisiana at Lafayette
0743337955791208448,200156,University of Jamestown,University of Jamestown
0743337969322033152,247083,University of Louisiana-System Administration,"University of Louisiana System, Baton Rouge"
0743337973960933376,159993,University of Louisiana at Monroe,University of Louisiana at Monroe
0743337984606076928,157289,University of Louisville,University of Louisville
0743337988259315712,161253,University of Maine,"University of Maine, Orono"
0743338001165189120,232609,University of Lynchburg,University of Lynchburg
0743338009566380032,161217,University of Maine at Augusta,University of Maine at Augusta
0743338013739712512,161226,University of Maine at Farmington,University of Maine at Farmington
0743338030462402560,161341,University of Maine at Presque Isle,University of Maine at Presque Isle
0743338034841255936,161280,University of Maine-System Central Office,"University of Maine, Orono"
0743338038788096000,200217,University of Mary,University of Mary
0743338058811703296,226471,University of Mary Hardin-Baylor,University of Mary Hardin-Baylor
0743338066885738496,163338,University of Maryland Eastern Shore,University of Maryland Eastern Shore
0743338075551170560,232681,University of Mary Washington,University of Mary Washington
0743338082723430400,437097,University of Management and Technology,University of Management and Technology
0743338084539564032,163204,University of Maryland Global Campus,University of Maryland Global Campus
0743338092772982784,163268,University of Maryland-Baltimore County,"University of Maryland, Baltimore County"
0743338100696023040,163259,"University of Maryland, Baltimore","University of Maryland, Baltimore"
0743338120077901824,163286,University of Maryland-College Park,"University of Maryland, College Park"
0743338120103067648,166629,University of Massachusetts-Amherst,"University of Massachusetts, Amherst"
0743338124649693184,262086,University of Massachusetts Global,University of Massachusetts Global
0743338132841168896,166708,University of Massachusetts Chan Medical School,University of Massachusetts Chan Medical School
0743338136699928576,161235,University of Maine at Fort Kent,University of Maine at Fort Kent
0743338161207246848,166665,University of Massachusetts-Central Office,"University of Massachusetts, Boston"
0743338161848975360,167987,University of Massachusetts-Dartmouth,"University of Massachusetts, Dartmouth"
0743338169868484608,166638,University of Massachusetts-Boston,"University of Massachusetts, Boston"
0743338174452858880,166513,University of Massachusetts-Lowell,"University of Massachusetts, Lowell"
0743338186641506304,220862,University of Memphis,University of Memphis
0743338195340492800,171137,University of Michigan-Dearborn,"University of Michigan, Dearborn"
0743338199954227200,135726,University of Miami,"University of Miami, Coral Gables"
0743338220191744000,171146,University of Michigan-Flint,"University of Michigan, Flint"
0743338224750952448,170976,University of Michigan-Ann Arbor,"University of Michigan, Ann Arbor"
0743338228664238080,174233,University of Minnesota-Duluth,"University of Minnesota, Duluth"
0743338233747734528,174251,University of Minnesota-Morris,"University of Minnesota, Morris"
0743338237354835968,174075,University of Minnesota-Crookston,"University of Minnesota, Crookston"
0743338262457745408,456959,University of Minnesota-Rochester,"University of Minnesota, Rochester"
0743338270783438848,174066,University of Minnesota-Twin Cities,"University of Minnesota, Twin Cities"
0743338275413950464,178402,University of Missouri-Kansas City,"University of Missouri, Kansas City"
0743338281114009600,176017,University of Mississippi,University of Mississippi
0743338287585820672,178420,University of Missouri-St Louis,"University of Missouri, St. Louis"
0743338292140834816,178439,University of Missouri-System Office,University of Missouri System
0743338296356110336,178396,University of Missouri-Columbia,"University of Missouri, Columbia"
0743338313871523840,199069,University of Mount Olive,"University of Mount Olive, Mount Olive"
0743338318401372160,204185,University of Mount Union,University of Mount Union
0743338336164249600,193399,University of Mount Saint Vincent,University of Mount Saint Vincent
0743338338710192128,181394,University of Nebraska at Omaha,University of Nebraska at Omaha
0743338342761889792,181215,University of Nebraska at Kearney,University of Nebraska at Kearney
0743338346977165312,101709,University of Montevallo,University of Montevallo
0743338363913764864,181428,University of Nebraska Medical Center,University of Nebraska Medical Center
0743338368242286592,181747,University of Nebraska-Central Administration System Office,University of Nebraska System
0743338372226875392,182281,University of Nevada-Las Vegas,"University of Nevada, Las Vegas"
0743338389368995840,181464,University of Nebraska-Lincoln,University of Nebraska–Lincoln
0743338397870850048,182290,University of Nevada-Reno,"University of Nevada, Reno"
0743338403277307904,183071,University of New Hampshire at Manchester,University of New Hampshire at Manchester
0743338411045158912,161457,University of New England,University of New England
0743338420239073280,182829,University of New Hampshire-Franklin Pierce School of Law,"University of New Hampshire, Franklin Pierce School of Law"
0743338431744049152,183257,University of New Hampshire College of Professional Studies Online,"University of New Hampshire, Manchester"
0743338436374560768,101693,University of Mobile,University of Mobile
0743338448357687296,183044,University of New Hampshire-Main Campus,"University of New Hampshire, Durham"
0743338457065062400,187985,University of New Mexico-Main Campus,"University of New Mexico, Albuquerque"
0743338461120954368,129941,University of New Haven,University of New Haven
0743338471959035904,101879,University of North Alabama,University of North Alabama
0743338476316917760,199111,University of North Carolina Asheville,University of North Carolina at Asheville
0743338493391929344,199139,University of North Carolina at Charlotte,University of North Carolina at Charlotte
0743338500157341696,199120,University of North Carolina at Chapel Hill,University of North Carolina at Chapel Hill
0743338504263565312,199148,University of North Carolina at Greensboro,University of North Carolina at Greensboro
0743338520025759744,199281,University of North Carolina at Pembroke,University of North Carolina at Pembroke
0743338523465089024,199184,University of North Carolina School of the Arts,University of North Carolina School of the Arts
0743338530603794432,199175,University of North Carolina System,University of North Carolina System
0743338543031517184,136172,University of North Florida,University of North Florida
0743338550497378304,199218,University of North Carolina Wilmington,University of North Carolina Wilmington
0743338554859454464,200280,University of North Dakota,University of North Dakota
0743338562568585216,482680,University of North Georgia,University of North Georgia
0743338566771277824,227216,University of North Texas,University of North Texas
0743338583141646336,484905,University of North Texas at Dallas,University of North Texas at Dallas
0743338587721826304,228909,University of North Texas Health Science Center,University of North Texas Health Science Center
0743338597003821056,127741,University of Northern Colorado,University of Northern Colorado
0743338600128577536,154095,University of Northern Iowa,University of Northern Iowa
0743338616868044800,204486,University of Northwestern Ohio,University of Northwestern Ohio
0743338621418864640,174491,University of Northwestern-St Paul,"University of Northwestern, Saint Paul"
0743338625827078144,152080,University of Notre Dame,University of Notre Dame
0743338637764067328,207500,University of Oklahoma-Norman Campus,"University of Oklahoma, Norman"
0743338650984513536,209551,University of Oregon,"University of Oregon, Eugene"
0743338654625169408,207342,University of Oklahoma-Health Sciences Center,"University of Oklahoma, Health Sciences Center"
0743338668244074496,215062,University of Pennsylvania,University of Pennsylvania
0743338671175892992,484613,University of Phoenix-Arizona,"University of Phoenix, Arizona"
0743338675827376128,484631,University of Phoenix-California,"University of Phoenix, California"
0743338692696866816,420042,University of Phoenix-Hawaii,"University of Phoenix, Hawaii"
0743338700879953920,484710,University of Phoenix-Nevada,"University of Phoenix, Las Vegas"
0743338705535631360,484756,University of Phoenix-Texas,"University of Phoenix, Texas"
0743338713454477312,159939,University of New Orleans,University of New Orleans
0743338730512711680,157535,University of Pikeville,University of Pikeville
0743338739173949440,443711,University of North Texas System,University of North Texas System
0743338743020126208,215275,University of Pittsburgh-Greensburg,"University of Pittsburgh, Greensburg"
0743338751282905088,215266,University of Pittsburgh-Bradford,"University of Pittsburgh, Bradford"
0743338755917611008,215284,University of Pittsburgh-Johnstown,"University of Pittsburgh, Johnstown"
0743338773131034624,209825,University of Portland,University of Portland
0743338781028909056,180258,University of Providence,University of Providence
0743338786804465664,215293,University of Pittsburgh-Pittsburgh Campus,"University of Pittsburgh, Pittsburgh"
0743338793355968512,243212,University of Puerto Rico at Ponce,University of Puerto Rico at Ponce
0743338798510768128,243151,University of Puerto Rico at Cayey,University of Puerto Rico at Cayey
0743338806865821696,243106,University of Puerto Rico-Aguadilla,"University of Puerto Rico, Aguadilla"
0743338815132794880,243115,University of Puerto Rico-Arecibo,"University of Puerto Rico, Arecibo"
0743338827334025216,243133,University of Puerto Rico-Bayamon,"University of Puerto Rico, Bayamón"
0743338831708684288,243160,University of Puerto Rico-Central Administration,"University of Puerto Rico, Central Administration"
0743338836045594624,243142,University of Puerto Rico-Carolina,"University of Puerto Rico, Carolina"
0743338848842416128,243197,University of Puerto Rico-Mayaguez,"University of Puerto Rico, Mayaguez"
0743338857453322240,243203,University of Puerto Rico-Medical Sciences,"University of Puerto Rico, Medical Sciences"
0743338870019457024,243179,University of Puerto Rico-Humacao,"University of Puerto Rico, Humacao"
0743338887186743296,236328,University of Puget Sound,University of Puget Sound
0743338891297161216,243221,University of Puerto Rico-Rio Piedras,"University of Puerto Rico, Río Piedras"
0743338895353053184,217484,University of Rhode Island,University of Rhode Island
0743338899476054016,243188,University of Puerto Rico-Utuado,"University of Puerto Rico, Utuado"
0743338903766827008,121691,University of Redlands,University of Redlands
0743338928756490240,205203,University of Rio Grande,University of Rio Grande
0743338932887879680,195030,University of Rochester,University of Rochester
0743338936939577344,152336,University of Saint Francis-Fort Wayne,"University of Saint Francis, Fort Wayne"
0743338942048239616,130314,University of Saint Joseph,University of Saint Joseph
0743338950327795712,233374,University of Richmond,University of Richmond
0743338967792877568,155812,University of Saint Mary,University of Saint Mary
0743338970712113152,148885,University of Saint Mary of the Lake,"University of Saint Mary of the Lake, Mundelein"
0743338975288098816,122436,University of San Diego,University of San Diego
0743338979796975616,122612,University of San Francisco,University of San Francisco
0743338996335116288,215929,University of Scranton,University of Scranton
0743339008750256128,497107,University of Silicon Andhra,University of Silicon Andhra
0743339012936171520,207722,University of Science and Arts of Oklahoma,University of Science and Arts of Oklahoma
0743339017503768576,219383,University of Sioux Falls,University of Sioux Falls
0743339029969240064,112394,University of Silicon Valley,University of Silicon Valley
0743339033924468736,218654,University of South Carolina Beaufort,University of South Carolina Beaufort
0743339042472460288,102094,University of South Alabama,University of South Alabama
0743339051192418304,218663,University of South Carolina-Columbia,"University of South Carolina, Columbia"
0743339064723243008,218742,University of South Carolina-Upstate,University of South Carolina Upstate
0743339069852876800,219471,University of South Dakota,University of South Dakota
0743339081106194432,488785,University of Saint Katherine,"University of Saint Katherine, San Marcos"
0743339084981731328,137351,University of South Florida,University of South Florida
0743339099070398464,123961,University of Southern California,University of Southern California
0743339106301378560,161554,University of Southern Maine,University of Southern Maine
0743339111057719296,176372,University of Southern Mississippi,University of Southern Mississippi
0743339115071668224,151306,University of Southern Indiana,University of Southern Indiana
0743339128631853056,174914,University of St Thomas,"University of St. Thomas, Saint Paul"
0743339132046016512,148584,University of St Francis,University of St. Francis
0743339139901947904,215105,University of the Arts,University of the Arts
0743339152371613696,228635,University of Texas Southwestern Medical Center,University of Texas Southwestern Medical Center
0743339161209012224,156541,University of the Cumberlands,University of the Cumberlands
0743339164937748480,218645,University of South Carolina Aiken,University of South Carolina Aiken
0743339178321772544,131399,University of the District of Columbia,University of the District of Columbia
0743339197993058304,225627,University of the Incarnate Word,University of the Incarnate Word
0743339215227453440,107558,University of the Ozarks,University of the Ozarks
0743339219929268224,120883,University of the Pacific,University of the Pacific
0743339222718480384,488846,University of the People,University of the People
0743339232084361216,442639,University of the Potomac-VA Campus,"University of the Potomac, Falls Church"
0743339238006718464,384412,University of the Potomac-Washington DC Campus,"University of the Potomac, Washington, D.C."
0743339240368111616,188182,University of the Southwest,University of the Southwest
0743339250010816512,449870,University of the West,University of the West
0743339263663276032,243665,University of the Virgin Islands,"University of the Virgin Islands, Charlotte Amalie"
0743339267404595200,206084,University of Toledo,University of Toledo
0743339280000090112,207971,University of Tulsa,University of Tulsa
0743339284521549824,367954,University of St. Augustine for Health Sciences,University of St. Augustine for Health Sciences
0743339295015698432,230764,University of Utah,University of Utah
0743339301034524672,234076,University of Virginia-Main Campus,"University of Virginia, Charlottesville"
0743339304939421696,216542,University of Valley Forge,University of Valley Forge
0743339322291257344,236948,University of Washington-Seattle Campus,"University of Washington, Seattle"
0743339326389092352,377555,University of Washington-Bothell Campus,"University of Washington, Bothell"
0743339330927329280,233897,University of Virginia's College at Wise,University of Virginia's College at Wise
0743339343157919744,377564,University of Washington-Tacoma Campus,"University of Washington, Tacoma"
0743339356055404544,227863,University of St Thomas,"University of St. Thomas, Houston"
0743339360383926272,101587,University of West Alabama,University of West Alabama
0743339365819744256,138354,University of West Florida,University of West Florida
0743339385784631296,210438,University of Western States,University of Western States
0743339393758003200,231174,University of Vermont,University of Vermont
0743339398191382528,484862,University of West Los Angeles,"University of West Los Angeles, Inglewood"
0743339402217914368,240268,University of Wisconsin-Eau Claire,"University of Wisconsin, Eau Claire"
0743339411751567360,141334,University of West Georgia,University of West Georgia
0743339423722110976,240329,University of Wisconsin-La Crosse,"University of Wisconsin, La Crosse"
0743339427434070016,240277,University of Wisconsin-Green Bay,"University of Wisconsin, Green Bay"
0743339448325898240,240453,University of Wisconsin-Milwaukee,"University of Wisconsin, Milwaukee"
0743339452495036416,240444,University of Wisconsin-Madison,"University of Wisconsin, Madison"
0743339457809219584,491288,University of Wisconsin-Milwaukee Flex,"University of Wisconsin, Milwaukee, Flex"
0743339461063999488,240374,University of Wisconsin-Parkside,"University of Wisconsin, Kenosha"
0743339469133840384,240365,University of Wisconsin-Oshkosh,"University of Wisconsin, Oshkosh"
0743339486707974144,240462,University of Wisconsin-Platteville,"University of Wisconsin, Platteville"
0743339490440904704,240417,University of Wisconsin-Stout,"University of Wisconsin, Menomonie"
0743339494836535296,240480,University of Wisconsin-Stevens Point,"University of Wisconsin, Stevens Point"
0743339498804346880,491297,University of Wisconsin-Parkside Flex,"University of Wisconsin, Parkside"
0743339520123994112,240471,University of Wisconsin-River Falls,"University of Wisconsin, River Falls"
0743339525954076672,240426,University of Wisconsin-Superior,"University of Wisconsin, Superior"
0743339531364728832,240189,University of Wisconsin-Whitewater,"University of Wisconsin, Whitewater"
0743339536330784768,240435,University of Wisconsin-System Administration,"University of Wisconsin, Madison"
0743339554135605248,183327,University System of New Hampshire System Office,University System of New Hampshire
0743339558204080128,240727,University of Wyoming,University of Wyoming
0743339562062839808,404480,University System of Maryland-Research Centers,"University System of Maryland, Baltimore"
0743339576524800000,440004,Upper Valley Educators Institute,Upper Valley Educators Institute
0743339579792162816,154493,Upper Iowa University,Upper Iowa University
0743339591687208960,164146,University System of Maryland,University System of Maryland
0743339606736371712,498924,URBE University,"URBE University, Sweetwater"
0743339608695111680,456171,Urbana Theological Seminary,Urbana Theological Seminary
0743339613245931520,494685,Urshan College,"Urshan College, Wentzville"
0743339617213743104,196307,Upstate Medical University,Upstate Medical University
0743339645764370432,455099,Urshan Graduate School of Theology,Urshan Graduate School of Theology
0743339647190433792,230728,Utah State University,Utah State University
0743339651820945408,446604,Uta Mesivta of Kiryas Joel,Uta Mesivta of Kiryas Joel
0743339656183021568,206349,Ursuline College,Ursuline College
0743339659848843264,216524,Ursinus College,Ursinus College
0743339676361818112,197045,Utica University,Utica University
0743339684934975488,141264,Valdosta State University,Valdosta State University
0743339693193560064,230737,Utah Valley University,Utah Valley University
0743339706112016384,230171,Utah Tech University,Utah Tech University
0743339709534568448,200572,Valley City State University,Valley City State University
0743339718938198016,138187,Valencia College,Valencia College
0743339726672494592,377661,Valley College-Martinsburg,"Valley College, Martinsburg"
0743339735199514624,486257,Valor Christian College,"Valor Christian College, Canal Winchester"
0743339739477704704,221999,Vanderbilt University,Vanderbilt University
0743339743357435904,149639,VanderCook College of Music,VanderCook College of Music
0743339752194834432,188340,Vaughn College of Aeronautics and Technology,Vaughn College of Aeronautics and Technology
0743339763590758400,197133,Vassar College,Vassar College
0743339777452933120,482228,Veritas Baptist College,"Veritas Baptist College, Lawrenceburg"
0743339781559156736,455992,Vermont College of Fine Arts,Vermont College of Fine Arts
0743339789566083072,123651,Vanguard University of Southern California,"Vanguard University, Costa Mesa"
0743339802513899520,231147,Vermont Law and Graduate School,Vermont Law School
0743339810818621440,231165,Vermont State University,Vermont State University
0743339819567939584,231156,Vermont State Colleges-Office of the Chancellor,"Vermont State Colleges, Office of the Chancellor"
0743339823384756224,216597,Villanova University,Villanova University
0743339828795408384,197142,Villa Maria College,"Villa Maria College, Buffalo"
0743339844754735104,152637,Vincennes University,Vincennes University
0743339853390807040,449834,Virginia Beach Theological Seminary,Virginia Beach Theological Seminary
0743339861762637824,234085,Virginia Military Institute,Virginia Military Institute
0743339869912170496,234030,Virginia Commonwealth University,Virginia Commonwealth University
0743339875066970112,234155,Virginia State University,Virginia State University
0743339883031953408,233921,Virginia Polytechnic Institute and State University,Virginia Polytechnic Institute and State University
0743339896927682560,490106,Virginia University of Integrative Medicine,Virginia University of Integrative Medicine
0743339900463480832,234164,Virginia Union University,Virginia Union University
0743339908277469184,234137,Virginia University of Lynchburg,Virginia University of Lynchburg
0743339916502499328,234173,Virginia Wesleyan University,Virginia Wesleyan University
0743339920952655872,449764,Visible Music College,Visible Music College
0743339942423298048,218919,Voorhees University,Voorhees University
0743339946248503296,226879,Wade College,Wade College
0743339950488944640,152673,Wabash College,Wabash College
0743339954662277120,240107,Viterbo University,Viterbo University
0743339971858923520,197197,Wagner College,Wagner College
0743339975671545856,199847,Wake Forest University,Wake Forest University
0743339984622190592,125231,Walden University,Walden University
0743339997561618432,236896,Walla Walla University,Walla Walla University
0743340002481537024,215637,Walnut Hill College,Walnut Hill College
0743340005102977024,154518,Waldorf University,Waldorf University
0743340022224125952,172608,Walsh College,Walsh College
0743340031409651712,236887,Walla Walla Community College,Walla Walla Community College
0743340034987393024,206437,Walsh University,Walsh University
0743340039152336896,210304,Warner Pacific University,Warner Pacific University
0743340052393754624,199865,Warren Wilson College,Warren Wilson College
0743340056281874432,154527,Wartburg College,Wartburg College
0743340069351325696,480198,Warner Pacific University Professional and Graduate Studies,"Warner Pacific University, Portland"
0743340081443504128,154536,Wartburg Theological Seminary,Wartburg Theological Seminary
0743340086019489792,216667,Washington & Jefferson College,Washington &amp; Jefferson College
0743340090226376704,156082,Washburn University,Washburn University
0743340106806460416,152600,Valparaiso University,Valparaiso University
0743340115287343104,234207,Washington and Lee University,Washington and Lee University
0743340119712333824,164216,Washington College,"Washington College, Chestertown"
0743340123638202368,162210,Washington Adventist University,Washington Adventist University
0743340140503498752,236939,Washington State University,Washington State University
0743340149298954240,179867,Washington University in St Louis,Washington University in St. Louis
0743340153291931648,483780,Washington University of Science and Technology,"Washington University of Science and Technology, Vienna"
0743340161663762432,206446,Washington State Community College,"Washington State Community College, Marietta"
0743340165765791744,199883,Watts College of Nursing,"Watts College of Nursing, Durham"
0743340182656253952,138275,Warner University,Warner University
0743340186762477568,172644,Wayne State University,Wayne State University
0743340191866945536,229780,Wayland Baptist University,"Wayland Baptist University, Plainview"
0743340216927911936,216694,Waynesburg University,Waynesburg University
0743340220497264640,197221,Webb Institute,Webb Institute
0743340225647869952,229799,Weatherford College,Weatherford College
0743340228940398592,181783,Wayne State College,"Wayne State College, Nebraska"
0743340233617047552,138293,Webber International University,Webber International University
0743340254462738432,230782,Weber State University,Weber State University
0743340259156164608,179894,Webster University,Webster University
0743340267498635264,168218,Wellesley College,Wellesley College
0743340271529361408,220206,Welch College,Welch College
0743340275526533120,190424,Weill Medical College of Cornell University,Weill Medical College of Cornell University
0743340292542824448,197230,Wells College,"Wells College, Aurora"
0743340300730105856,168227,Wentworth Institute of Technology,Wentworth Institute of Technology
0743340309433286656,176451,Wesley Biblical Seminary,Wesley Biblical Seminary
0743340313866665984,131973,Wesley Theological Seminary,Wesley Theological Seminary
0743340322204942336,236975,Wenatchee Valley College,Wenatchee Valley College
0743340334787854336,141325,Wesleyan College,Wesleyan College
0743340339170902016,130697,Wesleyan University,Wesleyan University
0743340342962552832,216764,West Chester University of Pennsylvania,West Chester University
0743340359832043520,477039,West Coast University-Dallas,"West Coast University, Richardson"
0743340368480698368,485272,West Coast University-Miami,"West Coast University, Miami"
0743340380635791360,489858,West Coast University-Center for Graduate Studies,"West Coast University, Center for Graduate Studies"
0743340389242503168,443331,West Coast University-Los Angeles,"West Coast University, Los Angeles"
0743340393755574272,458210,West Coast University-Orange County,"West Coast University, Orange County"
0743340398553858048,237932,West Liberty University,West Liberty University
0743340401707974656,458229,West Coast University-Ontario,"West Coast University, Ontario"
0743340423547715584,229814,West Texas A & M University,"West Texas A, M. University"
0743340427796545536,125471,West Los Angeles College,"West Los Angeles College, Culver City"
0743340431986655232,237880,West Virginia School of Osteopathic Medicine,West Virginia School of Osteopathic Medicine
0743340435711197184,237996,West Virginia Junior College-Morgantown,"West Virginia Junior College, Morgantown"
0743340457227976704,237686,West Virginia University at Parkersburg,West Virginia University at Parkersburg
0743340461179011072,238032,West Virginia University,West Virginia University
0743340469634727936,237905,West Virginia University Hospital Departments of Rad Tech and Nutrition,"West Virginia University Hospital, Morgantown"
0743340474248462336,237950,West Virginia University Institute of Technology,West Virginia University Institute of Technology
0743340483832446976,237899,West Virginia State University,"West Virginia State University, Institute"
0743340498944524288,490133,Westcliff University,Westcliff University
0743340503847665664,237969,West Virginia Wesleyan College,West Virginia Wesleyan College
0743340506964033536,130776,Western Connecticut State University,Western Connecticut State University
0743340515696574464,128391,Western Colorado University,Western Colorado University
0743340541428629504,433387,Western Governors University,Western Governors University
0743340542108106752,200004,Western Carolina University,Western Carolina University
0743340545119617024,157951,Western Kentucky University,Western Kentucky University
0743340549603328000,149772,Western Illinois University,Western Illinois University
0743340553705357312,172699,Western Michigan University,Western Michigan University
0743340571162050560,490373,Western Michigan University Homer Stryker M.D. School of Medicine,Western Michigan University Homer Stryker M. D. School of Medicine
0743340577541586944,188304,Western New Mexico University,Western New Mexico University
0743340587830214656,168254,Western New England University,Western New England University
0743340591596699648,182564,Western Nevada College,Western Nevada College
0743340600673173504,210429,Western Oregon University,Western Oregon University
0743340608814317568,210368,Western Seminary,Western Seminary
0743340621049102336,172705,Western Theological Seminary,Western Theological Seminary
0743340634173079552,224660,Western Technical College,"Western Technical College, El Paso"
0743340638220582912,224679,Western Technical College,"Western Technical College, El Paso"
0743340642440052736,112525,Western University of Health Sciences,Western University of Health Sciences
0743340646865043456,237011,Western Washington University,Western Washington University
0743340671783403520,240693,Western Wyoming Community College,Western Wyoming Community College
0743340676778819584,168263,Westfield State University,Westfield State University
0743340680213954560,179946,Westminster College,"Westminster College, Fulton"
0743340684160794624,216816,Westminster Theological Seminary,"Westminster Theological Seminary, Glenside"
0743340693111439360,216807,Westminster College,"Westminster College, New Wilmington"
0743340701579739136,125718,Westminster Theological Seminary in California,"Westminster Theological Seminary, Escondido"
0743340719267119104,230807,Westminster University,"Westminster College, Salt Lake City"
0743340722270240768,125727,Westmont College,Westmont College
0743340731480932352,237039,Whatcom Community College,Whatcom Community College
0743340735322914816,168281,Wheaton College (Massachusetts),"Wheaton College, Norton"
0743340743711522816,149781,Wheaton College,Wheaton College
0743340756172800000,238078,Wheeling University,Wheeling University
0743340764796289024,237057,Whitman College,Whitman College
0743340769057701888,237066,Whitworth University,Whitworth University
0743340781405732864,475200,Whitworth University-Adult Degree Programs,"Whitworth University, Spokane"
0743340790238937088,156125,Wichita State University,Wichita State University
0743340794542292992,206491,Wilberforce University,Wilberforce University
0743340802377252864,125763,Whittier College,Whittier College
0743340819259326464,216852,Widener University,Widener University
0743340824225382400,216931,Wilkes University,Wilkes University
0743340831829655552,229887,Wiley University,"Wiley University, Marshall"
0743340840528642048,231624,William & Mary,William & Mary
0743340844756500480,210401,Willamette University,Willamette University
0743340857817563136,176479,William Carey University,William Carey University
0743340863584731136,166717,William James College,William James College
0743340878835220480,187444,William Paterson University of New Jersey,William Paterson University of New Jersey
0743340887387406336,179955,William Jewell College,William Jewell College
0743340893578199040,122728,William Jessup University,William Jessup University
0743340896052838400,154590,William Penn University,William Penn University
0743340907759140864,199272,William Peace University,William Peace University
0743340913115267072,179964,William Woods University,William Woods University
0743340928869072896,168342,Williams College,Williams College
0743340933134680064,107877,Williams Baptist University,Williams Baptist University
0743340942018215936,443340,Williamson Christian College,Williamson Christian College
0743340947743440896,206507,Wilmington College,Wilmington College
0743340950155165696,131113,Wilmington University,Wilmington University
0743340963132342272,217013,Wilson College,Wilson College
0743340968580743168,206516,Winebrenner Theological Seminary,Winebrenner Theological Seminary
0743340991963987968,199999,Winston-Salem State University,Winston-Salem State University
0743340996758077440,218964,Winthrop University,Winthrop University
0743341002252615680,175272,Winona State University,Winona State University
0743341006505639936,199962,Wingate University,"Wingate University, Wingate"
0743341017469550592,240338,Wisconsin Lutheran College,Wisconsin Lutheran College
0743341025883324416,240213,Wisconsin School of Professional Psychology,Wisconsin School of Professional Psychology
0743341034615865344,218973,Wofford College,Wofford College
0743341044669612032,206525,Wittenberg University,Wittenberg University
0743341048222187520,491631,Women's Institute of Torah Seminary and College,Women's Institute of Torah Seminary and College
0743341063866941440,125897,Woodbury University,Woodbury University
0743341069009158144,488907,Wongu University of Oriental Medicine,Wongu University of Oriental Medicine
0743341076428881920,442064,Won Institute of Graduate Studies,Won Institute of Graduate Studies
0743341085585047552,168430,Worcester State University,Worcester State University
0743341093684248576,206613,Wright State University-Lake Campus,"Wright State University, Lake Campus"
0743341101930250240,401223,World Mission University,"World Mission University, Los Angeles"
0743341105923227648,168421,Worcester Polytechnic Institute,Worcester Polytechnic Institute
0743341119089147904,206622,Xavier University,Xavier University
0743341128610217984,160904,Xavier University of Louisiana,Xavier University of Louisiana
0743341136973660160,237109,Yakima Valley College,Yakima Valley College
0743341144502435840,206604,Wright State University-Main Campus,"Wright State University, Dayton"
0743341148646408192,106148,Yavapai College,Yavapai College
0743341158335250432,130794,Yale University,Yale University
0743341169768923136,490319,Yeshiva Bais Aharon,Yeshiva Bais Aharon
0743341179046723584,491622,Yeshiva Chemdas Hatorah,Yeshiva Chemdas Hatorah
0743341182666407936,197647,Yeshiva Derech Chaim,Yeshiva Derech Chaim
0743341195001856000,420325,Yeshiva D'monsey Rabbinical College,Yeshiva D'Monsey Rabbinical College
0743341198999027712,493716,Yeshiva Gedola Tiferes Yaakov Yitzchok,Yeshiva Gedola Tiferes Yaakov Yitzchok
0743341203575013376,491914,Yeshiva Gedola Tiferes Yerachmiel,Yeshiva Gedola Tiferes Yerachmiel
0743341219827941376,491640,Yeshiva Gedolah Keren Hatorah,Yeshiva Gedolah Keren Hatorah
0743341224131297280,491710,Yeshiva Gedolah of Cliffwood,Yeshiva Gedolah of Cliffwood
0743341228342378496,481410,Yeshiva Gedolah Kesser Torah,Yeshiva Gedolah Kesser Torah
0743341241025953792,488350,Yeshiva Gedolah Shaarei Shmuel,Yeshiva Gedolah Shaarei Shmuel
0743341245509664768,493707,Yeshiva Gedolah of Woodlake Village,Yeshiva Ohr Zechariah
0743341261808730112,476692,Yeshiva Gedolah Zichron Leyma,Yeshiva Gedolah Zichron Leyma
0743341265877204992,247773,Yeshiva Gedolah of Greater Detroit,Yeshiva Gedolah of Greater Detroit
0743341271002644480,491613,Yeshiva Gedolah Tiferes Boruch,Yeshiva Gedolah Tiferes Boruch
0743341279156371456,197601,Yeshiva Karlin Stolin,Yeshiva Karlin Stolin
0743341292120965120,190752,Yeshiva of Far Rockaway Derech Ayson Rabbinical Seminary,Yeshiva of Far Rockaway Derech Ayson Rabbinical Seminary
0743341295795175424,491057,Yeshiva Kollel Tifereth Elizer,"Yeshiva Kollel Tifereth Elizer, Brooklyn"
0743341312559808512,455257,Yeshiva of Machzikai Hadas,Yeshiva of Machzikai Hadas
0743341330033278976,493594,Yeshiva of Ocean,Yeshiva of Ocean
0743341338056982528,431983,Yeshiva of the Telshe Alumni,Yeshiva of the Telshe Alumni
0743341354972610560,126076,Yeshiva Ohr Elchonon Chabad West Coast Talmudical Seminary,Yeshiva Ohr Elchonon Chabad West Coast Talmudical Seminary
0743341364665647104,498809,Yeshiva of Kasho,Yeshiva of Kasho
0743341371691106304,490504,Yeshiva Ohr Naftoli,Yeshiva Ohr Naftoli
0743341386702520320,486017,Yeshiva Ohr Yisrael,Yeshiva Ohr Yisrael
0743341394403262464,441609,Yeshiva Shaarei Torah of Rockland,Yeshiva Shaarei Torah of Rockland
0743341404117270528,486026,Yeshiva Sholom Shachna,Yeshiva Sholom Shachna
0743341410236760064,451398,Yeshiva Toras Chaim,Yeshiva Toras Chaim
0743341418763780096,197708,Yeshiva University,Yeshiva University
0743341427127222272,494737,Yeshiva Yesoda Hatorah Vetz Chaim,Yeshiva Yesoda Hatorah Vetz Chaim
0743341436031729664,481438,Yeshiva Yesodei Hatorah,Yeshiva Yesodei Hatorah
0743341444827185152,487746,Yeshiva Zichron Aryeh,Yeshiva Zichron Aryeh
0743341452934774784,363712,Yeshivah Gedolah Rabbinical College,"Yeshivah Gedolah Rabbinical College, Miami Beach"
0743341473625276416,375230,Yeshiva Gedolah Imrei Yosef D'spinka,Yeshiva Gedolah Imrei Yosef D’spinka
0743341480126447616,451370,Yeshivas Be'er Yitzchok,Yeshivas Be'er Yitzchok
0743341492591919104,491765,Yeshivas Emek Hatorah,Yeshivas Emek Hatorah
0743341496408735744,405058,Yeshivas Novominsk,Yeshivas Novominsk
0743341509004230656,498906,Yeshivas Sanz Klauzenburg,"Yeshivas Sanz, Brooklyn"
0743341515425710080,493664,Yeshivat Hechal Shemuel,Yeshivat Hechal Shemuel
0743341522514083840,217040,Yeshivath Beth Moshe,Yeshivath Beth Moshe
0743341530604896256,197735,Yeshivath Viznitz,Yeshivath Viznitz
0743341538628599808,197744,Yeshivath Zichron Moshe,Yeshivath Zichron Moshe
0743341547013013504,401250,Yo San University of Traditional Chinese Medicine,Yo San University of Traditional Chinese Medicine
0743341555951075328,217059,York College of Pennsylvania,York College of Pennsylvania
0743341564218048512,181853,York University,York University
0743341572770234368,126100,Yosemite Community College District Office,"Yosemite Community College District, Modesto"
0743341586808569856,141361,Young Harris College,Young Harris College
0743341590411476992,197674,Yeshiva of Nitra Rabbinical College,Yeshiva of Nitra Rabbinical College
0743341601643823104,206695,Youngstown State University,Youngstown State University
0743341610216980480,204255,Zane State College,Zane State College
0743341614683914240,499088,"Adult & Community Education, Columbus City Schools - Fort Hayes Career","Adult & Community Education, Columbus City Schools, Fort Hayes Career"
0743341627178745856,499264,Alabama School of Nail Technology & Cosmetology - Saraland,"Alabama School of Nail Technology, Cosmetology"
0743341639732297728,499565,Alliant International University - Phoenix,"Alliant International University, Phoenix"
0743341643851104256,499644,Baker College - Royal Oak Campus,"Baker College, Royal Oak"
0743341652394901504,490276,Yeshiva Shaar Ephraim,Yeshiva Shaar Ephraim
0743341669646073856,499051,Bushnell University - Roseburg Campus,"Bushnell University, Roseburg"
0743341673110568960,499121,Casa Loma College - Casa Loma College,"Casa Loma College, Nashville"
0743341682778439680,499431,Cambridge College of Healthcare & Technology - Miami Gardens,"Cambridge College of Healthcare and Technology, Miami Gardens"
0743341685794144256,499112,College of the Marshall Islands - Kwajalein Campus,"College of the Marshall Islands, Kwajalein Campus"
0743341702743326720,499699,Dragon Rises College of Oriental Medicine - Bradenton,"Dragon Rises College of Oriental Medicine, Bradenton"
0743341711211626496,499246,Georgia Military College - Rockdale,"Georgia Military College, Conyers"
0743341720510398464,499459,College Unbound - Newport/Aquidneck Island,"College Unbound, Newport/Aquidneck Island"
0743341728383107072,499592,"Indian Capital Technology Center, School District Number 4 - Coweta","Indian Capital Technology Center, Coweta"
0743341745772691456,499024,Jersey College - Jenkintown,"Jersey College, Jenkintown"
0743341757390913536,498979,Jersey College - Cleveland,"Jersey College, Cleveland"
0743341766609993728,499015,Jersey College - Knoxville,"Jersey College, Knoxville"
0743341782816784384,498988,Jersey College - Melbourne,"Jersey College, Melbourne"
0743341791440273408,499006,Jersey College - Tucson,"Jersey College, Tucson"
0743341795684909056,498997,Jersey College - Scranton,"Jersey College, Scranton"
0743341816497045504,499653,Life Chiropractic College West - Bellevue University,"Life Chiropractic College West, Bellevue University"
0743341829436473344,197692,Yeshivath Shaar Hatorah,"Yeshivath Shaar Hatorah, Kew Gardens"
0743341850407993344,499501,New Gloucester-Unity College,"New Gloucester, Unity College"
0743341867063574528,434937,Yeshiva College of the Nations Capital,"Yeshiva College of the National Capital, Silver Spring, MD"
0743341871664726016,499343,Paul Mitchell The School Boise -Paul Mitchell The School Coeur d'Alene,"Paul Mitchell The School, Coeur d'Alene"
0743341875515097088,499714,Pearl River Community College - Hancock Workforce Academy Hangar,"Pearl River Community College, Hancock Workforce Academy"
0743341879805870080,499352,Paul Mitchell The School Great Lakes - Sarasota,"Paul Mitchell The School, Sarasota"
0743341904967499776,499158,Southeastern Baptist Theological Seminary-Nash County Extension Center,"Southeastern Baptist Theological Seminary, Nash County Extension"
0743341913339330560,499486,Porter and Chester Institute - New London 2,"Porter and Chester Institute, New London"
0743341919488180224,499167,Southeastern Baptist Theological Seminary-Wake County Extension Center,"Southeastern Baptist Theological Seminary, Wake County Extension Center"
0743341925590892544,499060,Tennessee College of Applied Technology-Jacksboro -,"Tennessee College of Applied Technology, Jacksboro"
0743341934952579072,499626,Unity Environmental University - Unity,"Unity Environmental University, Unity"
0743341981710680064,499440,Mystros Barber Academy - Missouri City,"Mystros Barber Academy, Missouri City"
