Id,UnitId,InstName,Alias,DisplayOrder,Popularity
0740039317484732416,110097,Biola University,Biola,0,0.699999988079071
0740039317501509632,108232,Academy of Art University,Academy of Art,0,0.6000000238418579
0740039317858025472,109785,Azusa Pacific University,Azusa Pacific,0,0.6000000238418579
0740039318193569792,109651,Art Center College of Design,ArtCenter,0,0.699999988079071
0740039319137288192,109819,Bakersfield College,Bakersfield,0,0.5
0740039319137288193,109819,Bakersfield College,BC,1,0.4000000059604645
0740039320521408512,110413,California Lutheran University,Cal Lutheran,0,0.6000000238418579
0740039321125388288,110404,California Institute of Technology,Caltech,0,1
0740039321150554112,110370,California College of the Arts,CCA,0,0.699999988079071
0740039322014580736,110398,University of California College of the Law-San Francisco,Cal Law,0,0.6000000238418579
0740039322014580737,110398,University of California College of the Law-San Francisco,UC Law SF,1,0.5
0740039322014580738,110398,University of California College of the Law-San Francisco,UCCLSF,2,0.30000001192092896
0740039322148798464,110361,California Baptist University,Cal Baptist,0,0.699999988079071
0740039322148798465,110361,California Baptist University,CBU,1,0.6000000238418579
0740039322257850368,110422,California Polytechnic State University-San Luis Obispo,Cal Poly,0,1
0740039322257850369,110422,California Polytechnic State University-San Luis Obispo,Cal Poly SLO,1,0.8999999761581421
0740039323071545344,110510,California State University-San Bernardino,CSUSB,0,0.699999988079071
0740039323713273856,110538,California State University-Chico,Chico State,0,0.699999988079071
0740039323751022592,110495,California State University-Stanislaus,Stan State,0,0.6000000238418579
0740039323889434624,110556,California State University-Fresno,Fresno State,0,0.800000011920929
0740039323973320704,110529,California State Polytechnic University-Pomona,Cal Poly Pomona,0,0.8999999761581421
0740039323973320705,110529,California State Polytechnic University-Pomona,CPP,1,0.699999988079071
0740039324996730880,110486,California State University-Bakersfield,CSUB,0,0.699999988079071
0740039324996730881,110486,California State University-Bakersfield,Bakersfield,1,0.5
0740039325332275200,110565,California State University-Fullerton,Cal State Fullerton,0,0.800000011920929
0740039325332275201,110565,California State University-Fullerton,CSUF,1,0.699999988079071
0740039325386801152,110583,California State University-Long Beach,Long Beach State,0,0.800000011920929
0740039325386801153,110583,California State University-Long Beach,CSULB,1,0.699999988079071
0740039325864951808,110592,California State University-Los Angeles,Cal State LA,0,0.800000011920929
0740039325864951809,110592,California State University-Los Angeles,CSULA,1,0.699999988079071
0740039326015946752,110574,California State University-East Bay,Cal State East Bay,0,0.699999988079071
0740039326015946753,110574,California State University-East Bay,CSUEB,1,0.6000000238418579
0740039326200496128,110608,California State University-Northridge,CSUN,0,0.800000011920929
0740039326200496129,110608,California State University-Northridge,Northridge,1,0.6000000238418579
0740039326292770816,110617,California State University-Sacramento,Sac State,0,0.699999988079071
0740039327014191104,110644,University of California-Davis,UC Davis,0,0.8999999761581421
0740039327014191105,110644,University of California-Davis,Davis,1,0.699999988079071
0740039327358124032,110653,University of California-Irvine,UCI,0,1
0740039327358124033,110653,University of California-Irvine,Irvine,1,0.699999988079071
0740039327794331648,110662,University of California-Los Angeles,UCLA,0,1
0740039327836274688,110635,University of California-Berkeley,UC Berkeley,0,0.8999999761581421
0740039327836274689,110635,University of California-Berkeley,Berkeley,1,0.800000011920929
0740039327836274690,110635,University of California-Berkeley,Cal,2,0.699999988079071
0740039328624803840,110699,University of California-San Francisco,UCSF,0,1
0740039329153286144,110671,University of California-Riverside,UCR,0,0.800000011920929
0740039329157480448,110671,University of California-Riverside,Riverside,1,0.699999988079071
0740039329174257664,110680,University of California-San Diego,UCSD,0,1
0740039329174257665,110680,University of California-San Diego,San Diego,1,0.800000011920929
0740039329568522240,110705,University of California-Santa Barbara,UCSB,0,1
0740039329568522241,110705,University of California-Santa Barbara,Santa Barbara,1,0.800000011920929
0740039329677574144,110714,University of California-Santa Cruz,UCSC,0,0.8999999761581421
0740039329677574145,110714,University of California-Santa Cruz,Santa Cruz,1,0.699999988079071
0740039330113781760,111188,California State University Maritime Academy,Cal Maritime,0,0.699999988079071
0740039330130558976,111081,California Institute of the Arts,CalArts,0,0.8999999761581421
0740039331565010944,111948,Chapman University,Chapman,0,0.699999988079071
0740039331686645760,112075,Concordia University-Irvine,Concordia Irvine,0,0.5
0740039333783797760,112260,Claremont McKenna College,Claremont McKenna,0,0.699999988079071
0740039333783797761,112260,Claremont McKenna College,CMC,1,0.6000000238418579
0740039333850906624,114354,FIDM-Fashion Institute of Design & Merchandising,FIDM,0,0.800000011920929
0740039337088909312,115409,Harvey Mudd College,Harvey Mudd,0,0.800000011920929
0740039337088909313,115409,Harvey Mudd College,Mudd,1,0.699999988079071
0740039339110563840,117636,Loma Linda University,Loma Linda,0,0.699999988079071
0740039340729565184,117946,Loyola Marymount University,LMU,0,0.800000011920929
0740039341102858240,119270,Musicians Institute,MI,0,0.699999988079071
0740039341375488000,119058,Middlebury Institute of International Studies at Monterey,Middlebury Institute,0,0.699999988079071
0740039341375488001,119058,Middlebury Institute of International Studies at Monterey,MIIS,1,0.6000000238418579
0740039341782335488,118976,Modesto Junior College,MJC,0,0.6000000238418579
0740039341782335489,118976,Modesto Junior College,Modesto JC,1,0.5
0740039343632023552,119678,Naval Postgraduate School,NPS,0,0.699999988079071
0740039343963373568,120403,Otis College of Art and Design,Otis,0,0.699999988079071
0740039345762729984,120254,Occidental College,Occidental,0,0.6000000238418579
0740039346085691392,121150,Pepperdine University,Pepperdine,0,0.800000011920929
0740039346173771776,121619,Santa Ana College,Santa Ana,0,0.5
0740039346261852160,121309,Point Loma Nazarene University,PLNU,0,0.699999988079071
0740039346404458496,121345,Pomona College,Pomona,0,0.800000011920929
0740039348749074432,121691,University of Redlands,Redlands,0,0.5
0740039349273362432,122375,San Diego Mesa College,Mesa,0,0.6000000238418579
0740039350028337152,122409,San Diego State University,SDSU,0,1
0740039350028337153,122409,San Diego State University,San Diego State,1,0.800000011920929
0740039350984638464,122436,University of San Diego,USD,0,0.800000011920929
0740039352536530944,122755,San Jose State University,SJSU,0,0.8999999761581421
0740039352536530945,122755,San Jose State University,San Jose State,1,0.800000011920929
0740039352800772096,122977,Santa Monica College,Santa Monica,0,0.699999988079071
0740039352804966400,122977,Santa Monica College,SMC,1,0.6000000238418579
0740039353312477184,122612,University of San Francisco,USF,0,0.8999999761581421
0740039353694158848,122597,San Francisco State University,SFSU,0,0.699999988079071
0740039355556429824,123572,Sonoma State University,Sonoma State,0,0.699999988079071
0740039355829059584,120883,University of the Pacific,Pacific,0,0.6000000238418579
0740039355967471616,123554,Saint Mary's College of California,Saint Mary's,0,0.6000000238418579
0740039355967471617,123554,Saint Mary's College of California,St. Mary's,1,0.6000000238418579
0740039356391096320,123961,University of Southern California,USC,0,1
0740039356672114688,123952,Southern California Institute of Architecture,SCI-Arc,0,0.800000011920929
0740039361160019968,243744,Stanford University,Stanford,0,1
0740039362397339648,122931,Santa Clara University,Santa Clara,0,0.699999988079071
0740039364486103040,409698,California State University-Monterey Bay,CSUMB,0,0.699999988079071
0740039367661191168,441937,California State University-Channel Islands,CSU Channel Islands,0,0.6000000238418579
0740039367661191169,441937,California State University-Channel Islands,Channel Islands,1,0.5
0740039370018390016,445188,University of California-Merced,UC Merced,0,0.800000011920929
0740039374992834560,366711,California State University-San Marcos,CSUSM,0,0.699999988079071
0740039405380567040,461148,New York Film Academy,NYFA,0,0.800000011920929
0740040817950851072,100724,Alabama State University,Alabama State,0,0.699999988079071
0740040817955045376,100706,University of Alabama in Huntsville,UAH,0,0.699999988079071
0740040818168954880,100858,Auburn University,Auburn,0,0.800000011920929
0740040818206703616,100654,Alabama A & M University,Alabama A&M,0,0.699999988079071
0740040818210897920,100663,University of Alabama at Birmingham,UAB,0,0.800000011920929
0740040818319949824,100830,Auburn University at Montgomery,AUM,0,0.6000000238418579
0740040818420613120,100733,University of Alabama System Office,Alabama,0,0.800000011920929
0740040818420613121,100733,University of Alabama System Office,UA,1,0.699999988079071
0740040819175587840,100751,The University of Alabama,Alabama,0,0.8999999761581421
0740040819175587841,100751,The University of Alabama,Bama,1,0.800000011920929
0740040820568096768,101587,University of West Alabama,UWA,0,0.5
0740040821608284160,101480,Jacksonville State University,JSU,0,0.699999988079071
0740040821885108224,101693,University of Mobile,Mobile,0,0.4000000059604645
0740040821935439872,102049,Samford University,Samford,0,0.699999988079071
0740040822082240512,101709,University of Montevallo,Montevallo,0,0.5
0740040822191292416,101879,University of North Alabama,UNA,0,0.699999988079071
0740040822849798144,102094,University of South Alabama,South Alabama,0,0.699999988079071
0740040822849798145,102094,University of South Alabama,USA,1,0.6000000238418579
0740040823797710848,102368,Troy University,Troy,0,0.699999988079071
0740040823898374144,102377,Tuskegee University,Tuskegee,0,0.699999988079071
0740040824464605184,102553,University of Alaska Anchorage,UAA,0,0.699999988079071
0740040825299271680,102614,University of Alaska Fairbanks,UAF,0,0.699999988079071
0740040825299271681,102614,University of Alaska Fairbanks,Alaska Fairbanks,1,0.5
0740040826456899584,104151,Arizona State University Campus Immersion,ASU,0,1
0740040826456899585,104151,Arizona State University Campus Immersion,Arizona State,1,0.800000011920929
0740040826914078720,104717,Grand Canyon University,GCU,0,0.800000011920929
0740040826914078721,104717,Grand Canyon University,Grand Canyon,1,0.699999988079071
0740040826947633152,104586,Embry-Riddle Aeronautical University-Prescott,Embry-Riddle,0,0.800000011920929
0740040826947633153,104586,Embry-Riddle Aeronautical University-Prescott,ERAU Prescott,1,0.699999988079071
0740040827140571136,103529,University of Alaska System of Higher Education,UAF,0,0.699999988079071
0740040827140571137,103529,University of Alaska System of Higher Education,Alaska,1,0.6000000238418579
0740040827228651520,105330,Northern Arizona University,NAU,0,0.800000011920929
0740040828927344640,106263,University of Arkansas for Medical Sciences,UAMS,0,0.699999988079071
0740040829002842112,106245,University of Arkansas at Little Rock,UALR,0,0.699999988079071
0740040830152081408,106412,University of Arkansas at Pine Bluff,UAPB,0,0.699999988079071
0740040830202413056,106397,University of Arkansas,Arkansas,0,0.800000011920929
0740040830202413057,106397,University of Arkansas,UArk,1,0.699999988079071
0740040831104188416,106467,Arkansas Tech University,Arkansas Tech,0,0.699999988079071
0740040831125159936,106458,Arkansas State University,A-State,0,0.800000011920929
0740040831125159937,106458,Arkansas State University,Arkansas State,1,0.699999988079071
0740040832152764416,107071,Henderson State University,Henderson,0,0.5
0740040832429588480,107044,Harding University,Harding,0,0.699999988079071
0740040832874184704,106704,University of Central Arkansas,UCA,0,0.699999988079071
0740040832874184705,106704,University of Central Arkansas,Central Arkansas,1,0.6000000238418579
0740040833784348672,107983,Southern Arkansas University Main Campus,SAU,0,0.699999988079071
0740040834677735424,108092,University of Arkansas-Fort Smith,UAFS,0,0.6000000238418579
0740040836384817152,126580,University of Colorado Colorado Springs,UCCS,0,0.699999988079071
0740040836762304512,126775,Colorado School of Mines,Mines,0,0.800000011920929
0740040836980408320,126562,University of Colorado Denver/Anschutz Medical Campus,CU Denver,0,0.800000011920929
0740040836980408321,126614,University of Colorado Boulder,CU Boulder,0,0.8999999761581421
0740040836980408322,126562,University of Colorado Denver/Anschutz Medical Campus,Anschutz,1,0.699999988079071
0740040836980408323,126614,University of Colorado Boulder,Colorado,1,0.699999988079071
0740040837236260864,126678,Colorado College,Colorado College,0,0.699999988079071
0740040838981091328,126818,Colorado State University-Fort Collins,CSU,0,0.800000011920929
0740040838985285632,126818,Colorado State University-Fort Collins,Colorado State,1,0.699999988079071
0740040839434076160,127060,University of Denver,DU,0,0.699999988079071
0740040839434076161,127060,University of Denver,Denver,1,0.6000000238418579
0740040839492796416,127185,Fort Lewis College,Fort Lewis,0,0.699999988079071
0740040840029667328,127565,Metropolitan State University of Denver,Metro State,0,0.699999988079071
0740040840029667329,127565,Metropolitan State University of Denver,MSU Denver,1,0.699999988079071
0740040840138719232,127556,Colorado Mesa University,CMU,0,0.6000000238418579
0740040840138719233,127556,Colorado Mesa University,Colorado Mesa,1,0.5
0740040841036300288,127741,University of Northern Colorado,Northern Colorado,0,0.699999988079071
0740040841036300289,127741,University of Northern Colorado,UNC,1,0.6000000238418579
0740040841778692096,104179,University of Arizona,UArizona,0,0.8999999761581421
0740040841778692097,104179,University of Arizona,Arizona,1,0.800000011920929
0740040842168762368,128106,Colorado State University Pueblo,CSU Pueblo,0,0.699999988079071
0740040843393499136,128391,Western Colorado University,Western Colorado,0,0.6000000238418579
0740040844056199168,128902,Connecticut College,Conn College,0,0.6000000238418579
0740040844173639680,128328,United States Air Force Academy,Air Force,0,0.8999999761581421
0740040844173639681,128328,United States Air Force Academy,USAFA,1,0.800000011920929
0740040844735676416,128771,Central Connecticut State University,CCSU,0,0.6000000238418579
0740040844735676417,128771,Central Connecticut State University,Central Connecticut,1,0.5
0740040845184466944,129242,Fairfield University,Fairfield,0,0.5
0740040845377404928,129525,University of Hartford,Hartford,0,0.5
0740040845641646080,129020,University of Connecticut,UConn,0,0.800000011920929
0740040846769913856,129215,Eastern Connecticut State University,ECSU,0,0.6000000238418579
0740040846769913857,129215,Eastern Connecticut State University,Eastern,1,0.5
0740040847302590464,130226,Quinnipiac University,Quinnipiac,0,0.699999988079071
0740040847373893632,129941,University of New Haven,New Haven,0,0.6000000238418579
0740040847575220224,130590,Trinity College,Trinity,0,0.699999988079071
0740040848321806336,130697,Wesleyan University,Wesleyan,0,0.699999988079071
0740040848762208256,130624,United States Coast Guard Academy,Coast Guard Academy,0,0.800000011920929
0740040848762208257,130624,United States Coast Guard Academy,USCGA,1,0.699999988079071
0740040849252941824,130794,Yale University,Yale,0,1
0740040850221826048,130934,Delaware State University,DSU,0,0.699999988079071
0740040850226020352,130934,Delaware State University,Del State,1,0.6000000238418579
0740040850263769088,131159,American University,American,0,0.699999988079071
0740040850788057088,131113,Wilmington University,Wilmington,0,0.5
0740040851824050176,131283,The Catholic University of America,CUA,0,0.699999988079071
0740040851824050177,131283,The Catholic University of America,Catholic,1,0.6000000238418579
0740040851983433728,131450,Gallaudet University,Gallaudet,0,0.699999988079071
0740040852029571072,130943,University of Delaware,UDel,0,0.6000000238418579
0740040852029571073,130943,University of Delaware,UD,1,0.5
0740040852121845760,131496,Georgetown University,Georgetown,0,0.800000011920929
0740040852503527424,131520,Howard University,Howard,0,0.800000011920929
0740040853262696448,131469,George Washington University,GWU,0,0.8999999761581421
0740040853262696449,131469,George Washington University,GW,1,0.800000011920929
0740040854701342720,132709,Broward College,Broward,0,0.6000000238418579
0740040855791861760,132602,Bethune-Cookman University,Bethune-Cookman,0,0.699999988079071
0740040855791861761,132602,Bethune-Cookman University,BCU,1,0.6000000238418579
0740040856844632064,132903,University of Central Florida,UCF,0,1
0740040856844632065,132903,University of Central Florida,Central Florida,1,0.699999988079071
0740040858056785920,133553,Embry-Riddle Aeronautical University-Daytona Beach,Embry-Riddle,0,0.8999999761581421
0740040858056785921,133553,Embry-Riddle Aeronautical University-Daytona Beach,ERAU,1,0.800000011920929
0740040858467827712,133669,Florida Atlantic University,FAU,0,0.800000011920929
0740040858576879616,133650,Florida Agricultural and Mechanical University,FAMU,0,0.8999999761581421
0740040858874675200,133881,Florida Institute of Technology,Florida Tech,0,0.800000011920929
0740040858878869504,133951,Florida International University,FIU,0,1
0740040859046641664,130253,Sacred Heart University,Sacred Heart,0,0.699999988079071
0740040860816637952,134130,University of Florida,UF,0,1
0740040860816637953,134130,University of Florida,Florida,1,0.8999999761581421
0740040861223485440,134097,Florida State University,FSU,0,1
0740040861223485441,134097,Florida State University,Florida State,1,0.800000011920929
0740040861307371520,134945,Jacksonville University,JU,0,0.6000000238418579
0740040863358386176,135717,Miami Dade College,Miami Dade,0,0.699999988079071
0740040863358386177,135717,Miami Dade College,MDC,1,0.6000000238418579
0740040863396134912,136172,University of North Florida,UNF,0,0.699999988079071
0740040863551324160,136215,Nova Southeastern University,Nova,0,0.699999988079071
0740040864042057728,135726,University of Miami,Miami,0,0.8999999761581421
0740040864046252032,135726,University of Miami,UM,1,0.699999988079071
0740040865325514752,137078,St Petersburg College,St. Pete College,0,0.5
0740040865602338816,136774,Ringling College of Art and Design,Ringling,0,0.800000011920929
0740040867405889536,137476,St. Thomas University,St. Thomas,0,0.6000000238418579
0740040867431055360,137847,The University of Tampa,Tampa,0,0.699999988079071
0740040868106338304,137351,University of South Florida,USF,0,1
0740040868106338305,137351,University of South Florida,South Florida,1,0.800000011920929
0740040868471242752,137546,Stetson University,Stetson,0,0.699999988079071
0740040869477875712,138354,University of West Florida,UWF,0,0.6000000238418579
0740040869712756736,138558,Abraham Baldwin Agricultural College,ABAC,0,0.699999988079071
0740040870824247296,138947,Clark Atlanta University,Clark Atlanta,0,0.699999988079071
0740040871004602368,138716,Albany State University,Albany State,0,0.699999988079071
0740040871382089728,139144,Berry College,Berry,0,0.6000000238418579
0740040873647013888,139311,Clayton  State University,Clayton State,0,0.6000000238418579
0740040873714122752,139366,Columbus State University,Columbus State,0,0.699999988079071
0740040874154524672,139393,Covenant College,Covenant,0,0.6000000238418579
0740040874993385472,139658,Emory University,Emory,0,0.800000011920929
0740040876473974784,139719,Fort Valley State University,Fort Valley State,0,0.699999988079071
0740040876931153920,139755,Georgia Institute of Technology-Main Campus,Georgia Tech,0,1
0740040876931153921,139755,Georgia Institute of Technology-Main Campus,Tech,1,0.800000011920929
0740040876964708352,139931,Georgia Southern University,Georgia Southern,0,0.800000011920929
0740040876964708353,139931,Georgia Southern University,GSU,1,0.699999988079071
0740040877203783680,139940,Georgia State University,Georgia State,0,0.800000011920929
0740040877954564096,139959,University of Georgia,UGA,0,1
0740040877954564097,139959,University of Georgia,Georgia,1,0.8999999761581421
0740040878025867264,139861,Georgia College & State University,Georgia College,0,0.699999988079071
0740040878701150208,140252,Life University,Life,0,0.5
0740040879057666048,140553,Morehouse College,Morehouse,0,0.800000011920929
0740040879103803392,140447,Mercer University,Mercer,0,0.699999988079071
0740040880966074368,140960,Savannah State University,Savannah State,0,0.699999988079071
0740040880982851584,140951,Savannah College of Art and Design,SCAD,0,1
0740040881263869952,141060,Spelman College,Spelman,0,0.699999988079071
0740040881976901632,141264,Valdosta State University,Valdosta State,0,0.699999988079071
0740040882866094080,141334,University of West Georgia,West Georgia,0,0.699999988079071
0740040883969196032,141565,University of Hawaii at Hilo,UH Hilo,0,0.800000011920929
0740040883969196033,141574,University of Hawaii at Manoa,Hawaii,0,0.800000011920929
0740040883969196034,141565,University of Hawaii at Hilo,Hilo,1,0.699999988079071
0740040883969196035,141574,University of Hawaii at Manoa,UH Manoa,1,0.699999988079071
0740040884287963136,141963,University of Hawaii System Office,Hawaii,0,0.699999988079071
0740040884287963137,141963,University of Hawaii System Office,UH,1,0.6000000238418579
0740040884682227712,141981,University of Hawaii-West Oahu,UH West Oahu,0,0.699999988079071
0740040884682227713,141981,University of Hawaii-West Oahu,UHWO,1,0.6000000238418579
0740040884787085312,142276,Idaho State University,ISU,0,0.699999988079071
0740040885428813824,141839,University of Hawaii Maui College,Maui College,0,0.6000000238418579
0740040886364143616,142294,The College of Idaho,College of Idaho,0,0.699999988079071
0740040886364143617,142294,The College of Idaho,C of I,1,0.5
0740040886997483520,142522,Brigham Young University-Idaho,BYU-Idaho,0,0.800000011920929
0740040886997483521,142522,Brigham Young University-Idaho,BYU-I,1,0.699999988079071
0740040887270113280,142285,University of Idaho,UIdaho,0,0.699999988079071
0740040887270113281,142285,University of Idaho,Idaho,1,0.6000000238418579
0740040888150917120,142115,Boise State University,Boise State,0,0.800000011920929
0740040888150917121,142115,Boise State University,BSU,1,0.699999988079071
0740040888746508288,143048,School of the Art Institute of Chicago,SAIC,0,0.800000011920929
0740040891351171072,144050,University of Chicago,UChicago,0,0.8999999761581421
0740040891351171073,144050,University of Chicago,Chicago,1,0.699999988079071
0740040891535720448,144281,Columbia College Chicago,Columbia College,0,0.699999988079071
0740040891535720449,144281,Columbia College Chicago,Columbia Chicago,1,0.5
0740040892005482496,144962,Elmhurst University,Elmhurst,0,0.5
0740040892185837568,144740,DePaul University,DePaul,0,0.800000011920929
0740040893448323072,144892,Eastern Illinois University,EIU,0,0.699999988079071
0740040898775089152,145600,University of Illinois Chicago,UIC,0,0.8999999761581421
0740040898775089153,145600,University of Illinois Chicago,Illinois Chicago,1,0.6000000238418579
0740040905532112896,145813,Illinois State University,Illinois State,0,0.699999988079071
0740040905532112897,145813,Illinois State University,ISU,1,0.6000000238418579
0740040908635897856,146719,Loyola University Chicago,Loyola Chicago,0,0.800000011920929
0740040908635897857,146719,Loyola University Chicago,Loyola,1,0.699999988079071
0740040909072105472,145637,University of Illinois Urbana-Champaign,Illinois,0,0.8999999761581421
0740040909072105473,145637,University of Illinois Urbana-Champaign,UIUC,1,0.8999999761581421
0740040909072105474,145637,University of Illinois Urbana-Champaign,U of I,2,0.800000011920929
0740040924666527744,147767,Northwestern University,Northwestern,0,0.8999999761581421
0740040925899653120,147703,Northern Illinois University,NIU,0,0.699999988079071
0740040931553574912,147828,Olivet Nazarene University,Olivet,0,0.699999988079071
0740040937157165056,148654,University of Illinois Springfield,UIS,0,0.699999988079071
0740040937702424576,148627,Saint Xavier University,St. Xavier,0,0.5
0740040943431843840,149222,Southern Illinois University-Carbondale,SIU,0,0.699999988079071
0740040943431843841,149222,Southern Illinois University-Carbondale,Southern Illinois,1,0.6000000238418579
0740040944060989440,149231,Southern Illinois University-Edwardsville,SIUE,0,0.800000011920929
0740040947349323776,149240,Southern Illinois University-System Office,SIU,0,0.800000011920929
0740040947349323777,149240,Southern Illinois University-System Office,SIU Carbondale,1,0.699999988079071
0740040952403460096,149772,Western Illinois University,WIU,0,0.6000000238418579
0740040952407654400,149772,Western Illinois University,Western Illinois,1,0.5
0740040955733737472,150163,Butler University,Butler,0,0.699999988079071
0740040956102836224,150400,DePauw University,DePauw,0,0.699999988079071
0740040959852544000,149781,Wheaton College,Wheaton,0,0.699999988079071
0740040960221642752,150136,Ball State University,Ball State,0,0.699999988079071
0740040965942673408,151111,Indiana University-Indianapolis,IUPUI,0,0.800000011920929
0740040966508904448,151263,University of Indianapolis,UIndy,0,0.6000000238418579
0740040968580890624,151306,University of Southern Indiana,USI,0,0.699999988079071
0740040968807383040,151324,Indiana State University,Indiana State,0,0.699999988079071
0740040969834987520,151351,Indiana University-Bloomington,IU,0,1
0740040969834987521,151351,Indiana University-Bloomington,Indiana,1,0.8999999761581421
0740040969834987522,151351,Indiana University-Bloomington,Bloomington,2,0.699999988079071
0740040974129954816,151102,Purdue University Fort Wayne,PFW,0,0.5
0740040975434383360,151379,Indiana University-Southeast,IUS,0,0.5
0740040983453892608,152318,Rose-Hulman Institute of Technology,Rose-Hulman,0,0.800000011920929
0740040983470669824,152080,University of Notre Dame,Notre Dame,0,1
0740040984951259136,152390,Saint Mary's College,Saint Mary's,0,0.5
0740040984951259137,152390,Saint Mary's College,St. Mary's,1,0.5
0740040987224571904,152637,Vincennes University,Vincennes,0,0.5
0740040988084404224,150534,University of Evansville,Evansville,0,0.5
0740040989170728960,152673,Wabash College,Wabash,0,0.699999988079071
0740042275291136000,152530,Taylor University,Taylor,0,0.5
0740042276759142400,152600,Valparaiso University,Valpo,0,0.699999988079071
0740042294350053376,153162,Cornell College,Cornell College,0,0.699999988079071
0740042297730662400,153278,University of Dubuque,UDubuque,0,0.5
0740042298041040896,153269,Drake University,Drake,0,0.699999988079071
0740042310791725056,153384,Grinnell College,Grinnell,0,0.699999988079071
0740042315208327168,153603,Iowa State University,Iowa State,0,0.800000011920929
0740042315208327169,153603,Iowa State University,ISU,1,0.699999988079071
0740042317490028544,153658,University of Iowa,Iowa,0,0.800000011920929
0740042317490028545,153658,University of Iowa,UIowa,1,0.699999988079071
0740042333671653376,154095,University of Northern Iowa,UNI,0,0.699999988079071
0740042367867813888,155025,Emporia State University,Emporia State,0,0.6000000238418579
0740042370250178560,155061,Fort Hays State University,FHSU,0,0.699999988079071
0740042370250178561,155061,Fort Hays State University,Fort Hays,1,0.6000000238418579
0740042385601331200,155317,University of Kansas,KU,0,1
0740042385601331201,155317,University of Kansas,Kansas,1,0.800000011920929
0740042389439119360,155399,Kansas State University,K-State,0,0.8999999761581421
0740042389439119361,155399,Kansas State University,Kansas State,1,0.800000011920929
0740042402022031360,155681,Pittsburg State University,Pitt State,0,0.699999988079071
0740042414651080704,156082,Washburn University,Washburn,0,0.6000000238418579
0740042417280909312,156125,Wichita State University,Wichita State,0,0.699999988079071
0740042417280909313,156125,Wichita State University,WSU,1,0.6000000238418579
0740042431763841024,156286,Bellarmine University,Bellarmine,0,0.6000000238418579
0740042440672542720,156541,University of the Cumberlands,Cumberlands,0,0.5
0740042442400595968,156620,Eastern Kentucky University,EKU,0,0.699999988079071
0740042444535496704,156745,Georgetown College,Georgetown College,0,0.699999988079071
0740042450915033088,157058,Kentucky State University,Kentucky State,0,0.6000000238418579
0740042455876894720,157085,University of Kentucky,Kentucky,0,0.8999999761581421
0740042455876894721,157085,University of Kentucky,UK,1,0.800000011920929
0740042464135479296,157289,University of Louisville,Louisville,0,0.800000011920929
0740042464135479297,157289,University of Louisville,UofL,1,0.699999988079071
0740042472255651840,157401,Murray State University,Murray State,0,0.699999988079071
0740042474319249408,157386,Morehead State University,Morehead State,0,0.5
0740042480963026944,157447,Northern Kentucky University,NKU,0,0.699999988079071
0740042493759848448,157951,Western Kentucky University,WKU,0,0.800000011920929
0740042493759848449,157951,Western Kentucky University,Western Kentucky,1,0.699999988079071
0740042497815740416,158802,Dillard University,Dillard,0,0.699999988079071
0740042499749314560,159009,Grambling State University,Grambling,0,0.800000011920929
0740042506145628160,159391,Louisiana State University and Agricultural & Mechanical College,LSU,0,1
0740042512600662016,159568,Louisiana Christian University,LCU,0,0.5
0740042512856514560,159647,Louisiana Tech University,Louisiana Tech,0,0.800000011920929
0740042512856514561,159647,Louisiana Tech University,La Tech,1,0.699999988079071
0740042515238879232,159656,Loyola University New Orleans,Loyola New Orleans,0,0.800000011920929
0740042515238879233,159656,Loyola University New Orleans,Loyola,1,0.699999988079071
0740042516824326144,159717,McNeese State University,McNeese,0,0.699999988079071
0740042519068278784,159939,University of New Orleans,UNO,0,0.699999988079071
0740042520871829504,159966,Nicholls State University,Nicholls,0,0.6000000238418579
0740042525091299328,159993,University of Louisiana at Monroe,ULM,0,0.699999988079071
0740042528371245056,160038,Northwestern State University of Louisiana,Northwestern State,0,0.699999988079071
0740042528371245057,160038,Northwestern State University of Louisiana,NSU,1,0.6000000238418579
0740042533597347840,160533,Southern University-Board and System,Southern,0,0.699999988079071
0740042539138023424,160621,Southern University and A & M College,Southern University,0,0.800000011920929
0740042539138023425,160621,Southern University and A & M College,Southern,1,0.699999988079071
0740042540694110208,160612,Southeastern Louisiana University,Southeastern,0,0.6000000238418579
0740042542816428032,160630,Southern University at New Orleans,SUNO,0,0.699999988079071
0740042544867442688,160658,University of Louisiana at Lafayette,ULL,0,0.699999988079071
0740042544871636992,160658,University of Louisiana at Lafayette,Louisiana Lafayette,1,0.6000000238418579
0740042546696159232,160755,Tulane University of Louisiana,Tulane,0,0.8999999761581421
0740042548684259328,160904,Xavier University of Louisiana,XULA,0,0.699999988079071
0740042561489469440,161086,Colby College,Colby,0,0.699999988079071
0740042564068966400,161217,University of Maine at Augusta,UMA,0,0.6000000238418579
0740042570486251520,161253,University of Maine,UMaine,0,0.800000011920929
0740042570486251521,161253,University of Maine,Maine,1,0.699999988079071
0740042574084964352,161341,University of Maine at Presque Isle,UMPI,0,0.6000000238418579
0740042576320528384,161299,Maine Maritime Academy,Maine Maritime,0,0.6000000238418579
0740042586508492800,161554,University of Southern Maine,USM,0,0.699999988079071
0740042589121544192,161873,University of Baltimore,UBalt,0,0.5
0740042595505274880,162007,Bowie State University,Bowie State,0,0.699999988079071
0740042597732450304,162283,Coppin State University,Coppin,0,0.6000000238418579
0740042604242010112,162584,Frostburg State University,Frostburg,0,0.6000000238418579
0740042609099014144,162928,Johns Hopkins University,Johns Hopkins,0,0.8999999761581421
0740042609099014145,162928,Johns Hopkins University,JHU,1,0.800000011920929
0740042612026638336,163046,Loyola University Maryland,Loyola Maryland,0,0.699999988079071
0740042612026638337,163046,Loyola University Maryland,Loyola,1,0.6000000238418579
0740042612580286464,163204,University of Maryland Global Campus,UMGC,0,0.699999988079071
0740042615168172032,163259,"University of Maryland, Baltimore",UMB,0,0.699999988079071
0740042616552292352,163268,University of Maryland-Baltimore County,UMBC,0,1
0740042618607501312,163295,Maryland Institute College of Art,MICA,0,0.8999999761581421
0740042620725624832,163338,University of Maryland Eastern Shore,UMES,0,0.699999988079071
0740042624185925632,163286,University of Maryland-College Park,Maryland,0,0.8999999761581421
0740042624185925633,163286,University of Maryland-College Park,UMD,1,0.800000011920929
0740042624185925634,163286,University of Maryland-College Park,Terps,2,0.6000000238418579
0740042625205141504,163453,Morgan State University,Morgan,0,0.699999988079071
0740042633786687488,163851,Salisbury University,Salisbury,0,0.6000000238418579
0740042636873695232,163912,St. Mary's College of Maryland,SMCM,0,0.6000000238418579
0740042636873695233,163912,St. Mary's College of Maryland,St. Mary's,1,0.5
0740042640220749824,164076,Towson University,Towson,0,0.699999988079071
0740042645199388672,164155,United States Naval Academy,Navy,0,1
0740042645199388673,164155,United States Naval Academy,USNA,1,0.800000011920929
0740042652841410560,164270,McDaniel College,McDaniel,0,0.6000000238418579
0740042661179686912,164465,Amherst College,Amherst,0,0.800000011920929
0740042672437198848,164739,Bentley University,Bentley,0,0.699999988079071
0740042674752454656,164748,Berklee College of Music,Berklee,0,0.8999999761581421
0740042679089364992,164580,Babson College,Babson,0,0.699999988079071
0740042682180567040,164924,Boston College,Boston College,0,1
0740042682180567041,164924,Boston College,BC,1,0.800000011920929
0740042685347266560,165015,Brandeis University,Brandeis,0,0.800000011920929
0740042688555909120,165024,Bridgewater State University,Bridgewater State,0,0.699999988079071
0740042695715586048,164988,Boston University,BU,0,1
0740042699431739392,165334,Clark University,Clark,0,0.6000000238418579
0740042704058056704,165662,Emerson College,Emerson,0,0.699999988079071
0740042719220465664,165866,Framingham State University,Framingham State,0,0.5
0740042725734219776,166027,Harvard University,Harvard,0,1
0740042734366097408,166124,College of the Holy Cross,Holy Cross,0,0.800000011920929
0740042741920038912,166513,University of Massachusetts-Lowell,UMass Lowell,0,0.800000011920929
0740042741920038913,166513,University of Massachusetts-Lowell,Lowell,1,0.6000000238418579
0740042743815864320,166629,University of Massachusetts-Amherst,UMass,0,1
0740042743815864321,166629,University of Massachusetts-Amherst,UMass Amherst,1,0.8999999761581421
0740042743815864322,166629,University of Massachusetts-Amherst,Massachusetts,2,0.699999988079071
0740042747200667648,166656,MCPHS University,MCPHS,0,0.699999988079071
0740042751269142528,166674,Massachusetts College of Art and Design,MassArt,0,0.800000011920929
0740042753500512256,166683,Massachusetts Institute of Technology,MIT,0,1
0740042769019437056,166708,University of Massachusetts Chan Medical School,UMass Med,0,0.699999988079071
0740042769019437057,166708,University of Massachusetts Chan Medical School,UMass Chan,1,0.6000000238418579
0740042786895560704,167288,Massachusetts College of Liberal Arts,MCLA,0,0.699999988079071
0740042789084987392,167358,Northeastern University,Northeastern,0,0.800000011920929
0740042800833232896,167729,Salem State University,Salem State,0,0.6000000238418579
0740042805312749568,167792,Bard College at Simon's Rock,Simon’s Rock,0,0.699999988079071
0740042810090061824,167899,Springfield College,Springfield,0,0.5
0740042812803776512,167987,University of Massachusetts-Dartmouth,UMass Dartmouth,0,0.800000011920929
0740042812803776513,167987,University of Massachusetts-Dartmouth,UMD,1,0.6000000238418579
0740042816960331776,168005,Suffolk University,Suffolk,0,0.6000000238418579
0740042819351085056,168148,Tufts University,Tufts,0,0.8999999761581421
0740042823444725760,168227,Wentworth Institute of Technology,Wentworth,0,0.699999988079071
0740042828666634240,168281,Wheaton College (Massachusetts),Wheaton,0,0.5
0740042830512128000,168342,Williams College,Williams,0,0.800000011920929
0740042833926291456,168421,Worcester Polytechnic Institute,WPI,0,0.800000011920929
0740042836447068160,168430,Worcester State University,Worcester State,0,0.5
0740042846135910400,168740,Andrews University,Andrews,0,0.6000000238418579
0740042851907272704,169080,Calvin University,Calvin,0,0.6000000238418579
0740042858697850880,169248,Central Michigan University,CMU,0,0.699999988079071
0740042863756181504,169363,Concordia University Ann Arbor,Concordia Ann Arbor,0,0.5
0740042863756181505,169363,Concordia University Ann Arbor,CUAA,1,0.4000000059604645
0740042872484528128,169716,University of Detroit Mercy,Detroit Mercy,0,0.699999988079071
0740042872484528129,169716,University of Detroit Mercy,UDM,1,0.6000000238418579
0740042874770423808,169798,Eastern Michigan University,EMU,0,0.800000011920929
0740042877270228992,169910,Ferris State University,Ferris State,0,0.6000000238418579
0740042877270228993,169910,Ferris State University,Ferris,1,0.5
0740042879681953792,169983,Kettering University,Kettering,0,0.699999988079071
0740042883356164096,170037,Cornerstone University,Cornerstone,0,0.5
0740042886229262336,170082,Grand Valley State University,GVSU,0,0.699999988079071
0740042886229262337,170082,Grand Valley State University,Grand Valley,1,0.6000000238418579
0740042890339680256,170240,Henry Ford College,Henry Ford,0,0.6000000238418579
0740042893703512064,170301,Hope College,Hope,0,0.699999988079071
0740042902809346048,170639,Lake Superior State University,Lake Superior State,0,0.6000000238418579
0740042902809346049,170639,Lake Superior State University,LSSU,1,0.5
0740042906085097472,170675,Lawrence Technological University,Lawrence Tech,0,0.6000000238418579
0740042916168204288,170976,University of Michigan-Ann Arbor,Michigan,0,0.8999999761581421
0740042916168204289,170976,University of Michigan-Ann Arbor,UMich,1,0.699999988079071
0740042916168204290,170976,University of Michigan-Ann Arbor,U-M,2,0.6000000238418579
0740042920471560192,171100,Michigan State University,MSU,0,1
0740042920471560193,171100,Michigan State University,Spartans,1,0.800000011920929
0740042923290132480,171128,Michigan Technological University,Michigan Tech,0,0.800000011920929
0740042927463464960,171137,University of Michigan-Dearborn,UM-Dearborn,0,0.6000000238418579
0740042927463464961,171137,University of Michigan-Dearborn,UMD,1,0.5
0740042930839879680,171146,University of Michigan-Flint,UM-Flint,0,0.6000000238418579
0740042930844073984,171146,University of Michigan-Flint,Michigan-Flint,1,0.5
0740042933390016512,171456,Northern Michigan University,NMU,0,0.6000000238418579
0740042939752775680,171571,Oakland University,Oakland,0,0.6000000238418579
0740042946736291840,172051,Saginaw Valley State University,SVSU,0,0.699999988079071
0740042954655137792,172477,Thomas M Cooley Law School,Cooley,0,0.6000000238418579
0740042959793160192,172644,Wayne State University,Wayne State,0,0.800000011920929
0740042961860952064,172699,Western Michigan University,WMU,0,0.699999988079071
0740042968215322624,173045,Augsburg University,Augsburg,0,0.6000000238418579
0740042970203422720,173124,Bemidji State University,Bemidji State,0,0.6000000238418579
0740042975857344512,173258,Carleton College,Carleton,0,0.699999988079071
0740042981649678336,173328,Concordia University-Saint Paul,Concordia St. Paul,0,0.6000000238418579
0740042981649678337,173328,Concordia University-Saint Paul,CSP,1,0.5
0740042993276289024,173920,Minnesota State University-Mankato,Mankato,0,0.699999988079071
0740042993276289025,173920,Minnesota State University-Mankato,Minnesota State,1,0.6000000238418579
0740042999781654528,174066,University of Minnesota-Twin Cities,Minnesota,0,0.8999999761581421
0740042999781654529,174066,University of Minnesota-Twin Cities,UMN,1,0.800000011920929
0740042999781654530,174066,University of Minnesota-Twin Cities,Gophers,2,0.699999988079071
0740043002696695808,174075,University of Minnesota-Crookston,UMN Crookston,0,0.6000000238418579
0740043002696695809,174075,University of Minnesota-Crookston,Crookston,1,0.4000000059604645
0740043004726738944,174127,Minneapolis College of Art and Design,MCAD,0,0.699999988079071
0740043008510001152,174233,University of Minnesota-Duluth,UMD,0,0.800000011920929
0740043008510001153,174233,University of Minnesota-Duluth,Minnesota Duluth,1,0.699999988079071
0740043011588620288,174251,University of Minnesota-Morris,UMN Morris,0,0.6000000238418579
0740043011588620289,174251,University of Minnesota-Morris,Morris,1,0.5
0740043014470107136,174358,Minnesota State University Moorhead,MSUM,0,0.6000000238418579
0740043018244980736,174491,University of Northwestern-St Paul,Northwestern,0,0.5
0740043018244980737,174491,University of Northwestern-St Paul,UNWSP,1,0.4000000059604645
0740043025815699456,174783,Saint Cloud State University,St. Cloud State,0,0.699999988079071
0740043025815699457,174783,Saint Cloud State University,SCSU,1,0.6000000238418579
0740043033071845376,174844,St Olaf College,St Olaf,0,0.699999988079071
0740043039094865920,174914,University of St Thomas,St Thomas,0,0.699999988079071
0740043039094865921,174914,University of St Thomas,UST,1,0.6000000238418579
0740043040982302720,175005,St Catherine University,St. Kate's,0,0.699999988079071
0740043048280391680,175078,Southwest Minnesota State University,SMSU,0,0.5
0740043054408269824,175272,Winona State University,Winona State,0,0.6000000238418579
0740043057906319360,175342,Alcorn State University,Alcorn,0,0.699999988079071
0740043059735035904,175421,Belhaven University,Belhaven,0,0.5
0740043063354720256,175616,Delta State University,Delta State,0,0.699999988079071
0740043065812582400,175856,Jackson State University,Jackson State,0,0.699999988079071
0740043071827214336,176017,University of Mississippi,Ole Miss,0,1
0740043073626570752,176035,Mississippi University for Women,Mississippi University for Women,0,0.30000001192092896
0740043075744694272,176044,Mississippi Valley State University,MVSU,0,0.699999988079071
0740043078018007040,176053,Mississippi College,Mississippi College,0,0.5
0740043080459091968,176080,Mississippi State University,Mississippi State,0,0.8999999761581421
0740043080459091969,176080,Mississippi State University,MSU,1,0.699999988079071
0740043086410809344,176372,University of Southern Mississippi,Southern Miss,0,0.800000011920929
0740043086410809345,176372,University of Southern Mississippi,USM,1,0.699999988079071
0740043089015472128,176406,Tougaloo College,Tougaloo,0,0.6000000238418579
0740043119315124224,176965,University of Central Missouri,Central Missouri,0,0.699999988079071
0740043119319318528,176965,University of Central Missouri,UCM,1,0.6000000238418579
0740043174512164864,177968,Lindenwood University,Lindenwood,0,0.6000000238418579
0740043190672818176,178059,Maryville University of Saint Louis,Maryville,0,0.699999988079071
0740043192946130944,178402,University of Missouri-Kansas City,UMKC,0,0.699999988079071
0740043194284113920,178396,University of Missouri-Columbia,Mizzou,0,1
0740043194288308224,178396,University of Missouri-Columbia,MU,1,0.8999999761581421
0740043196561620992,178411,Missouri University of Science and Technology,Missouri S&T,0,0.800000011920929
0740043196561620993,178411,Missouri University of Science and Technology,S&T,1,0.699999988079071
0740043197358538752,178420,University of Missouri-St Louis,UMSL,0,0.699999988079071
0740043199573131264,178439,University of Missouri-System Office,Mizzou,0,0.8999999761581421
0740043199573131265,178439,University of Missouri-System Office,Missouri,1,0.800000011920929
0740043203327033344,178615,Truman State University,Truman,0,0.699999988079071
0740043208704131072,178624,Northwest Missouri State University,Northwest Missouri,0,0.6000000238418579
0740043208704131073,178624,Northwest Missouri State University,NWMSU,1,0.5
0740043210910334976,178697,College of the Ozarks,College of the Ozarks,0,0.699999988079071
0740043210914529280,178697,College of the Ozarks,C of O,1,0.5
0740043222318841856,179159,Saint Louis University,SLU,0,0.800000011920929
0740043235908386816,179566,Missouri State University-Springfield,Missouri State,0,0.699999988079071
0740043235908386817,179566,Missouri State University-Springfield,MSU Springfield,1,0.5
0740043237971984384,179557,Southeast Missouri State University,SEMO,0,0.699999988079071
0740043241511976960,179867,Washington University in St Louis,WashU,0,1
0740043241516171264,179867,Washington University in St Louis,WUSTL,1,0.8999999761581421
0740043243927896064,179894,Webster University,Webster,0,0.699999988079071
0740043259463598080,180179,Montana State University Billings,MSU Billings,0,0.699999988079071
0740043264169607168,180461,Montana State University,Montana State,0,0.800000011920929
0740043264169607169,180461,Montana State University,MSU,1,0.699999988079071
0740043264773586944,180416,Montana Technological University,Montana Tech,0,0.699999988079071
0740043268024172544,180489,The University of Montana,Montana,0,0.699999988079071
0740043268024172545,180489,The University of Montana,UM,1,0.6000000238418579
0740043291461943296,181002,Creighton University,Creighton,0,0.699999988079071
0740043299032662016,181215,University of Nebraska at Kearney,UNK,0,0.699999988079071
0740043304090992640,181394,University of Nebraska at Omaha,UNO,0,0.699999988079071
0740043308356599808,181446,Nebraska Wesleyan University,Nebraska Wesleyan,0,0.6000000238418579
0740043308356599809,181446,Nebraska Wesleyan University,NWU,1,0.5
0740043309828800512,181428,University of Nebraska Medical Center,UNMC,0,0.699999988079071
0740043312722870272,181464,University of Nebraska-Lincoln,Nebraska,0,0.800000011920929
0740043312722870273,181464,University of Nebraska-Lincoln,UNL,1,0.699999988079071
0740043324777299968,181783,Wayne State College,Wayne State,0,0.699999988079071
0740043333816025088,182281,University of Nevada-Las Vegas,UNLV,0,1
0740043336303247360,182290,University of Nevada-Reno,UNR,0,0.800000011920929
0740043336303247361,182290,University of Nevada-Reno,Nevada,1,0.699999988079071
0740043339688050688,182500,Truckee Meadows Community College,TMCC,0,0.6000000238418579
0740043347992772608,182795,Franklin Pierce University,Franklin Pierce,0,0.4000000059604645
0740043349985067008,182670,Dartmouth College,Dartmouth,0,0.8999999761581421
0740043358755356672,183026,Southern New Hampshire University,SNHU,0,0.699999988079071
0740043361016086528,183044,University of New Hampshire-Main Campus,UNH,0,0.800000011920929
0740043361016086529,183044,University of New Hampshire-Main Campus,New Hampshire,1,0.699999988079071
0740043363130015744,183062,Keene State College,Keene State,0,0.6000000238418579
0740043367802470400,183080,Plymouth State University,Plymouth State,0,0.5
0740043373502529536,183239,Saint Anselm College,Saint Anselm,0,0.5
0740043373502529537,183239,Saint Anselm College,St. Anselm,1,0.4000000059604645
0740043384755847168,183804,Beth Medrash Govoha,BMG,0,0.6000000238418579
0740043401977659392,184782,Rowan University,Rowan,0,0.699999988079071
0740043405689618432,185129,New Jersey City University,NJCU,0,0.699999988079071
0740043410273992704,185572,Monmouth University,Monmouth,0,0.6000000238418579
0740043412140457984,185262,Kean University,Kean,0,0.6000000238418579
0740043417878265856,185590,Montclair State University,Montclair State,0,0.699999988079071
0740043417878265857,185590,Montclair State University,MSU,1,0.5
0740043420617146368,185828,New Jersey Institute of Technology,NJIT,0,0.8999999761581421
0740043422924013568,186131,Princeton University,Princeton,0,1
0740043427147677696,186201,Ramapo College of New Jersey,Ramapo,0,0.6000000238418579
0740043429936889856,186371,Rutgers University-Camden,Rutgers,0,0.8999999761581421
0740043429941084160,186371,Rutgers University-Camden,Rutgers Camden,1,0.699999988079071
0740043433804038144,186399,Rutgers University-Newark,Rutgers Newark,0,0.699999988079071
0740043436299649024,186432,Saint Peter's University,Saint Peter's,0,0.6000000238418579
0740043438380023808,186380,Rutgers University-New Brunswick,Rutgers,0,1
0740043440053551104,186584,Seton Hall University,Seton Hall,0,0.699999988079071
0740043444348518400,186867,Stevens Institute of Technology,Stevens,0,0.699999988079071
0740043450694500352,187134,The College of New Jersey,TCNJ,0,0.699999988079071
0740043456688160768,187444,William Paterson University of New Jersey,William Paterson,0,0.6000000238418579
0740043456688160769,187444,William Paterson University of New Jersey,WPU,1,0.5
0740043462090424320,187897,New Mexico Highlands University,NMHU,0,0.6000000238418579
0740043463575207936,187648,Eastern New Mexico University-Main Campus,ENMU,0,0.699999988079071
0740043466477666304,187967,New Mexico Institute of Mining and Technology,New Mexico Tech,0,0.800000011920929
0740043466477666305,187967,New Mexico Institute of Mining and Technology,NM Tech,1,0.699999988079071
0740043469774389248,187985,University of New Mexico-Main Campus,UNM,0,0.800000011920929
0740043469774389249,187985,University of New Mexico-Main Campus,New Mexico,1,0.699999988079071
0740043471355641856,188030,New Mexico State University-Main Campus,NMSU,0,0.800000011920929
0740043471355641857,188030,New Mexico State University-Main Campus,New Mexico State,1,0.699999988079071
0740043477387051008,188304,Western New Mexico University,WNMU,0,0.5
0740043480666996736,188429,Adelphi University,Adelphi,0,0.5
0740043494470451200,188854,American Musical and Dramatic Academy,AMDA,0,0.800000011920929
0740043502007615488,189088,Bard College,Bard,0,0.699999988079071
0740043503957966848,189097,Barnard College,Barnard,0,0.699999988079071
0740043523692167168,189705,Canisius University,Canisius,0,0.699999988079071
0740043531556487168,190099,Colgate University,Colgate,0,0.800000011920929
0740043534228258816,190044,Clarkson University,Clarkson,0,0.699999988079071
0740043539064291328,190150,Columbia University in the City of New York,Columbia,0,0.8999999761581421
0740043540444217344,190372,The Cooper Union for the Advancement of Science and Art,Cooper Union,0,0.800000011920929
0740043542881107968,190415,Cornell University,Cornell,0,1
0740043545171197952,190424,Weill Medical College of Cornell University,Weill Cornell,0,0.800000011920929
0740043548782493696,190512,CUNY Bernard M Baruch College,Baruch,0,0.800000011920929
0740043549252255744,190503,Culinary Institute of America,CIA Hyde Park,0,0.699999988079071
0740043549252255745,190503,Culinary Institute of America,Culinary Institute,1,0.6000000238418579
0740043551311659008,190549,CUNY Brooklyn College,Brooklyn College,0,0.800000011920929
0740043553278787584,190558,College of Staten Island CUNY,CSI,0,0.699999988079071
0740043556047028224,190567,CUNY City College,City College,0,0.699999988079071
0740043559566049280,190594,CUNY Hunter College,Hunter,0,0.699999988079071
0740043559956119552,190576,CUNY Graduate School and University Center,CUNY Graduate Center,0,0.699999988079071
0740043563626135552,190637,CUNY Lehman College,Lehman,0,0.6000000238418579
0740043563944902656,190600,CUNY John Jay College of Criminal Justice,John Jay,0,0.800000011920929
0740043571402375168,190664,CUNY Queens College,Queens College,0,0.800000011920929
0740043571402375169,190664,CUNY Queens College,QC,1,0.6000000238418579
0740043573759574016,190655,CUNY New York City College of Technology,City Tech,0,0.699999988079071
0740043575206608896,190691,CUNY York College,York College,0,0.699999988079071
0740043591589560320,191241,Fordham University,Fordham,0,0.800000011920929
0740043592537473024,191126,Fashion Institute of Technology,FIT,0,0.800000011920929
0740043593896427520,191515,Hamilton College,Hamilton,0,0.6000000238418579
0740043603014844416,191649,Hofstra University,Hofstra,0,0.699999988079071
0740043606122823680,191931,Iona University,Iona,0,0.699999988079071
0740043610531037184,191968,Ithaca College,Ithaca,0,0.699999988079071
0740043619464904704,192110,The Juilliard School,Juilliard,0,1
0740043623432716288,192323,Le Moyne College,Le Moyne,0,0.5
0740043625802498048,192448,Long Island University,LIU,0,0.800000011920929
0740043625802498049,192448,Long Island University,Long Island,1,0.699999988079071
0740043630282014720,192703,Manhattan College,Manhattan,0,0.5
0740043646685937664,192819,Marist College,Marist,0,0.699999988079071
0740043665736466432,193584,Nazareth University,Nazareth,0,0.5
0740043669897216000,193654,The New School,The New School,0,0.800000011920929
0740043674812940288,193405,Icahn School of Medicine at Mount Sinai,Mount Sinai,0,0.800000011920929
0740043674817134592,193405,Icahn School of Medicine at Mount Sinai,Icahn,1,0.699999988079071
0740043680764657664,193973,Niagara University,Niagara,0,0.6000000238418579
0740043682731786240,193900,New York University,NYU,0,1
0740043688880635904,194310,Pace University,Pace,0,0.6000000238418579
0740043693293043712,194091,New York Institute of Technology,NYIT,0,0.800000011920929
0740043697520902144,194578,Pratt Institute-Main,Pratt,0,0.699999988079071
0740043717439651840,194824,Rensselaer Polytechnic Institute,RPI,0,0.8999999761581421
0740043718928629760,195003,Rochester Institute of Technology,RIT,0,1
0740043721659121664,195030,University of Rochester,Rochester,0,0.699999988079071
0740043721659121665,195030,University of Rochester,U of R,1,0.6000000238418579
0740043725333331968,195049,The Rockefeller University,Rockefeller,0,0.699999988079071
0740043733596110848,195216,St Lawrence University,St. Lawrence,0,0.699999988079071
0740043738188873728,195164,St Bonaventure University,St. Bonaventure,0,0.6000000238418579
0740043738188873729,195164,St Bonaventure University,SBU,1,0.5
0740043740810313728,195304,Sarah Lawrence College,Sarah Lawrence,0,0.699999988079071
0740043744836845568,195526,Skidmore College,Skidmore,0,0.699999988079071
0740043746468429824,195474,Siena College,Siena,0,0.699999988079071
0740043752764080128,195809,St. John's University-New York,St. John's,0,0.699999988079071
0740043756836749312,195720,St. John Fisher University,Fisher,0,0.6000000238418579
0740043762226429952,196015,SUNY College of Technology at Canton,Canton Tech,0,0.5
0740043765233745920,196024,SUNY College of Technology at Delhi,SUNY Delhi,0,0.699999988079071
0740043765233745921,196024,SUNY College of Technology at Delhi,Delhi Tech,1,0.4000000059604645
0740043766181658624,196006,SUNY College of Technology at Alfred,Alfred State,0,0.699999988079071
0740043767536418816,196033,SUNY College of Agriculture and Technology at Cobleskill,Cobleskill,0,0.5
0740043770539540480,196051,SUNY Morrisville,Morrisville,0,0.5
0740043772334702592,196060,University at Albany,UAlbany,0,0.800000011920929
0740043772334702593,196060,University at Albany,Albany,1,0.699999988079071
0740043774733844480,196079,Binghamton University,Binghamton,0,0.800000011920929
0740043774733844481,196079,Binghamton University,Binghamton U,1,0.699999988079071
0740043777325924352,196088,University at Buffalo,UB,0,0.8999999761581421
0740043777325924353,196088,University at Buffalo,Buffalo,1,0.800000011920929
0740043780408737792,196097,Stony Brook University,Stony Brook,0,0.800000011920929
0740043780408737793,196097,Stony Brook University,SBU,1,0.699999988079071
0740043782635913216,196112,SUNY Polytechnic Institute,SUNY Poly,0,0.699999988079071
0740043782698827776,196103,SUNY College of Environmental Science and Forestry,ESF,0,0.699999988079071
0740043785127329792,196121,SUNY Brockport,Brockport,0,0.6000000238418579
0740043786901520384,196130,SUNY Buffalo State University,Buffalo State,0,0.699999988079071
0740043790642839552,196149,State University of New York at Cortland,SUNY Cortland,0,0.699999988079071
0740043790642839553,196149,State University of New York at Cortland,Cortland,1,0.6000000238418579
0740043791745941504,196158,SUNY at Fredonia,Fredonia,0,0.6000000238418579
0740043793151033344,196167,SUNY College at Geneseo,Geneseo,0,0.699999988079071
0740043795852165120,196176,State University of New York at New Paltz,SUNY New Paltz,0,0.699999988079071
0740043795852165121,196176,State University of New York at New Paltz,New Paltz,1,0.6000000238418579
0740043797655715840,196185,SUNY Oneonta,Oneonta,0,0.6000000238418579
0740043803531935744,196194,State University of New York at Oswego,SUNY Oswego,0,0.800000011920929
0740043803531935745,196194,State University of New York at Oswego,Oswego,1,0.6000000238418579
0740043803804565504,196219,SUNY at Purchase College,Purchase,0,0.6000000238418579
0740043808862896128,196228,SUNY College of Optometry,SUNY Optometry,0,0.699999988079071
0740043810423177216,196246,SUNY College at Plattsburgh,Plattsburgh,0,0.5
0740043814386794496,196291,SUNY Maritime College,SUNY Maritime,0,0.699999988079071
0740043823190638592,196413,Syracuse University,Syracuse,0,0.800000011920929
0740043844661280768,197027,United States Merchant Marine Academy,Kings Point,0,0.699999988079071
0740043846099927040,197036,United States Military Academy,West Point,0,1
0740043850843684864,197045,Utica University,Utica,0,0.5
0740043854949908480,197151,School of Visual Arts,SVA,0,0.800000011920929
0740043873836859392,197708,Yeshiva University,Yeshiva,0,0.800000011920929
0740043878651920384,197869,Appalachian State University,App State,0,0.8999999761581421
0740043897446596608,198385,Davidson College,Davidson,0,0.699999988079071
0740043903087935488,198464,East Carolina University,ECU,0,0.800000011920929
0740043903738052608,198419,Duke University,Duke,0,1
0740043907785555968,198507,Elizabeth City State University,ECSU,0,0.699999988079071
0740043907869442048,198516,Elon University,Elon,0,0.800000011920929
0740043914584522752,198543,Fayetteville State University,Fayetteville State,0,0.6000000238418579
0740043918690746368,198695,High Point University,High Point,0,0.6000000238418579
0740043925250637824,198756,Johnson C Smith University,JCSU,0,0.699999988079071
0740043945450405888,199102,North Carolina A & T State University,NC A&T,0,0.8999999761581421
0740043945450405889,199102,North Carolina A & T State University,Aggies,1,0.699999988079071
0740043947459477504,199111,University of North Carolina Asheville,UNC Asheville,0,0.800000011920929
0740043947459477505,199111,University of North Carolina Asheville,UNCA,1,0.699999988079071
0740043949183336448,199120,University of North Carolina at Chapel Hill,UNC,0,1
0740043949187530752,199120,University of North Carolina at Chapel Hill,Carolina,1,0.8999999761581421
0740043951284682752,199139,University of North Carolina at Charlotte,UNC Charlotte,0,0.800000011920929
0740043951284682753,199139,University of North Carolina at Charlotte,Charlotte,1,0.699999988079071
0740043954287804416,199148,University of North Carolina at Greensboro,UNCG,0,0.699999988079071
0740043954287804417,199148,University of North Carolina at Greensboro,Greensboro,1,0.5
0740043954950504448,199157,North Carolina Central University,NCCU,0,0.699999988079071
0740043959350329344,199184,University of North Carolina School of the Arts,UNCSA,0,0.699999988079071
0740043961699139584,199193,North Carolina State University at Raleigh,NC State,0,1
0740043961699139585,199193,North Carolina State University at Raleigh,NCSU,1,0.8999999761581421
0740043966916853760,199218,University of North Carolina Wilmington,UNCW,0,0.800000011920929
0740043966916853761,199218,University of North Carolina Wilmington,Wilmington,1,0.6000000238418579
0740043972252008448,199281,University of North Carolina at Pembroke,UNC Pembroke,0,0.699999988079071
0740043972252008449,199281,University of North Carolina at Pembroke,UNCP,1,0.6000000238418579
0740043973699043328,199412,Queens University of Charlotte,Queens,0,0.699999988079071
0740043979277467648,199582,Saint Augustine's University,St. Aug,0,0.6000000238418579
0740043983417245696,199643,Shaw University,Shaw,0,0.6000000238418579
0740043989515763712,199847,Wake Forest University,Wake Forest,0,0.8999999761581421
0740044002560049152,200004,Western Carolina University,WCU,0,0.699999988079071
0740044002560049153,200004,Western Carolina University,Western Carolina,1,0.6000000238418579
0740044002727821312,199999,Winston-Salem State University,WSSU,0,0.699999988079071
0740044019798638592,200253,Minot State University,Minot State,0,0.6000000238418579
0740044021845458944,200280,University of North Dakota,UND,0,0.800000011920929
0740044021845458945,200280,University of North Dakota,North Dakota,1,0.699999988079071
0740044023607066624,200332,North Dakota State University-Main Campus,NDSU,0,0.800000011920929
0740044040300396544,200800,University of Akron Main Campus,Akron,0,0.699999988079071
0740044058193297408,201441,Bowling Green State University-Main Campus,BGSU,0,0.800000011920929
0740044058193297409,201441,Bowling Green State University-Main Campus,Bowling Green,1,0.699999988079071
0740044059904573440,201195,Baldwin Wallace University,Baldwin Wallace,0,0.5
0740044059904573441,201195,Baldwin Wallace University,BW,1,0.4000000059604645
0740044064363118592,201645,Case Western Reserve University,Case Western,0,0.800000011920929
0740044064363118593,201645,Case Western Reserve University,CWRU,1,0.699999988079071
0740044068024745984,201654,Cedarville University,Cedarville,0,0.6000000238418579
0740044080305668096,201885,University of Cincinnati-Main Campus,UC,0,0.800000011920929
0740044080305668097,201885,University of Cincinnati-Main Campus,Cincinnati,1,0.699999988079071
0740044091034697728,202073,Cleveland Institute of Music,CIM,0,0.699999988079071
0740044095510020096,202134,Cleveland State University,Cleveland State,0,0.699999988079071
0740044097368096768,202170,Columbus College of Art & Design,CCAD,0,0.699999988079071
0740044102032162816,202480,University of Dayton,Dayton,0,0.699999988079071
0740044106662674432,202523,Denison University,Denison,0,0.699999988079071
0740044138807820288,203517,Kent State University at Kent,Kent State,0,0.800000011920929
0740044148651851776,203535,Kenyon College,Kenyon,0,0.6000000238418579
0740044170348986368,204024,Miami University-Oxford,Miami,0,0.699999988079071
0740044170348986369,204024,Miami University-Oxford,Miami Ohio,1,0.6000000238418579
0740044174362935296,204185,University of Mount Union,Mount Union,0,0.699999988079071
0740044176166486016,204194,Mount Vernon Nazarene University,MVNU,0,0.699999988079071
0740044193254080512,204501,Oberlin College,Oberlin,0,0.699999988079071
0740044200208236544,204635,Ohio Northern University,ONU,0,0.6000000238418579
0740044206919122944,204796,Ohio State University-Main Campus,Ohio State,0,1
0740044206919122945,204796,Ohio State University-Main Campus,OSU,1,1
0740044218658979840,204857,Ohio University-Main Campus,Ohio,0,0.800000011920929
0740044218658979841,204857,Ohio University-Main Campus,Ohio U,1,0.699999988079071
0740044221062316032,204909,Ohio Wesleyan University,Ohio Wesleyan,0,0.6000000238418579
0740044240133816320,205470,Sinclair Community College,Sinclair,0,0.6000000238418579
0740044248207851520,206084,University of Toledo,Toledo,0,0.800000011920929
0740044248514035712,205957,Franciscan University of Steubenville,Franciscan,0,0.6000000238418579
0740044248514035713,205957,Franciscan University of Steubenville,FUS,1,0.5
0740044273503698944,206589,The College of Wooster,Wooster,0,0.699999988079071
0740044278029352960,206622,Xavier University,Xavier,0,0.800000011920929
0740044280722096128,206695,Youngstown State University,YSU,0,0.699999988079071
0740044282752139264,206604,Wright State University-Main Campus,Wright State,0,0.699999988079071
0740044292793303040,207041,East Central University,East Central,0,0.5
0740044296933081088,207209,Langston University,Langston,0,0.6000000238418579
0740044301517455360,206941,University of Central Oklahoma,UCO,0,0.699999988079071
0740044305334272000,207306,Northwestern Oklahoma State University,NWOSU,0,0.6000000238418579
0740044318948982784,207388,Oklahoma State University-Main Campus,OSU,0,0.8999999761581421
0740044318948982785,207388,Oklahoma State University-Main Campus,Oklahoma State,1,0.800000011920929
0740044322409283584,207458,Oklahoma City University,OCU,0,0.6000000238418579
0740044325047500800,207564,Oklahoma State University Institute of Technology,OSU Institute of Technology,0,0.699999988079071
0740044325047500801,207564,Oklahoma State University Institute of Technology,OSU-Okmulgee,1,0.6000000238418579
0740044327073349632,207500,University of Oklahoma-Norman Campus,OU,0,1
0740044327073349633,207500,University of Oklahoma-Norman Campus,Sooners,1,0.800000011920929
0740044329279553536,207582,Oral Roberts University,ORU,0,0.699999988079071
0740044335176744960,207847,Southeastern Oklahoma State University,SEOSU,0,0.6000000238418579
0740044335176744961,207847,Southeastern Oklahoma State University,SE,1,0.4000000059604645
0740044341531115520,207971,University of Tulsa,Tulsa,0,0.699999988079071
0740044348443328512,208646,Eastern Oregon University,EOU,0,0.6000000238418579
0740044369435820032,209490,Oregon Health & Science University,OHSU,0,0.800000011920929
0740044371717521408,209506,Oregon Institute of Technology,Oregon Tech,0,0.800000011920929
0740044373609152512,209542,Oregon State University,OSU,0,0.8999999761581421
0740044373609152513,209542,Oregon State University,Oregon State,1,0.800000011920929
0740044375903436800,209551,University of Oregon,Oregon,0,0.8999999761581421
0740044375903436801,209551,University of Oregon,UO,1,0.699999988079071
0740044380638806016,209807,Portland State University,PSU,0,0.800000011920929
0740044380638806017,209807,Portland State University,Portland State,1,0.699999988079071
0740044384250101760,209825,University of Portland,Portland,0,0.699999988079071
0740044385969766400,209922,Reed College,Reed,0,0.699999988079071
0740044388482154496,210146,Southern Oregon University,SOU,0,0.6000000238418579
0740044401270587392,210429,Western Oregon University,Western Oregon,0,0.6000000238418579
0740044411311751168,210739,DeSales University,DeSales,0,0.6000000238418579
0740044428655198208,211291,Bucknell University,Bucknell,0,0.699999988079071
0740044433294098432,211440,Carnegie Mellon University,CMU,0,1
0740044433294098433,211440,Carnegie Mellon University,Carnegie Mellon,1,0.8999999761581421
0740044443880521728,211608,Cheyney University of Pennsylvania,Cheyney,0,0.5
0740044452386570240,212054,Drexel University,Drexel,0,0.800000011920929
0740044454232064000,212106,Duquesne University,Duquesne,0,0.699999988079071
0740044456647983104,212115,East Stroudsburg University of Pennsylvania,ESU,0,0.6000000238418579
0740044465082728448,212601,Gannon University,Gannon,0,0.6000000238418579
0740044475560099840,212674,Gettysburg College,Gettysburg,0,0.6000000238418579
0740044481788641280,213020,Indiana University of Pennsylvania-Main Campus,IUP,0,0.699999988079071
0740044492077268992,213349,Kutztown University of Pennsylvania,Kutztown,0,0.6000000238418579
0740044496368041984,213367,La Salle University,La Salle,0,0.699999988079071
0740044500889501696,213385,Lafayette College,Lafayette,0,0.6000000238418579
0740044502961487872,213400,Lancaster Bible College,Lancaster Bible,0,0.5
0740044509361995776,213543,Lehigh University,Lehigh,0,0.699999988079071
0740044522691493888,213996,Messiah University,Messiah,0,0.6000000238418579
0740044524276940800,213987,Mercyhurst University,Mercyhurst,0,0.699999988079071
0740044526504116224,214041,Millersville University of Pennsylvania,Millersville,0,0.6000000238418579
0740044546246705152,214591,Pennsylvania State University-Penn State Erie-Behrend College,Penn State Erie,0,0.699999988079071
0740044546246705153,214591,Pennsylvania State University-Penn State Erie-Behrend College,Behrend,1,0.6000000238418579
0740044554111025152,214634,Pennsylvania State University-Penn State Shenango,Penn State Shenango,0,0.699999988079071
0740044560666722304,214670,Pennsylvania State University-Penn State Lehigh Valley,Penn State Lehigh Valley,0,0.6000000238418579
0740044566991732736,214704,Pennsylvania State University-Penn State Berks,Penn State Berks,0,0.699999988079071
0740044569692864512,214713,Pennsylvania State University-Penn State Harrisburg,Penn State Harrisburg,0,0.699999988079071
0740044572448522240,214689,Pennsylvania State University-Penn State Altoona,Penn State Altoona,0,0.699999988079071
0740044577599127552,214777,Pennsylvania State University-Main Campus,Penn State,0,0.8999999761581421
0740044577599127553,214777,Pennsylvania State University-Main Campus,PSU,1,0.699999988079071
0740044583399849984,214801,Pennsylvania State University-Penn State Abington,Penn State Abington,0,0.699999988079071
0740044590001684480,214829,Pennsylvania State University-Penn State York,Penn State York,0,0.699999988079071
0740044599979933696,215062,University of Pennsylvania,UPenn,0,0.8999999761581421
0740044599979933697,215062,University of Pennsylvania,Penn,1,0.800000011920929
0740044601376636928,215105,University of the Arts,UArts,0,0.699999988079071
0740044607378685952,215266,University of Pittsburgh-Bradford,Pitt-Bradford,0,0.699999988079071
0740044612122443776,215284,University of Pittsburgh-Johnstown,Pitt-Johnstown,0,0.6000000238418579
0740044618317430784,215293,University of Pittsburgh-Pittsburgh Campus,Pitt,0,1
0740044636914974720,215655,Robert Morris University,Robert Morris,0,0.699999988079071
0740044644775100416,215770,Saint Joseph's University,Saint Joseph's,0,0.699999988079071
0740044644775100417,215770,Saint Joseph's University,SJU,1,0.6000000238418579
0740044646658342912,215929,University of Scranton,Scranton,0,0.6000000238418579
0740044650294804480,216010,Shippensburg University of Pennsylvania,Shippensburg,0,0.6000000238418579
0740044653591527424,216038,Slippery Rock University of Pennsylvania,Slippery Rock,0,0.699999988079071
0740044662428925952,216339,Temple University,Temple,0,0.8999999761581421
0740044669232087040,216366,Thomas Jefferson University,Jefferson,0,0.699999988079071
0740044675187998720,216597,Villanova University,Villanova,0,0.8999999761581421
0740044688089677824,216764,West Chester University of Pennsylvania,West Chester,0,0.699999988079071
0740044698462191616,217059,York College of Pennsylvania,York College,0,0.699999988079071
0740044700710338560,217156,Brown University,Brown,0,0.8999999761581421
0740044704883671040,217165,Bryant University,Bryant,0,0.699999988079071
0740044709312856064,217235,Johnson & Wales University-Providence,Johnson & Wales,0,0.699999988079071
0740044709312856065,217235,Johnson & Wales University-Providence,JWU,1,0.6000000238418579
0740044710004916224,217402,Providence College,Providence,0,0.699999988079071
0740044711116406784,217420,Rhode Island College,RIC,0,0.699999988079071
0740044713163227136,217493,Rhode Island School of Design,RISD,0,0.8999999761581421
0740044715356848128,217484,University of Rhode Island,URI,0,0.800000011920929
0740044723799982080,217518,Roger Williams University,Roger Williams,0,0.6000000238418579
0740044730309541888,217688,Charleston Southern University,Charleston Southern,0,0.6000000238418579
0740044732834512896,217749,Bob Jones University,Bob Jones,0,0.6000000238418579
0740044737611825152,217819,College of Charleston,CofC,0,0.800000011920929
0740044737611825153,217819,College of Charleston,College of Charleston,1,0.699999988079071
0740044739251798016,217864,Citadel Military College of South Carolina,The Citadel,0,0.800000011920929
0740044746549886976,217882,Clemson University,Clemson,0,0.8999999761581421
0740044758126166016,217961,Converse University,Converse,0,0.6000000238418579
0740044759178936320,218061,Francis Marion University,FMU,0,0.6000000238418579
0740044760688885760,218070,Furman University,Furman,0,0.699999988079071
0740044767647236096,218335,Medical University of South Carolina,MUSC,0,0.800000011920929
0740044772537794560,218441,North Greenville University,North Greenville,0,0.5
0740044779550670848,218645,University of South Carolina Aiken,USC Aiken,0,0.6000000238418579
0740044781949812736,218654,University of South Carolina Beaufort,USC Beaufort,0,0.6000000238418579
0740044784323788800,218663,University of South Carolina-Columbia,USC,0,1
0740044784323788801,218663,University of South Carolina-Columbia,South Carolina,1,0.800000011920929
0740044786668404736,218724,Coastal Carolina University,Coastal Carolina,0,0.800000011920929
0740044786668404737,218724,Coastal Carolina University,CCU,1,0.699999988079071
0740044788765556736,218733,South Carolina State University,SCSU,0,0.6000000238418579
0740044788765556737,218733,South Carolina State University,South Carolina State,1,0.5
0740044790036430848,218742,University of South Carolina-Upstate,USC Upstate,0,0.699999988079071
0740044799335202816,218964,Winthrop University,Winthrop,0,0.699999988079071
0740044805727322112,219046,Black Hills State University,Black Hills State,0,0.6000000238418579
0740044805727322113,219046,Black Hills State University,BHSU,1,0.5
0740044806922698752,219082,Dakota State University,Dakota State,0,0.699999988079071
0740044824027070464,219347,South Dakota School of Mines and Technology,SDSMT,0,0.699999988079071
0740044824031264768,219347,South Dakota School of Mines and Technology,South Dakota Mines,1,0.6000000238418579
0740044824891097088,219356,South Dakota State University,SDSU,0,0.800000011920929
0740044828343009280,219383,University of Sioux Falls,USF,0,0.5
0740044832235323392,219471,University of South Dakota,USD,0,0.699999988079071
0740044841555066880,219602,Austin Peay State University,Austin Peay,0,0.699999988079071
0740044841555066881,219602,Austin Peay State University,APSU,1,0.6000000238418579
0740044842955964416,219709,Belmont University,Belmont,0,0.699999988079071
0740044855840866304,220075,East Tennessee State University,ETSU,0,0.800000011920929
0740044861264101376,219976,Lipscomb University,Lipscomb,0,0.6000000238418579
0740044879559655424,220613,Lee University,Lee,0,0.5
0740044885884665856,220862,University of Memphis,Memphis,0,0.699999988079071
0740044890955579392,220978,Middle Tennessee State University,MTSU,0,0.800000011920929
0740044890955579393,220978,Middle Tennessee State University,Middle Tennessee,1,0.6000000238418579
0740044894105501696,221351,Rhodes College,Rhodes,0,0.699999988079071
0740044900891885568,221519,The University of the South,Sewanee,0,0.699999988079071
0740044908240306176,221759,The University of Tennessee-Knoxville,Tennessee,0,0.8999999761581421
0740044908240306177,221759,The University of Tennessee-Knoxville,UTK,1,0.800000011920929
0740044913021812736,221768,The University of Tennessee-Martin,UT Martin,0,0.699999988079071
0740044913026007040,221768,The University of Tennessee-Martin,UTM,1,0.6000000238418579
0740044915437731840,221838,Tennessee State University,TSU,0,0.800000011920929
0740044918306635776,221847,Tennessee Technological University,Tennessee Tech,0,0.699999988079071
0740044918306635777,221847,Tennessee Technological University,Tech,1,0.5
0740044919283908608,221740,The University of Tennessee-Chattanooga,UTC,0,0.800000011920929
0740044924753281024,221999,Vanderbilt University,Vandy,0,0.8999999761581421
0740044926942707712,222178,Abilene Christian University,ACU,0,0.699999988079071
0740044928154861568,221892,Trevecca Nazarene University,Trevecca,0,0.5
0740044934110773248,222831,Angelo State University,Angelo State,0,0.6000000238418579
0740044946303614976,223223,Baylor College of Medicine,Baylor Med,0,0.699999988079071
0740044949399011328,223232,Baylor University,Baylor,0,0.8999999761581421
0740044956806152192,224147,Texas A & M University-Corpus Christi,TAMU-CC,0,0.699999988079071
0740044956806152193,224147,Texas A & M University-Corpus Christi,Texas A&M Corpus Christi,1,0.6000000238418579
0740044958563565568,224004,Concordia University Texas,Concordia Texas,0,0.6000000238418579
0740044962317467648,224305,Dallas Theological Seminary,DTS,0,0.699999988079071
0740044973554008064,224554,Texas A & M University-Commerce,TAMUC,0,0.6000000238418579
0740044973554008065,224554,Texas A & M University-Commerce,A&M-Commerce,1,0.5
0740044996048060416,225399,Houston Christian University,Houston Christian,0,0.6000000238418579
0740044998010994688,225414,University of Houston-Clear Lake,UHCL,0,0.6000000238418579
0740045000489828352,225423,Houston Community College,HCC,0,0.699999988079071
0740045002637312000,225432,University of Houston-Downtown,UHD,0,0.6000000238418579
0740045004621217792,225502,University of Houston-Victoria,UHV,0,0.5
0740045009209786368,225511,University of Houston,UH,0,0.8999999761581421
0740045009209786369,225511,University of Houston,Houston,1,0.699999988079071
0740045013802549248,225627,University of the Incarnate Word,UIW,0,0.699999988079071
0740045017967493120,226091,Lamar University,Lamar,0,0.699999988079071
0740045019649409024,226134,Laredo College,Laredo,0,0.4000000059604645
0740045022061133824,226152,Texas A & M International University,TAMIU,0,0.699999988079071
0740045028050599936,226383,Lubbock Christian University,LCU,0,0.5
0740045045339521024,227216,University of North Texas,UNT,0,0.800000011920929
0740045050263633920,227304,Odessa College,Odessa,0,0.6000000238418579
0740045054185308160,227368,The University of Texas Rio Grande Valley,UTRGV,0,0.800000011920929
0740045056894828544,227429,Paul Quinn College,Paul Quinn,0,0.5
0740045058400583680,227526,Prairie View A & M University,Prairie View,0,0.699999988079071
0740045061626003456,227757,Rice University,Rice,0,1
0740045061932187648,227845,Saint Edward's University,St. Edward's,0,0.6000000238418579
0740045066545922048,227863,University of St Thomas,UST,0,0.699999988079071
0740045066545922049,227863,University of St Thomas,St Thomas,1,0.6000000238418579
0740045067212816384,227881,Sam Houston State University,SHSU,0,0.800000011920929
0740045067212816385,227881,Sam Houston State University,Sam Houston,1,0.699999988079071
0740045068987006976,227924,San Antonio College,San Antonio College,0,0.699999988079071
0740045068987006977,227924,San Antonio College,SAC,1,0.5
0740045070681505792,227979,San Jacinto Community College,San Jac,0,0.6000000238418579
0740045076041826304,228149,St. Mary's University,St. Mary's,0,0.699999988079071
0740045076041826305,228149,St. Mary's University,St. Mary's San Antonio,1,0.6000000238418579
0740045077899902976,228194,South Texas College of Law Houston,South Texas Law,0,0.699999988079071
0740045077899902977,228194,South Texas College of Law Houston,STCL Houston,1,0.5
0740045079208525824,228246,Southern Methodist University,SMU,0,1
0740045083809677312,228431,Stephen F Austin State University,SFA,0,0.699999988079071
0740045092181508096,228501,Sul Ross State University,Sul Ross,0,0.6000000238418579
0740045095742472192,228459,Texas State University,Texas State,0,0.699999988079071
0740045096308703232,228529,Tarleton State University,Tarleton,0,0.699999988079071
0740045099106304000,228635,University of Texas Southwestern Medical Center,UT Southwestern,0,0.800000011920929
0740045102583382016,228653,The University of Texas Medical Branch at Galveston,UTMB,0,0.800000011920929
0740045105926242304,228723,Texas A & M University-College Station,Texas A&M,0,1
0740045105926242305,228723,Texas A & M University-College Station,TAMU,1,0.8999999761581421
0740045105926242306,228723,Texas A & M University-College Station,Aggies,2,0.800000011920929
0740045107524272128,228705,Texas A & M University-Kingsville,TAMUK,0,0.699999988079071
0740045107524272129,228705,Texas A & M University-Kingsville,Kingsville,1,0.5
0740045110426730496,228732,Texas A & M University-System Office,Texas A&M,0,1
0740045110426730497,228732,Texas A & M University-System Office,Aggies,1,0.800000011920929
0740045112188338176,228769,The University of Texas at Arlington,UTA,0,0.800000011920929
0740045112188338177,228769,The University of Texas at Arlington,Texas Arlington,1,0.6000000238418579
0740045115078213632,228778,The University of Texas at Austin,UT Austin,0,1
0740045115078213633,228778,The University of Texas at Austin,Texas,1,0.8999999761581421
0740045115078213634,228778,The University of Texas at Austin,Longhorns,2,0.800000011920929
0740045115879325696,228787,The University of Texas at Dallas,UT Dallas,0,0.8999999761581421
0740045115883520000,228787,The University of Texas at Dallas,UTD,1,0.800000011920929
0740045119482232832,228802,The University of Texas at Tyler,UT Tyler,0,0.699999988079071
0740045121180925952,228796,The University of Texas at El Paso,UTEP,0,0.8999999761581421
0740045123752034304,228875,Texas Christian University,TCU,0,1
0740045130949459968,229018,The University of Texas Permian Basin,UTPB,0,0.699999988079071
0740045135382839296,229027,The University of Texas at San Antonio,UTSA,0,0.8999999761581421
0740045136586604544,229063,Texas Southern University,TSU,0,0.699999988079071
0740045142924197888,229179,Texas Woman's University,TWU,0,0.6000000238418579
0740045146816512000,229115,Texas Tech University,Texas Tech,0,0.8999999761581421
0740045146816512001,229115,Texas Tech University,TTU,1,0.800000011920929
0740045147177222144,229267,Trinity University,Trinity,0,0.699999988079071
0740045149999988736,229300,The University of Texas Health Science Center at Houston,UTHealth,0,0.800000011920929
0740045149999988737,229300,The University of Texas Health Science Center at Houston,UTHealth Houston,1,0.699999988079071
0740045154785689600,229355,Tyler Junior College,TJC,0,0.6000000238418579
0740045154785689601,229355,Tyler Junior College,Tyler JC,1,0.5
0740045156958339072,229407,University of Houston-System Administration,UH,0,0.8999999761581421
0740045156958339073,229407,University of Houston-System Administration,Houston,1,0.699999988079071
0740045163593728000,229814,West Texas A & M University,West Texas A&M,0,0.699999988079071
0740045163593728001,229814,West Texas A & M University,WTAMU,1,0.6000000238418579
0740045167494430720,230038,Brigham Young University,BYU,0,1
0740045169767743488,230047,Brigham Young University-Hawaii,BYU-Hawaii,0,0.699999988079071
0740045171936198656,230171,Utah Tech University,Utah Tech,0,0.699999988079071
0740045177166495744,230603,Southern Utah University,SUU,0,0.699999988079071
0740045179544666112,230597,Snow College,Snow,0,0.5
0740045182061248512,230728,Utah State University,USU,0,0.800000011920929
0740045182061248513,230728,Utah State University,Utah State,1,0.699999988079071
0740045184066125824,230737,Utah Valley University,UVU,0,0.800000011920929
0740045186536570880,230764,University of Utah,Utah,0,0.800000011920929
0740045186536570881,230764,University of Utah,U of U,1,0.699999988079071
0740045191846559744,230782,Weber State University,Weber State,0,0.699999988079071
0740045194195369984,230852,Champlain College,Champlain,0,0.6000000238418579
0740045196317687808,230834,Castleton University,Castleton,0,0.6000000238418579
0740045202466537472,230959,Middlebury College,Middlebury,0,0.699999988079071
0740045205243166720,230995,Norwich University,Norwich,0,0.699999988079071
0740045208569249792,231059,Saint Michael's College,St. Mike's,0,0.6000000238418579
0740045208569249793,231059,Saint Michael's College,Saint Michael's,1,0.5
0740045217935130624,231174,University of Vermont,UVM,0,0.800000011920929
0740045217935130625,231174,University of Vermont,Vermont,1,0.6000000238418579
0740045229482049536,231624,William & Mary,William & Mary,0,1
0740045229482049537,231624,William & Mary,W&M,1,0.800000011920929
0740045234649432064,231712,Christopher Newport University,CNU,0,0.699999988079071
0740045244149530624,232186,George Mason University,GMU,0,0.800000011920929
0740045244153724928,232186,George Mason University,George Mason,1,0.699999988079071
0740045248981368832,232256,Hampden-Sydney College,Hampden-Sydney,0,0.6000000238418579
0740045249316913152,232265,Hampton University,Hampton,0,0.699999988079071
0740045251464396800,232423,James Madison University,JMU,0,0.800000011920929
0740045253825789952,232308,Hollins University,Hollins,0,0.6000000238418579
0740045255973273600,232557,Liberty University,Liberty,0,0.800000011920929
0740045257869099008,232566,Longwood University,Longwood,0,0.699999988079071
0740045260188549120,232609,University of Lynchburg,Lynchburg,0,0.5
0740045269915140096,232681,University of Mary Washington,Mary Washington,0,0.6000000238418579
0740045273195085824,232937,Norfolk State University,Norfolk State,0,0.699999988079071
0740045277578133504,232982,Old Dominion University,Old Dominion,0,0.699999988079071
0740045278786093056,233277,Radford University,Radford,0,0.699999988079071
0740045285572476928,233374,University of Richmond,Richmond,0,0.699999988079071
0740045305344425984,233897,University of Virginia's College at Wise,UVa Wise,0,0.6000000238418579
0740045308720840704,234030,Virginia Commonwealth University,VCU,0,0.8999999761581421
0740045311770099712,233921,Virginia Polytechnic Institute and State University,Virginia Tech,0,1
0740045311774294016,233921,Virginia Polytechnic Institute and State University,VT,1,0.800000011920929
0740045314114715648,234076,University of Virginia-Main Campus,UVA,0,1
0740045314114715649,234076,University of Virginia-Main Campus,Virginia,1,0.800000011920929
0740045314995519488,234085,Virginia Military Institute,VMI,0,0.800000011920929
0740045317801508864,234155,Virginia State University,Virginia State,0,0.699999988079071
0740045321622519808,234164,Virginia Union University,VUU,0,0.6000000238418579
0740045328455041024,234207,Washington and Lee University,W&L,0,0.800000011920929
0740045328455041025,234207,Washington and Lee University,Washington and Lee,1,0.699999988079071
0740045334515810304,234827,Central Washington University,CWU,0,0.699999988079071
0740045348994547712,235097,Eastern Washington University,EWU,0,0.699999988079071
0740045355617353728,235167,The Evergreen State College,Evergreen,0,0.699999988079071
0740045359962652672,235316,Gonzaga University,Gonzaga,0,0.800000011920929
0740045364031127552,235343,Green River College,Green River,0,0.6000000238418579
0740045381143887872,236230,Pacific Lutheran University,PLU,0,0.699999988079071
0740045385661153280,236328,University of Puget Sound,Puget Sound,0,0.6000000238418579
0740045399808540672,236595,Seattle University,Seattle U,0,0.699999988079071
0740045416610922496,236939,Washington State University,WSU,0,0.8999999761581421
0740045416610922497,236939,Washington State University,Cougs,1,0.699999988079071
0740045420213829632,236948,University of Washington-Seattle Campus,UW,0,1
0740045420213829633,236948,University of Washington-Seattle Campus,Washington,1,0.8999999761581421
0740045420213829634,236948,University of Washington-Seattle Campus,UW Seattle,2,0.800000011920929
0740045424529768448,237011,Western Washington University,WWU,0,0.800000011920929
0740045424529768449,237011,Western Washington University,Western,1,0.699999988079071
0740045428149452800,237057,Whitman College,Whitman,0,0.6000000238418579
0740045430884139008,237066,Whitworth University,Whitworth,0,0.699999988079071
0740045438131896320,237312,University of Charleston,UC,0,0.4000000059604645
0740045442590441472,237330,Concord University,Concord,0,0.5
0740045444972806144,237367,Fairmont State University,Fairmont State,0,0.5
0740045448844148736,237525,Marshall University,Marshall,0,0.699999988079071
0740045460378484736,237899,West Virginia State University,WVSU,0,0.6000000238418579
0740045461619998720,237792,Shepherd University,Shepherd,0,0.5
0740045466997096448,237932,West Liberty University,West Liberty,0,0.699999988079071
0740045472617463808,237950,West Virginia University Institute of Technology,WVU Tech,0,0.699999988079071
0740045475243098112,238032,West Virginia University,WVU,0,1
0740045475243098113,238032,West Virginia University,Mountaineers,1,0.699999988079071
0740045492477493248,238616,Concordia University-Wisconsin,Concordia Wisconsin,0,0.6000000238418579
0740045492477493249,238616,Concordia University-Wisconsin,CUW,1,0.5
0740045502531239936,239105,Marquette University,Marquette,0,0.699999988079071
0740045506700378112,239169,Medical College of Wisconsin,MCW,0,0.699999988079071
0740045510676578304,239318,Milwaukee School of Engineering,MSOE,0,0.699999988079071
0740045530138148864,240189,University of Wisconsin-Whitewater,Whitewater,0,0.6000000238418579
0740045532629565440,240268,University of Wisconsin-Eau Claire,UW-Eau Claire,0,0.699999988079071
0740045532629565441,240268,University of Wisconsin-Eau Claire,Eau Claire,1,0.5
0740045534777049088,240277,University of Wisconsin-Green Bay,UW-Green Bay,0,0.6000000238418579
0740045534777049089,240277,University of Wisconsin-Green Bay,Green Bay,1,0.5
0740045536685457408,240329,University of Wisconsin-La Crosse,UW-La Crosse,0,0.699999988079071
0740045536685457409,240329,University of Wisconsin-La Crosse,La Crosse,1,0.5
0740045540384833536,240365,University of Wisconsin-Oshkosh,UW Oshkosh,0,0.699999988079071
0740045544361033728,240417,University of Wisconsin-Stout,Stout,0,0.699999988079071
0740045551466184704,240426,University of Wisconsin-Superior,UW-Superior,0,0.6000000238418579
0740045551466184705,240426,University of Wisconsin-Superior,Superior,1,0.4000000059604645
0740045554880348160,240444,University of Wisconsin-Madison,Wisconsin,0,0.8999999761581421
0740045554880348161,240444,University of Wisconsin-Madison,UW-Madison,1,0.8999999761581421
0740045554880348162,240444,University of Wisconsin-Madison,Badgers,2,0.699999988079071
0740045555886981120,240453,University of Wisconsin-Milwaukee,UWM,0,0.800000011920929
0740045555886981121,240453,University of Wisconsin-Milwaukee,Milwaukee,1,0.6000000238418579
0740045556998471680,240462,University of Wisconsin-Platteville,UW-Platteville,0,0.699999988079071
0740045560332943360,240471,University of Wisconsin-River Falls,UW-River Falls,0,0.6000000238418579
0740045560332943361,240471,University of Wisconsin-River Falls,River Falls,1,0.4000000059604645
0740045562019053568,240480,University of Wisconsin-Stevens Point,Stevens Point,0,0.6000000238418579
0740045562019053569,240480,University of Wisconsin-Stevens Point,UWSP,1,0.5
0740045572328652800,240727,University of Wyoming,Wyoming,0,0.699999988079071
0740045572332847104,240727,University of Wyoming,UWyo,1,0.6000000238418579
0740045577126936576,240754,University of Guam,UOG,0,0.699999988079071
0740045604360552448,241410,Pontifical Catholic University of Puerto Rico-Ponce,PUCPR,0,0.6000000238418579
0740045604360552449,241410,Pontifical Catholic University of Puerto Rico-Ponce,Pontificia,1,0.5
0740045660123824128,243115,University of Puerto Rico-Arecibo,UPR Arecibo,0,0.6000000238418579
0740045660123824129,243115,University of Puerto Rico-Arecibo,UPRA,1,0.5
0740045664322322432,243151,University of Puerto Rico at Cayey,UPR Cayey,0,0.699999988079071
0740045665463173120,243142,University of Puerto Rico-Carolina,UPR Carolina,0,0.699999988079071
0740045668273356800,243160,University of Puerto Rico-Central Administration,UPR,0,0.800000011920929
0740045669883969536,243179,University of Puerto Rico-Humacao,UPR Humacao,0,0.699999988079071
0740045669883969537,243179,University of Puerto Rico-Humacao,UPRH,1,0.6000000238418579
0740045674162159616,243197,University of Puerto Rico-Mayaguez,UPRM,0,0.699999988079071
0740045674162159617,243197,University of Puerto Rico-Mayaguez,Mayaguez,1,0.5
0740045678566178816,243203,University of Puerto Rico-Medical Sciences,UPR Medical Sciences,0,0.699999988079071
0740045678566178817,243203,University of Puerto Rico-Medical Sciences,UPR Med,1,0.6000000238418579
0740045682684985344,243221,University of Puerto Rico-Rio Piedras,UPR-Rio Piedras,0,0.699999988079071
0740045682684985345,243221,University of Puerto Rico-Rio Piedras,UPR-RP,1,0.6000000238418579
0740045701999755264,243780,Purdue University-Main Campus,Purdue,0,1
0740045714268094464,245652,St. John's College,St. John's,0,0.6000000238418579
0740045733750636544,247649,Landmark College,Landmark,0,0.6000000238418579
0740045746190942208,262129,New College of Florida,New College,0,0.699999988079071
0740045795377545216,377564,University of Washington-Tacoma Campus,UW Tacoma,0,0.699999988079071
0740045827292004352,385415,Albert Einstein College of Medicine,Einstein,0,0.699999988079071
0740045851858042880,407629,Lake Erie College of Osteopathic Medicine,LECOM,0,0.699999988079071
0740045872405938176,416801,The University of Texas MD Anderson Cancer Center,MD Anderson,0,0.8999999761581421
0740045872405938177,416801,The University of Texas MD Anderson Cancer Center,MDACC,1,0.699999988079071
0740045900407111680,426314,Embry-Riddle Aeronautical University-Worldwide,Embry-Riddle,0,0.800000011920929
0740045900407111681,426314,Embry-Riddle Aeronautical University-Worldwide,ERAU,1,0.699999988079071
0740045924394336256,433387,Western Governors University,WGU,0,0.800000011920929
0740045929125511168,433660,Florida Gulf Coast University,FGCU,0,0.699999988079071
0740045943532945408,436818,University of Connecticut-Waterbury Campus,UConn Waterbury,0,0.6000000238418579
0740046036331921408,443410,DigiPen Institute of Technology,DigiPen,0,0.800000011920929
0740046237566238720,456959,University of Minnesota-Rochester,UMN Rochester,0,0.5
0740046237566238721,456959,University of Minnesota-Rochester,UMNR,1,0.30000001192092896
0740046280197144576,459949,Texas A&M University-San Antonio,Texas A&M San Antonio,0,0.699999988079071
0740046280197144577,459949,Texas A&M University-San Antonio,TAMU-SA,1,0.6000000238418579
0740046359473684480,479956,Pennsylvania State University-World Campus,Penn State World Campus,0,0.699999988079071
0740046393707593728,482149,Augusta University,Augusta,0,0.699999988079071
0740046396173844480,482158,Middle Georgia State University,Middle Georgia State,0,0.5
0740046396173844481,482158,Middle Georgia State University,MGA,1,0.4000000059604645
0740046422673457152,482680,University of North Georgia,UNG,0,0.699999988079071
0740046422673457153,482680,University of North Georgia,North Georgia,1,0.6000000238418579
0740046454785048576,485111,Georgia Military College,GMC,0,0.6000000238418579
0740046483868352512,486840,Kennesaw State University,KSU,0,0.699999988079071
0740046497105575936,487010,The University of Tennessee Health Science Center,UTHSC,0,0.699999988079071
0740046572091342848,490805,Purdue University Northwest,Purdue Northwest,0,0.699999988079071
0740046572091342849,490805,Purdue University Northwest,PNW,1,0.6000000238418579
0740046598737756160,492263,The University of Tennessee System Office,UT,0,0.8999999761581421
0740046598737756161,492263,The University of Tennessee System Office,Tennessee,1,0.800000011920929
0740046752073121792,498571,Pennsylvania Western University,PennWest California,0,0.699999988079071
0740046752073121793,498571,Pennsylvania Western University,PennWest,1,0.699999988079071
0740051355019771904,230746,Salt Lake Community College,SLCC,0,0.699999988079071
0740051426826256384,224642,El Paso Community College,EPCC,0,0.699999988079071
0740051735166320640,210605,Community College of Allegheny County,CCAC,0,0.699999988079071
0740051778233434112,208406,Clackamas Community College,Clackamas,0,0.6000000238418579
0740051778233434113,208406,Clackamas Community College,CCC,1,0.5
0740051985641766912,198260,Central Piedmont Community College,CPCC,0,0.6000000238418579
0740051985641766913,198260,Central Piedmont Community College,Central Piedmont,1,0.5
0740052087643045888,191719,Hudson Valley Community College,Hudson Valley,0,0.6000000238418579
0740052106374807552,191083,Erie Community College,Erie CC,0,0.5
0740052113324769280,190521,CUNY Borough of Manhattan Community College,BMCC,0,0.699999988079071
0740052115916849152,190619,CUNY Kingsborough Community College,Kingsborough,0,0.6000000238418579
0740052115916849153,190619,CUNY Kingsborough Community College,KBCC,1,0.5
0740052117204500480,190628,CUNY LaGuardia Community College,LaGuardia,0,0.699999988079071
0740052121717571584,190673,CUNY Queensborough Community College,Queensborough,0,0.5
0740052121717571585,190673,CUNY Queensborough Community College,QCC,1,0.4000000059604645
0740052143414706176,189547,SUNY Broome Community College,SUNY Broome,0,0.6000000238418579
0740052143414706177,189547,SUNY Broome Community College,Broome,1,0.5
0740052187786248192,187912,New Mexico Military Institute,NMMI,0,0.699999988079071
0740052473632260096,169275,Mott Community College,Mott,0,0.6000000238418579
0740052478531207168,167534,Quinsigamond Community College,QCC,0,0.6000000238418579
0740052520411332608,165112,Bunker Hill Community College,Bunker Hill,0,0.6000000238418579
0740052571799945216,159407,Louisiana State University-Eunice,LSU Eunice,0,0.699999988079071
0740052576220741632,160579,SOWELA Technical Community College,SOWELA,0,0.699999988079071
0740052829044998144,146366,Kaskaskia College,Kaskaskia,0,0.5
0740053085103063040,122791,College of San Mateo,CSM,0,0.699999988079071
0740053090836676608,123013,Santa Rosa Junior College,SRJC,0,0.699999988079071
0740053096339603456,122889,Santa Barbara City College,SBCC,0,0.699999988079071
0740053109107064832,121044,Pasadena City College,PCC,0,0.699999988079071
0740053118674272256,120342,Orange Coast College,Orange Coast,0,0.699999988079071
0740053125334827008,119164,Mt San Antonio College,Mt SAC,0,0.800000011920929
0740053135157886976,118718,Merced College,Merced,0,0.5
0740053142669885440,117690,Los Angeles Harbor College,LA Harbor,0,0.5
0740053142669885441,117690,Los Angeles Harbor College,Harbor College,1,0.4000000059604645
0740053144397938688,117706,Los Angeles Pierce College,Pierce,0,0.6000000238418579
0740053173871312896,117645,Long Beach City College,LBCC,0,0.6000000238418579
0740053195367120896,114789,Fresno City College,Fresno City,0,0.5
0740053195367120897,114789,Fresno City College,FCC,1,0.4000000059604645
0740053210097516544,112686,Compton College,Compton,0,0.5
0740053211838152704,113634,Diablo Valley College,DVC,0,0.6000000238418579
0740053239205986304,112190,City College of San Francisco,CCSF,0,0.699999988079071
0740053258139074560,109208,American River College,American River,0,0.5
0740053342243258368,105525,Pima Community College,Pima,0,0.5
0740054470427148288,145725,Illinois Institute of Technology,IIT,0,0.800000011920929
0740054476638912512,166638,University of Massachusetts-Boston,UMass Boston,0,0.800000011920929
0740054476643106816,166638,University of Massachusetts-Boston,Mass Boston,1,0.5
0740054476643106817,190512,CUNY Bernard M Baruch College,"CUNY, Baruch College",0,0.5
0740054476643106818,196097,Stony Brook University,"Stony Brook University, SUNY",0,0.5
0740054476643106819,234076,University of Virginia-Main Campus,University of Virginia,0,0.5
0740054476643106820,196079,Binghamton University,"Binghamton University, SUNY",0,0.5
0740054476643106821,190150,Columbia University in the City of New York,Columbia University,0,0.5
0740054476643106822,186380,Rutgers University-New Brunswick,Rutgers University,0,0.5
0740054476643106823,231624,William & Mary,College of William & Mary,0,0.5
0740054476643106824,190567,CUNY City College,"CUNY, The City College of New York",0,0.5
0740054476643106825,196060,University at Albany,"University at Albany, SUNY",0,0.5
0740054476643106826,196167,SUNY College at Geneseo,"SUNY, Geneseo",0,0.5
0740054476643106827,207388,Oklahoma State University-Main Campus,Oklahoma State University,0,0.5
0740054476643106828,180416,Montana Technological University,Montana Tech of the University of Montana,0,0.5
0740054476643106829,196592,Touro University,Touro College,0,0.5
0740054476643106830,188030,New Mexico State University-Main Campus,New Mexico State University,0,0.5
0740054476643106831,196176,State University of New York at New Paltz,"SUNY, College at New Paltz",0,0.5
0740054476643106832,201885,University of Cincinnati-Main Campus,University of Cincinnati,0,0.5
0740054476643106833,215293,University of Pittsburgh-Pittsburgh Campus,University of Pittsburgh,0,0.5
0740054476643106834,196185,SUNY Oneonta,"SUNY, College at Oneonta",0,0.5
0740054476643106835,228723,Texas A & M University-College Station,Texas A&M University,0,0.5
0740054476643106836,196088,University at Buffalo,University at Buffalo--SUNY,0,0.5
0740054476643106837,178396,University of Missouri-Columbia,University of Missouri,0,0.5
0740054476643106838,207500,University of Oklahoma-Norman Campus,The University of Oklahoma,0,0.5
0740054476643106839,153603,Iowa State University,Iowa State University of Science and Technology,0,0.5
