Id,CreatedAt,UnitId,InstName,InstUrl,Slug
0743554964806172672,2025-08-13T19:41:58.1946407+00:00,134097,Florida State University,https://www.fsu.edu,fsu
0743554964806172673,2025-08-13T19:41:58.1946503+00:00,164988,Boston University,https://www.bu.edu,bu
0743554964806172674,2025-08-13T19:41:58.1946584+00:00,214777,Pennsylvania State University-Main Campus,https://www.psu.edu,psu
0743554964818755584,2025-08-13T19:41:58.1970017+00:00,123961,University of Southern California,https://www.usc.edu,usc
0743554964822949888,2025-08-13T19:41:58.1970127+00:00,122409,San Diego State University,https://www.sdsu.edu,sdsu
0743554964848115712,2025-08-13T19:41:58.2035395+00:00,110583,California State University-Long Beach,https://www.csulb.edu,csulb
0743554964848115713,2025-08-13T19:41:58.2035566+00:00,137351,University of South Florida,https://www.usf.edu,usf
0743554964848115714,2025-08-13T19:41:58.2035565+00:00,167358,Northeastern University,https://www.northeastern.edu,northeastern
0743554964848115715,2025-08-13T19:41:58.2035703+00:00,110635,University of California-Berkeley,https://www.berkeley.edu,berkeley
0743554964848115716,2025-08-13T19:41:58.2035705+00:00,110680,University of California-San Diego,https://www.ucsd.edu,ucsd
0743554964848115717,2025-08-13T19:41:58.2035777+00:00,170976,University of Michigan-Ann Arbor,https://umich.edu,umich
0743554964848115718,2025-08-13T19:41:58.2035824+00:00,193900,New York University,https://www.nyu.edu,nyu
0743554964848115719,2025-08-13T19:41:58.2038314+00:00,110705,University of California-Santa Barbara,https://www.ucsb.edu,ucsb
0743554965150105600,2025-08-13T19:41:58.2755585+00:00,110653,University of California-Irvine,https://www.uci.edu,uci
0743554965150105601,2025-08-13T19:41:58.2755584+00:00,110662,University of California-Los Angeles,https://www.ucla.edu,ucla
0743554965150105602,2025-08-13T19:41:58.2755585+00:00,243780,Purdue University-Main Campus,https://www.purdue.edu,purdue
0743554965150105603,2025-08-13T19:41:58.2755729+00:00,104151,Arizona State University Campus Immersion,https://www.asu.edu,asu
0743554965150105604,2025-08-13T19:41:58.2755763+00:00,110714,University of California-Santa Cruz,https://www.ucsc.edu,ucsc
0743554965150105605,2025-08-13T19:41:58.2755925+00:00,190415,Cornell University,https://www.cornell.edu,cornell
0743554965150105606,2025-08-13T19:41:58.2756120+00:00,110644,University of California-Davis,https://ucdavis.edu,ucdavis
0743554965317877760,2025-08-13T19:41:58.3158087+00:00,190150,Columbia University in the City of New York,https://www.columbia.edu,columbia
0743554965317877761,2025-08-13T19:41:58.3158169+00:00,240444,University of Wisconsin-Madison,https://www.wisc.edu,wisc
0743554965317877762,2025-08-13T19:41:58.3159221+00:00,145637,University of Illinois Urbana-Champaign,https://www.illinois.edu,illinois
0743554965317877763,2025-08-13T19:41:58.3159989+00:00,204796,Ohio State University-Main Campus,https://www.osu.edu,osu
0743554965322072064,2025-08-13T19:41:58.3160855+00:00,134130,University of Florida,https://www.ufl.edu,ufl
0743554965322072065,2025-08-13T19:41:58.3163578+00:00,166027,Harvard University,https://www.harvard.edu,harvard
0743554965447901184,2025-08-13T19:41:58.3460099+00:00,110422,California Polytechnic State University-San Luis Obispo,https://calpoly.edu,calpoly
0743554965707948032,2025-08-13T19:41:58.4086073+00:00,171100,Michigan State University,https://www.msu.edu,msu
0743554965972189184,2025-08-13T19:41:58.4711582+00:00,228778,The University of Texas at Austin,https://www.utexas.edu,utexas
0743554966290956288,2025-08-13T19:41:58.5474722+00:00,163286,University of Maryland-College Park,https://www.umd.edu,umd
0743554966530031616,2025-08-13T19:41:58.6041773+00:00,236948,University of Washington-Seattle Campus,https://www.washington.edu,washington
0743554966769106944,2025-08-13T19:41:58.6610886+00:00,215293,University of Pittsburgh-Pittsburgh Campus,https://www.pitt.edu,pitt
0743554967033348096,2025-08-13T19:41:58.7245841+00:00,100751,The University of Alabama,https://www.ua.edu,ua
0743554967289200640,2025-08-13T19:41:58.7851490+00:00,126614,University of Colorado Boulder,https://www.colorado.edu,colorado
0743554967557636096,2025-08-13T19:41:58.8495245+00:00,110671,University of California-Riverside,https://www.ucr.edu,ucr
0743554967817682944,2025-08-13T19:41:58.9118166+00:00,151351,Indiana University-Bloomington,https://www.indiana.edu,indiana
0743554968081924096,2025-08-13T19:41:58.9742892+00:00,104179,University of Arizona,https://www.arizona.edu,arizona
0743554968354553856,2025-08-13T19:41:59.0397344+00:00,135726,University of Miami,https://www.miami.edu,miami
0743554968606212096,2025-08-13T19:41:59.0990987+00:00,217156,Brown University,https://www.brown.edu,brown
0743554968874647552,2025-08-13T19:41:59.1634422+00:00,243744,Stanford University,https://www.stanford.edu,stanford
0743554969134694400,2025-08-13T19:41:59.2252185+00:00,234076,University of Virginia-Main Campus,https://www.virginia.edu,virginia
0743554969394741248,2025-08-13T19:41:59.2871431+00:00,199120,University of North Carolina at Chapel Hill,https://www.unc.edu,unc
0743554969650593792,2025-08-13T19:41:59.3482128+00:00,198419,Duke University,https://www.duke.edu,duke
0743554969914834944,2025-08-13T19:41:59.4112338+00:00,110565,California State University-Fullerton,https://www.fullerton.edu,fullerton
0743554970170687488,2025-08-13T19:41:59.4725565+00:00,132903,University of Central Florida,https://www.ucf.edu,ucf
0743554970430734336,2025-08-13T19:41:59.5344294+00:00,130794,Yale University,https://www.yale.edu,yale
0743554970690781184,2025-08-13T19:41:59.5967216+00:00,147767,Northwestern University,https://www.northwestern.edu,northwestern
0743554970950828032,2025-08-13T19:41:59.6586614+00:00,139755,Georgia Institute of Technology-Main Campus,https://www.gatech.edu,gatech
0743554971227652096,2025-08-13T19:41:59.7245721+00:00,221999,Vanderbilt University,https://www.vanderbilt.edu,vanderbilt
0743554971466727424,2025-08-13T19:41:59.7818905+00:00,217882,Clemson University,https://www.clemson.edu,clemson
0743554971730968576,2025-08-13T19:41:59.8447508+00:00,186380,Rutgers University-New Brunswick,https://newbrunswick.rutgers.edu,rutgers
0743554971995209728,2025-08-13T19:41:59.9076664+00:00,218663,University of South Carolina-Columbia,https://www.sc.edu,sc
0743554972251062272,2025-08-13T19:41:59.9687147+00:00,233921,Virginia Polytechnic Institute and State University,https://www.vt.edu,vt
0743554972515303424,2025-08-13T19:42:00.0311521+00:00,196413,Syracuse University,https://www.syracuse.edu,syracuse
0743554972775350272,2025-08-13T19:42:00.0936589+00:00,215062,University of Pennsylvania,https://www.upenn.edu,upenn
0743554973043785728,2025-08-13T19:42:00.1577640+00:00,223232,Baylor University,https://www.baylor.edu,baylor
0743554973295443968,2025-08-13T19:42:00.2171180+00:00,129020,University of Connecticut,https://uconn.edu,uconn
0743554973563879424,2025-08-13T19:42:00.2814526+00:00,196097,Stony Brook University,https://www.stonybrook.edu,stonybrook
0743554973836509184,2025-08-13T19:42:00.3462116+00:00,191241,Fordham University,https://www.fordham.edu,fordham
0743554974083973120,2025-08-13T19:42:00.4053919+00:00,139959,University of Georgia,https://www.uga.edu,uga
0743554974344019968,2025-08-13T19:42:00.4673016+00:00,166629,University of Massachusetts-Amherst,https://www.umass.edu,umass
0743554974604066816,2025-08-13T19:42:00.5298423+00:00,216339,Temple University,https://www.temple.edu,temple
0743554974868307968,2025-08-13T19:42:00.5927145+00:00,110529,California State Polytechnic University-Pomona,https://www.cpp.edu,cpp
0743554975132549120,2025-08-13T19:42:00.6553462+00:00,228723,Texas A & M University-College Station,https://www.tamu.edu,tamu
0743554975400984576,2025-08-13T19:42:00.7193528+00:00,146719,Loyola University Chicago,https://www.luc.edu,luc
0743554975665225728,2025-08-13T19:42:00.7821678+00:00,186131,Princeton University,https://www.princeton.edu,princeton
0743554975921078272,2025-08-13T19:42:00.8435035+00:00,105330,Northern Arizona University,https://nau.edu,nau
0743554976185319424,2025-08-13T19:42:00.9065248+00:00,159391,Louisiana State University and Agricultural & Mechanical College,https://www.lsu.edu,lsu
0743554976436977664,2025-08-13T19:42:00.9664711+00:00,201645,Case Western Reserve University,https://www.case.edu,case
0743554976709607424,2025-08-13T19:42:01.0313031+00:00,196079,Binghamton University,https://www.binghamton.edu,binghamton
0743554976965459968,2025-08-13T19:42:01.0929738+00:00,164924,Boston College,https://www.bc.edu,bc
0743554977233895424,2025-08-13T19:42:01.1560934+00:00,221759,The University of Tennessee-Knoxville,https://www.utk.edu,utk
0743554977506525184,2025-08-13T19:42:01.2217549+00:00,183026,Southern New Hampshire University,https://www.snhu.edu,snhu
0743554977745600512,2025-08-13T19:42:01.2783187+00:00,137847,The University of Tampa,https://www.ut.edu,ut
0743554978005647360,2025-08-13T19:42:01.3410032+00:00,199193,North Carolina State University at Raleigh,https://www.ncsu.edu,ncsu
0743554978269888512,2025-08-13T19:42:01.4034649+00:00,209551,University of Oregon,https://www.uoregon.edu,uoregon
0743554978538323968,2025-08-13T19:42:01.4677188+00:00,211440,Carnegie Mellon University,https://www.cmu.edu,cmu
0743554978798370816,2025-08-13T19:42:01.5296363+00:00,212054,Drexel University,https://drexel.edu,drexel
0743554979054223360,2025-08-13T19:42:01.5900492+00:00,144050,University of Chicago,https://www.uchicago.edu,uchicago
0743554979318464512,2025-08-13T19:42:01.6530683+00:00,168148,Tufts University,https://www.tufts.edu,tufts
0743554979578511360,2025-08-13T19:42:01.7154599+00:00,122755,San Jose State University,https://www.sjsu.edu,sjsu
0743554979842752512,2025-08-13T19:42:01.7784559+00:00,174066,University of Minnesota-Twin Cities,https://twin-cities.umn.edu,umn
0743554980102799360,2025-08-13T19:42:01.8407691+00:00,166683,Massachusetts Institute of Technology,https://web.mit.edu,mit
0743554980367040512,2025-08-13T19:42:01.9037870+00:00,110592,California State University-Los Angeles,https://www.calstatela.edu,calstatela
0743554980627087360,2025-08-13T19:42:01.9650225+00:00,229115,Texas Tech University,https://www.ttu.edu,ttu
0743554980887134208,2025-08-13T19:42:02.0279368+00:00,130943,University of Delaware,https://www.udel.edu,udel
0743554981151375360,2025-08-13T19:42:02.0906542+00:00,144740,DePaul University,https://www.depaul.edu,depaul
0743554981407227904,2025-08-13T19:42:02.1514717+00:00,139658,Emory University,https://www.emory.edu,emory
0743554981667274752,2025-08-13T19:42:02.2133673+00:00,227757,Rice University,https://www.rice.edu,rice
0743554981923127296,2025-08-13T19:42:02.2743925+00:00,160755,Tulane University of Louisiana,https://tulane.edu,tulane
0743554982443220992,2025-08-13T19:42:02.3981499+00:00,179867,Washington University in St Louis,https://wustl.edu,wustl
0743554982724239360,2025-08-13T19:42:02.4656807+00:00,232557,Liberty University,https://www.liberty.edu,liberty
0743554982984286208,2025-08-13T19:42:02.5277808+00:00,232423,James Madison University,https://www.jmu.edu,jmu
0743554983240138752,2025-08-13T19:42:02.5885437+00:00,231174,University of Vermont,https://www.uvm.edu,uvm
0743554983491796992,2025-08-13T19:42:02.6489196+00:00,204024,Miami University-Oxford,https://miamioh.edu,miamioh
0743554983760232448,2025-08-13T19:42:02.7122272+00:00,162928,Johns Hopkins University,https://www.jhu.edu,jhu
0743554984020279296,2025-08-13T19:42:02.7747009+00:00,126818,Colorado State University-Fort Collins,https://colostate.edu,colostate
0743554984276131840,2025-08-13T19:42:02.8357036+00:00,201885,University of Cincinnati-Main Campus,https://www.uc.edu,uc
0743554984536178688,2025-08-13T19:42:02.8979374+00:00,445188,University of California-Merced,https://ucmerced.edu,ucmerced
0743554984808808448,2025-08-13T19:42:02.9622932+00:00,228459,Texas State University,https://www.txst.edu,txst
0743554985064660992,2025-08-13T19:42:03.0232801+00:00,180461,Montana State University,https://www.montana.edu,montana
0743554985333096448,2025-08-13T19:42:03.0871273+00:00,131469,George Washington University,https://www.gwu.edu,gwu
0743554985584754688,2025-08-13T19:42:03.1475980+00:00,122597,San Francisco State University,https://www.sfsu.edu,sfsu
0743554985844801536,2025-08-13T19:42:03.2095636+00:00,152080,University of Notre Dame,https://www.nd.edu,nd
0743554986104848384,2025-08-13T19:42:03.2712279+00:00,196088,University at Buffalo,https://www.buffalo.edu,buffalo
0743554986364895232,2025-08-13T19:42:03.3337323+00:00,106397,University of Arkansas,https://www.uark.edu,uark
0743554986624942080,2025-08-13T19:42:03.3955242+00:00,131496,Georgetown University,https://www.georgetown.edu,georgetown
0743554986884988928,2025-08-13T19:42:03.4576082+00:00,225511,University of Houston,https://www.uh.edu,uh
0743554987149230080,2025-08-13T19:42:03.5201312+00:00,110608,California State University-Northridge,https://www.csun.edu,csun
0743554987409276928,2025-08-13T19:42:03.5820764+00:00,100858,Auburn University,https://www.auburn.edu,auburn
0743554987677712384,2025-08-13T19:42:03.6462712+00:00,194310,Pace University,https://www.pace.edu,pace
0743554987933564928,2025-08-13T19:42:03.7075187+00:00,227216,University of North Texas,https://www.unt.edu,unt
0743554988394938368,2025-08-13T19:42:03.8170470+00:00,190549,CUNY Brooklyn College,https://www.brooklyn.cuny.edu,cuny-brooklyn
0743554988462047232,2025-08-13T19:42:03.8335810+00:00,153658,University of Iowa,https://uiowa.edu,uiowa
0743554988994723840,2025-08-13T19:42:03.9602453+00:00,104717,Grand Canyon University,https://www.gcu.edu,gcu
0743554989057638400,2025-08-13T19:42:03.9759111+00:00,190594,CUNY Hunter College,https://www.hunter.cuny.edu,cuny
0743554989250576384,2025-08-13T19:42:04.0212281+00:00,209542,Oregon State University,https://oregonstate.edu,oregonstate
0743554989770670080,2025-08-13T19:42:04.1458266+00:00,110617,California State University-Sacramento,https://www.csus.edu,csus
0743554990026522624,2025-08-13T19:42:04.2061817+00:00,139940,Georgia State University,https://www.gsu.edu,gsu
0743554990286569472,2025-08-13T19:42:04.2685435+00:00,147703,Northern Illinois University,https://www.niu.edu,niu
0743554990546616320,2025-08-13T19:42:04.3305416+00:00,182670,Dartmouth College,https://www.dartmouth.edu,dartmouth
0743554990798274560,2025-08-13T19:42:04.3907758+00:00,133669,Florida Atlantic University,https://www.fau.edu,fau
0743554991049932800,2025-08-13T19:42:04.4508914+00:00,196060,University at Albany,https://www.albany.edu,albany
0743554991318368256,2025-08-13T19:42:04.5143915+00:00,195809,St. John's University-New York,https://www.stjohns.edu,stjohns
0743554991578415104,2025-08-13T19:42:04.5769285+00:00,191649,Hofstra University,https://www.hofstra.edu,hofstra
0743554991838461952,2025-08-13T19:42:04.6387410+00:00,186584,Seton Hall University,https://www.shu.edu,shu
0743554992098508800,2025-08-13T19:42:04.7002343+00:00,217484,University of Rhode Island,https://web.uri.edu,uri
0743554992354361344,2025-08-13T19:42:04.7619066+00:00,150136,Ball State University,https://www.bsu.edu,bsu
0743554992614408192,2025-08-13T19:42:04.8230672+00:00,122612,University of San Francisco,https://www.usfca.edu,usfca
0743554992874455040,2025-08-13T19:42:04.8853010+00:00,204857,Ohio University-Main Campus,https://www.ohio.edu,ohio
0743554993134501888,2025-08-13T19:42:04.9472600+00:00,199102,North Carolina A & T State University,https://www.ncat.edu,ncat
0743554993394548736,2025-08-13T19:42:05.0092399+00:00,176017,University of Mississippi,https://www.olemiss.edu,olemiss
0743554993650401280,2025-08-13T19:42:05.0709019+00:00,195003,Rochester Institute of Technology,https://www.rit.edu,rit
0743554993918836736,2025-08-13T19:42:05.1345432+00:00,157085,University of Kentucky,https://www.uky.edu,uky
0743554994187272192,2025-08-13T19:42:05.1986904+00:00,216597,Villanova University,https://www.villanova.edu,villanova
0743554994438930432,2025-08-13T19:42:05.2588539+00:00,190637,CUNY Lehman College,https://www.lehman.edu,lehman
0743554994694782976,2025-08-13T19:42:05.3194891+00:00,197869,Appalachian State University,https://www.appstate.edu,appstate
0743554994959024128,2025-08-13T19:42:05.3822554+00:00,228787,The University of Texas at Dallas,https://www.utdallas.edu,utdallas
0743554995219070976,2025-08-13T19:42:05.4445300+00:00,117946,Loyola Marymount University,https://www.lmu.edu,lmu
0743554995479117824,2025-08-13T19:42:05.5063609+00:00,110538,California State University-Chico,https://www.csuchico.edu,csuchico
0743554995730776064,2025-08-13T19:42:05.5666203+00:00,198464,East Carolina University,https://www.ecu.edu,ecu
0743554995995017216,2025-08-13T19:42:05.6293252+00:00,190664,CUNY Queens College,https://www.qc.cuny.edu,cuny-queens
0743554996255064064,2025-08-13T19:42:05.6911501+00:00,217819,College of Charleston,https://www.cofc.edu,cofc
0743554996515110912,2025-08-13T19:42:05.7530482+00:00,229027,The University of Texas at San Antonio,https://www.utsa.edu,utsa
0743554996779352064,2025-08-13T19:42:05.8169641+00:00,207500,University of Oklahoma-Norman Campus,https://www.ou.edu,ou
0743554997051981824,2025-08-13T19:42:05.8819568+00:00,486840,Kennesaw State University,https://www.kennesaw.edu,kennesaw
0743554997303640064,2025-08-13T19:42:05.9410232+00:00,199139,University of North Carolina at Charlotte,https://www.charlotte.edu,charlotte
0743554997572075520,2025-08-13T19:42:06.0052389+00:00,484844,Minerva University,https://minerva.edu,minerva
0743554997832122368,2025-08-13T19:42:06.0672159+00:00,230764,University of Utah,https://www.utah.edu,utah
0743554998092169216,2025-08-13T19:42:06.1298275+00:00,203517,Kent State University at Kent,https://www.kent.edu,kent
0743554998348021760,2025-08-13T19:42:06.1909982+00:00,153603,Iowa State University,https://www.iastate.edu,iastate
0743554998608068608,2025-08-13T19:42:06.2529097+00:00,199962,Wingate University,https://www.wingate.edu,wingate
0743554998876504064,2025-08-13T19:42:06.3160222+00:00,145600,University of Illinois Chicago,https://www.uic.edu,uic
0743554999144939520,2025-08-13T19:42:06.3802037+00:00,232186,George Mason University,https://www2.gmu.edu,gmu
0743554999396597760,2025-08-13T19:42:06.4406281+00:00,169248,Central Michigan University,https://www.cmich.edu,cmich
0743554999648256000,2025-08-13T19:42:06.5006818+00:00,183044,University of New Hampshire-Main Campus,https://www.unh.edu,unh
0743554999908302848,2025-08-13T19:42:06.5625327+00:00,228769,The University of Texas at Arlington,https://www.uta.edu,uta
0743555000176738304,2025-08-13T19:42:06.6263507+00:00,145813,Illinois State University,https://illinoisstate.edu,illinoisstate
0743555000432590848,2025-08-13T19:42:06.6871535+00:00,136172,University of North Florida,https://www.unf.edu,unf
0743555000956878848,2025-08-13T19:42:06.8127055+00:00,190099,Colgate University,https://www.colgate.edu,colgate
0743555001212731392,2025-08-13T19:42:06.8737725+00:00,166638,University of Massachusetts-Boston,https://www.umb.edu,umb
0743555001476972544,2025-08-13T19:42:06.9365445+00:00,178396,University of Missouri-Columbia,https://missouri.edu,missouri
0743555001741213696,2025-08-13T19:42:06.9995466+00:00,131159,American University,https://www.american.edu,american
0743555001997066240,2025-08-13T19:42:07.0608197+00:00,185590,Montclair State University,https://www.montclair.edu,montclair
0743555002261307392,2025-08-13T19:42:07.1234566+00:00,127060,University of Denver,https://www.du.edu,du
0743555002512965632,2025-08-13T19:42:07.1836600+00:00,110547,California State University-Dominguez Hills,https://www.csudh.edu,csudh
0743555002777206784,2025-08-13T19:42:07.2464156+00:00,195030,University of Rochester,https://www.rochester.edu,rochester
0743555003116945408,2025-08-13T19:42:07.3274006+00:00,202480,University of Dayton,https://udayton.edu,udayton
0743555003351826432,2025-08-13T19:42:07.3833984+00:00,131520,Howard University,https://www.howard.edu,howard
0743555003624456192,2025-08-13T19:42:07.4483127+00:00,172699,Western Michigan University,https://wmich.edu,wmich
0743555003834171392,2025-08-13T19:42:07.4983206+00:00,141574,University of Hawaii at Manoa,https://manoa.hawaii.edu,hawaii
0743555004157132800,2025-08-13T19:42:07.5756636+00:00,110556,California State University-Fresno,https://www.fresnostate.edu,fresnostate
0743555004417179648,2025-08-13T19:42:07.6374343+00:00,176080,Mississippi State University,https://www.msstate.edu,msstate
0743555004673032192,2025-08-13T19:42:07.6984789+00:00,181464,University of Nebraska-Lincoln,https://www.unl.edu,unl
0743555004886941696,2025-08-13T19:42:07.7490755+00:00,130226,Quinnipiac University,https://www.qu.edu,qu
0743555005201514496,2025-08-13T19:42:07.8246511+00:00,169798,Eastern Michigan University,https://www.emich.edu,emich
0743555005335732224,2025-08-13T19:42:07.8562999+00:00,190655,CUNY New York City College of Technology,https://www.citytech.cuny.edu,citytech-nyc
0743555005461561344,2025-08-13T19:42:07.8869561+00:00,234030,Virginia Commonwealth University,https://www.vcu.edu,vcu
0743555005721608192,2025-08-13T19:42:07.9480582+00:00,207388,Oklahoma State University-Main Campus,https://www.okstate.edu,okstate
0743555005964877824,2025-08-13T19:42:08.0063738+00:00,151324,Indiana State University,https://www.indstate.edu,indstate
0743555006254284800,2025-08-13T19:42:08.0757446+00:00,164076,Towson University,https://www.towson.edu,towson
0743555006514331648,2025-08-13T19:42:08.1377105+00:00,200004,Western Carolina University,https://www.wcu.edu,wcu
0743555006774378496,2025-08-13T19:42:08.1997572+00:00,198516,Elon University,https://www.elon.edu,elon
0743555007260917760,2025-08-13T19:42:08.3155292+00:00,188429,Adelphi University,https://www.adelphi.edu,adelphi
0743555007558713344,2025-08-13T19:42:08.3861805+00:00,170082,Grand Valley State University,https://www.gvsu.edu,gvsu
0743555007835537408,2025-08-13T19:42:08.4520653+00:00,230603,Southern Utah University,https://www.suu.edu,suu
0743555008078807040,2025-08-13T19:42:08.5109927+00:00,133951,Florida International University,https://www.fiu.edu,fiu
0743555008292716544,2025-08-13T19:42:08.5618943+00:00,201441,Bowling Green State University-Main Campus,https://www.bgsu.edu,bgsu
0743555008619872256,2025-08-13T19:42:08.6395540+00:00,194824,Rensselaer Polytechnic Institute,https://www.rpi.edu,rpi
0743555008896696320,2025-08-13T19:42:08.7051463+00:00,163453,Morgan State University,https://www.morgan.edu,morgan
0743555009135771648,2025-08-13T19:42:08.7622606+00:00,199847,Wake Forest University,https://www.wfu.edu,wfu
0743555009345486848,2025-08-13T19:42:08.8127608+00:00,236939,Washington State University,https://wsu.edu,wsu
0743555009664253952,2025-08-13T19:42:08.8882469+00:00,231624,William & Mary,https://www.wm.edu,wm
0743555009878163456,2025-08-13T19:42:08.9394756+00:00,190600,CUNY John Jay College of Criminal Justice,https://www.jjay.cuny.edu,johnjay-nyc
0743555009924300800,2025-08-13T19:42:08.9501938+00:00,184782,Rowan University,https://www.rowan.edu,rowan
0743555010188541952,2025-08-13T19:42:09.0130184+00:00,218724,Coastal Carolina University,https://www.coastal.edu,coastal
0743555010415034368,2025-08-13T19:42:09.0675526+00:00,240453,University of Wisconsin-Milwaukee,https://uwm.edu,uwm
0743555010708635648,2025-08-13T19:42:09.1378969+00:00,110404,California Institute of Technology,https://www.caltech.edu,caltech
0743555010981265408,2025-08-13T19:42:09.2025608+00:00,227881,Sam Houston State University,https://www.shsu.edu,shsu
0743555011245506560,2025-08-13T19:42:09.2653044+00:00,122931,Santa Clara University,https://www.scu.edu,scu
0743555011480387584,2025-08-13T19:42:09.3210874+00:00,238032,West Virginia University,https://www.wvu.edu,wvu
0743555011765600256,2025-08-13T19:42:09.3898462+00:00,228875,Texas Christian University,https://www.tcu.edu,tcu
0743555012013064192,2025-08-13T19:42:09.4482085+00:00,155317,University of Kansas,https://ku.edu,ku
0743555012382162944,2025-08-13T19:42:09.5368750+00:00,190691,CUNY York College,https://www.york.cuny.edu,cuny-jamaica
0743555012528963584,2025-08-13T19:42:09.5711512+00:00,161086,Colby College,https://www.colby.edu,colby
0743555012734484480,2025-08-13T19:42:09.6209015+00:00,156620,Eastern Kentucky University,https://www.eku.edu,eku
0743555013074223104,2025-08-13T19:42:09.7019779+00:00,220862,University of Memphis,https://www.memphis.edu,memphis
0743555013338464256,2025-08-13T19:42:09.7645309+00:00,138947,Clark Atlanta University,https://www.cau.edu,cau
0743555013585928192,2025-08-13T19:42:09.8233386+00:00,188030,New Mexico State University-Main Campus,https://www.nmsu.edu,nmsu
0743555013791449088,2025-08-13T19:42:09.8727022+00:00,230728,Utah State University,https://www.usu.edu,usu
0743555014122799104,2025-08-13T19:42:09.9519064+00:00,142115,Boise State University,https://www.boisestate.edu,boisestate
0743555014387040256,2025-08-13T19:42:10.0143963+00:00,157289,University of Louisville,https://www.louisville.edu,louisville
0743555014655475712,2025-08-13T19:42:10.0781802+00:00,126562,University of Colorado Denver/Anschutz Medical Campus,https://www.ucdenver.edu,ucdenver
0743555014844219392,2025-08-13T19:42:10.1232738+00:00,110510,California State University-San Bernardino,https://www.csusb.edu,csusb
0743555015154597888,2025-08-13T19:42:10.1974787+00:00,168342,Williams College,https://www.williams.edu,williams
0743555015431421952,2025-08-13T19:42:10.2632266+00:00,151111,Indiana University-Indianapolis,https://indianapolis.iu.edu,iu
0743555015687274496,2025-08-13T19:42:10.3241039+00:00,199218,University of North Carolina Wilmington,https://www.uncw.edu,uncw
0743555015896989696,2025-08-13T19:42:10.3747184+00:00,239105,Marquette University,https://www.marquette.edu,marquette
0743555016211562496,2025-08-13T19:42:10.4498876+00:00,136215,Nova Southeastern University,https://www.nova.edu,nova
0743555016488386560,2025-08-13T19:42:10.5159502+00:00,232265,Hampton University,https://www.hamptonu.edu,hamptonu
0743555016723267584,2025-08-13T19:42:10.5717361+00:00,213543,Lehigh University,https://www.lehigh.edu,lehigh
0743555016937177088,2025-08-13T19:42:10.6223579+00:00,228246,Southern Methodist University,https://www.smu.edu,smu
0743555017302081536,2025-08-13T19:42:10.7098864+00:00,186399,Rutgers University-Newark,https://www.newark.rutgers.edu,rutgers-newark
0743555017528573952,2025-08-13T19:42:10.7631317+00:00,161253,University of Maine,https://www.umaine.edu,umaine
0743555017788620800,2025-08-13T19:42:10.8258504+00:00,433660,Florida Gulf Coast University,https://www.fgcu.edu,fgcu
0743555018015113216,2025-08-13T19:42:10.8798320+00:00,126580,University of Colorado Colorado Springs,https://www.uccs.edu,uccs
0743555018329686016,2025-08-13T19:42:10.9547343+00:00,232982,Old Dominion University,https://www.odu.edu,odu
0743555018572955648,2025-08-13T19:42:11.0121891+00:00,216764,West Chester University of Pennsylvania,https://www.wcupa.edu,wcupa
0743555018837196800,2025-08-13T19:42:11.0759805+00:00,233374,University of Richmond,https://www.richmond.edu,richmond
0743555019101437952,2025-08-13T19:42:11.1388722+00:00,140951,Savannah College of Art and Design,https://www.scad.edu,scad
0743555019365679104,2025-08-13T19:42:11.2015627+00:00,192448,Long Island University,https://www.liu.edu,liu
0743555019650891776,2025-08-13T19:42:11.2692910+00:00,366711,California State University-San Marcos,https://www.csusm.edu,csusm
0743555019877384192,2025-08-13T19:42:11.3230984+00:00,130697,Wesleyan University,https://www.wesleyan.edu,wesleyan
0743555020108070912,2025-08-13T19:42:11.3780918+00:00,227368,The University of Texas Rio Grande Valley,https://www.utrgv.edu,utrgv
0743555020368117760,2025-08-13T19:42:11.4406824+00:00,141060,Spelman College,https://www.spelman.edu,spelman
0743555020636553216,2025-08-13T19:42:11.5043576+00:00,110486,California State University-Bakersfield,https://www.csub.edu,csub
0743555020896600064,2025-08-13T19:42:11.5661020+00:00,122436,University of San Diego,https://www.sandiego.edu,sandiego
0743555021152452608,2025-08-13T19:42:11.6275999+00:00,164465,Amherst College,https://www.amherst.edu,amherst
0743555021416693760,2025-08-13T19:42:11.6906695+00:00,206622,Xavier University,https://www.xavier.edu,xavier
0743555021685129216,2025-08-13T19:42:11.7541101+00:00,216287,Swarthmore College,https://www.swarthmore.edu,swarthmore
0743555021974536192,2025-08-13T19:42:11.8232534+00:00,139931,Georgia Southern University,https://www.georgiasouthern.edu,georgiasouthern
0743555022217805824,2025-08-13T19:42:11.8811719+00:00,150163,Butler University,https://www.butler.edu,butler
0743555022473658368,2025-08-13T19:42:11.9420837+00:00,141644,Hawaii Pacific University,https://www.hpu.edu,hpu
0743555022733705216,2025-08-13T19:42:12.0040762+00:00,182281,University of Nevada-Las Vegas,https://www.unlv.edu,unlv
0743555022989557760,2025-08-13T19:42:12.0654941+00:00,129525,University of Hartford,https://www.hartford.edu,hartford
0743555023245410304,2025-08-13T19:42:12.1264444+00:00,111948,Chapman University,https://www.chapman.edu,chapman
0743555023509651456,2025-08-13T19:42:12.1899412+00:00,132471,Barry University,https://www.barry.edu,barry
0743555023773892608,2025-08-13T19:42:12.2527235+00:00,133881,Florida Institute of Technology,https://www.fit.edu,fit
0743555024042328064,2025-08-13T19:42:12.3164911+00:00,195526,Skidmore College,https://www.skidmore.edu,skidmore
0743555024306569216,2025-08-13T19:42:12.3794990+00:00,196176,State University of New York at New Paltz,https://www.newpaltz.edu,newpaltz
0743555024566616064,2025-08-13T19:42:12.4414132+00:00,129242,Fairfield University,https://fairfield.edu,fairfield
0743555024826662912,2025-08-13T19:42:12.5035412+00:00,179159,Saint Louis University,https://www.slu.edu,slu
0743555025082515456,2025-08-13T19:42:12.5646925+00:00,226471,University of Mary Hardin-Baylor,https://go.umhb.edu,umhb
0743555025346756608,2025-08-13T19:42:12.6272276+00:00,230959,Middlebury College,https://www.middlebury.edu/college,middlebury
0743555025602609152,2025-08-13T19:42:12.6886042+00:00,185828,New Jersey Institute of Technology,https://www.njit.edu,njit
0743555025862656000,2025-08-13T19:42:12.7501653+00:00,132602,Bethune-Cookman University,https://www.cookman.edu,cookman
0743555026122702848,2025-08-13T19:42:12.8128151+00:00,175856,Jackson State University,https://www.jsums.edu,jsums
0743555026382749696,2025-08-13T19:42:12.8743880+00:00,130253,Sacred Heart University,https://www.sacredheart.edu,sacredheart
0743555026646990848,2025-08-13T19:42:12.9377804+00:00,101480,Jacksonville State University,https://www.jsu.edu,jsu
0743555026898649088,2025-08-13T19:42:12.9978463+00:00,164155,United States Naval Academy,https://www.usna.edu,usna
0743555027162890240,2025-08-13T19:42:13.0600439+00:00,197036,United States Military Academy,https://www.westpoint.edu,westpoint
0743555027431325696,2025-08-13T19:42:13.1246161+00:00,206084,University of Toledo,https://www.utoledo.edu,utoledo
0743555027687178240,2025-08-13T19:42:13.1858113+00:00,187985,University of New Mexico-Main Campus,https://www.unm.edu,unm
0743555027951419392,2025-08-13T19:42:13.2482578+00:00,409698,California State University-Monterey Bay,https://csumb.edu,csumb
0743555028207271936,2025-08-13T19:42:13.3094286+00:00,142285,University of Idaho,https://www.uidaho.edu,uidaho
0743555028471513088,2025-08-13T19:42:13.3724746+00:00,186867,Stevens Institute of Technology,https://www.stevens.edu,stevens
0743555028735754240,2025-08-13T19:42:13.4358289+00:00,110574,California State University-East Bay,https://www.csueastbay.edu,csueastbay
0743555028983218176,2025-08-13T19:42:13.4945782+00:00,198695,High Point University,https://www.highpoint.edu,highpoint
0743555029243265024,2025-08-13T19:42:13.5567737+00:00,196194,State University of New York at Oswego,https://www.oswego.edu,oswego
0743555029490728960,2025-08-13T19:42:13.6159497+00:00,166513,University of Massachusetts-Lowell,https://www.uml.edu,uml
0743555029754970112,2025-08-13T19:42:13.6783423+00:00,169910,Ferris State University,https://www.ferris.edu,ferris
0743555030027599872,2025-08-13T19:42:13.7432776+00:00,166850,Merrimack College,https://www.merrimack.edu,merrimack
0743555030283452416,2025-08-13T19:42:13.8048831+00:00,191968,Ithaca College,https://www.ithaca.edu,ithaca
0743555030560276480,2025-08-13T19:42:13.8701461+00:00,212106,Duquesne University,https://www.duq.edu,duq
0743555030820323328,2025-08-13T19:42:13.9326665+00:00,207971,University of Tulsa,https://utulsa.edu,utulsa
0743555031067787264,2025-08-13T19:42:13.9911600+00:00,220978,Middle Tennessee State University,https://www.mtsu.edu,mtsu
0743555031323639808,2025-08-13T19:42:14.0529208+00:00,133650,Florida Agricultural and Mechanical University,https://www.famu.edu,famu
0743555031587880960,2025-08-13T19:42:14.1157058+00:00,200800,University of Akron Main Campus,https://www.uakron.edu,uakron
0743555031847927808,2025-08-13T19:42:14.1773033+00:00,133979,Florida Memorial University,https://www.fmuniv.edu,fmuniv
0743555032107974656,2025-08-13T19:42:14.2391167+00:00,102094,University of South Alabama,https://www.southalabama.edu,southalabama
0743555032376410112,2025-08-13T19:42:14.3034948+00:00,482680,University of North Georgia,https://www.ung.edu,ung
0743555032640651264,2025-08-13T19:42:14.3666938+00:00,196149,State University of New York at Cortland,https://www2.cortland.edu,cortland
0743555032904892416,2025-08-13T19:42:14.4298497+00:00,171137,University of Michigan-Dearborn,https://umdearborn.edu,umdearborn
0743555033164939264,2025-08-13T19:42:14.4911386+00:00,165662,Emerson College,https://www.emerson.edu,emerson
0743555033429180416,2025-08-13T19:42:14.5549007+00:00,160658,University of Louisiana at Lafayette,https://www.louisiana.edu,louisiana
0743555033693421568,2025-08-13T19:42:14.6172968+00:00,168421,Worcester Polytechnic Institute,https://www.wpi.edu,wpi
0743555033957662720,2025-08-13T19:42:14.6802340+00:00,144892,Eastern Illinois University,https://www.eiu.edu,eiu
0743555034230292480,2025-08-13T19:42:14.7452731+00:00,172644,Wayne State University,https://wayne.edu,wayne
0743555034481950720,2025-08-13T19:42:14.8053571+00:00,211291,Bucknell University,https://www.bucknell.edu,bucknell
0743555034746191872,2025-08-13T19:42:14.8689336+00:00,194091,New York Institute of Technology,https://www.nyit.edu,nyit
0743555035010433024,2025-08-13T19:42:14.9314065+00:00,202523,Denison University,https://www.denison.edu,denison
0743555035283062784,2025-08-13T19:42:14.9965554+00:00,189097,Barnard College,https://www.barnard.edu,barnard
0743555035543109632,2025-08-13T19:42:15.0587981+00:00,121150,Pepperdine University,https://www.pepperdine.edu,pepperdine
0743555035803156480,2025-08-13T19:42:15.1200126+00:00,196130,SUNY Buffalo State University,https://suny.buffalostate.edu,buffalostate
0743555036314861568,2025-08-13T19:42:15.2429967+00:00,199148,University of North Carolina at Greensboro,https://www.uncg.edu,uncg
0743555036587491328,2025-08-13T19:42:15.3077070+00:00,233277,Radford University,https://www.radford.edu,radford
0743555036843343872,2025-08-13T19:42:15.3686723+00:00,143358,Bradley University,https://www.bradley.edu,bradley
0743555037103390720,2025-08-13T19:42:15.4302502+00:00,173920,Minnesota State University-Mankato,https://mnsu.edu,mnsu
0743555037367631872,2025-08-13T19:42:15.4933921+00:00,237011,Western Washington University,https://wwu.edu,wwu
0743555037636067328,2025-08-13T19:42:15.5574482+00:00,186371,Rutgers University-Camden,https://camden.rutgers.edu,rutgers-camden
0743555037896114176,2025-08-13T19:42:15.6193680+00:00,202134,Cleveland State University,https://www.csuohio.edu,csuohio
0743555038156161024,2025-08-13T19:42:15.6814306+00:00,163268,University of Maryland-Baltimore County,https://umbc.edu,umbc
0743555038420402176,2025-08-13T19:42:15.7448551+00:00,192819,Marist College,https://www.marist.edu,marist
0743555038693031936,2025-08-13T19:42:15.8099667+00:00,217402,Providence College,https://www.providence.edu,providence
0743555038953078784,2025-08-13T19:42:15.8711209+00:00,222178,Abilene Christian University,https://www.acu.edu,acu
0743555039208931328,2025-08-13T19:42:15.9320428+00:00,126775,Colorado School of Mines,https://www.mines.edu,mines
0743555039468978176,2025-08-13T19:42:15.9944099+00:00,197133,Vassar College,https://www.vassar.edu,vassar
0743555039582224384,2025-08-13T19:42:16.0212199+00:00,190646,CUNY Medgar Evers College,https://www.mec.cuny.edu,mec-brooklyn
0743555039724830720,2025-08-13T19:42:16.0557959+00:00,129941,University of New Haven,https://www.newhaven.edu,newhaven
0743555039984877568,2025-08-13T19:42:16.1179780+00:00,123572,Sonoma State University,https://sonoma.edu,sonoma
0743555040244924416,2025-08-13T19:42:16.1795302+00:00,102377,Tuskegee University,https://www.tuskegee.edu,tuskegee
0743555040509165568,2025-08-13T19:42:16.2429428+00:00,230038,Brigham Young University,https://byu.edu,byu
0743555040777601024,2025-08-13T19:42:16.3065092+00:00,229267,Trinity University,https://new.trinity.edu,trinity
0743555041033453568,2025-08-13T19:42:16.3679158+00:00,204501,Oberlin College,https://www.oberlin.edu,oberlin
0743555041280917504,2025-08-13T19:42:16.4264378+00:00,134079,Florida Southern College,https://www.flsouthern.edu,flsouthern
0743555041540964352,2025-08-13T19:42:16.4888157+00:00,213385,Lafayette College,https://www.lafayette.edu,lafayette
0743555041805205504,2025-08-13T19:42:16.5512287+00:00,240268,University of Wisconsin-Eau Claire,https://www.uwec.edu,uwec
0743555042073640960,2025-08-13T19:42:16.6151582+00:00,228796,The University of Texas at El Paso,https://www.utep.edu,utep
0743555042333687808,2025-08-13T19:42:16.6774027+00:00,171571,Oakland University,https://www.oakland.edu,oakland
0743555042593734656,2025-08-13T19:42:16.7396399+00:00,157401,Murray State University,https://www.murraystate.edu,murraystate
0743555042857975808,2025-08-13T19:42:16.8027794+00:00,142522,Brigham Young University-Idaho,https://www.byui.edu,byui
0743555043126411264,2025-08-13T19:42:16.8661111+00:00,441937,California State University-Channel Islands,https://www.csuci.edu,csuci
0743555043382263808,2025-08-13T19:42:16.9279586+00:00,185262,Kean University,https://www.kean.edu,kean
0743555043642310656,2025-08-13T19:42:16.9893927+00:00,159009,Grambling State University,https://www.gram.edu,gram
0743555043910746112,2025-08-13T19:42:17.0539747+00:00,127565,Metropolitan State University of Denver,https://www.msudenver.edu,msudenver
0743555044174987264,2025-08-13T19:42:17.1169545+00:00,100663,University of Alabama at Birmingham,https://www.uab.edu,uab
0743555044447617024,2025-08-13T19:42:17.1811337+00:00,209825,University of Portland,https://www.up.edu,up
0743555044699275264,2025-08-13T19:42:17.2411490+00:00,225399,Houston Christian University,https://www.hc.edu,hc
0743555044959322112,2025-08-13T19:42:17.3037281+00:00,165015,Brandeis University,https://www.brandeis.edu,brandeis
0743555045219368960,2025-08-13T19:42:17.3656413+00:00,228431,Stephen F Austin State University,https://www.sfasu.edu,sfasu
0743555045475221504,2025-08-13T19:42:17.4269728+00:00,194578,Pratt Institute-Main,https://www.pratt.edu,pratt
0743555045735268352,2025-08-13T19:42:17.4881319+00:00,196185,SUNY Oneonta,https://suny.oneonta.edu,oneonta
0743555045995315200,2025-08-13T19:42:17.5501240+00:00,127741,University of Northern Colorado,https://www.unco.edu,unco
0743555046251167744,2025-08-13T19:42:17.6119346+00:00,235316,Gonzaga University,https://www.gonzaga.edu,gonzaga
0743555046511214592,2025-08-13T19:42:17.6735052+00:00,151263,University of Indianapolis,https://uindy.edu,uindy
0743555046788038656,2025-08-13T19:42:17.7394137+00:00,127556,Colorado Mesa University,https://www.coloradomesa.edu,coloradomesa
0743555047060668416,2025-08-13T19:42:17.8041321+00:00,214713,Pennsylvania State University-Penn State Harrisburg,https://harrisburg.psu.edu,psu-middletown
0743555047303938048,2025-08-13T19:42:17.8622901+00:00,160621,Southern University and A & M College,https://www.subr.edu,subr
0743555047568179200,2025-08-13T19:42:17.9250152+00:00,192703,Manhattan College,https://www.manhattan.edu,manhattan
0743555047828226048,2025-08-13T19:42:17.9871681+00:00,149222,Southern Illinois University-Carbondale,https://siu.edu,siu
0743555048088272896,2025-08-13T19:42:18.0494171+00:00,155399,Kansas State University,https://www.k-state.edu,k-state
0743555048356708352,2025-08-13T19:42:18.1136411+00:00,133553,Embry-Riddle Aeronautical University-Daytona Beach,https://daytonabeach.erau.edu,erau
0743555048612560896,2025-08-13T19:42:18.1748643+00:00,121345,Pomona College,https://www.pomona.edu,pomona
0743555048876802048,2025-08-13T19:42:18.2375534+00:00,186876,Stockton University,https://www.stockton.edu,stockton
0743555049124265984,2025-08-13T19:42:18.2968319+00:00,164739,Bentley University,https://www.bentley.edu,bentley
0743555049384312832,2025-08-13T19:42:18.3588133+00:00,220075,East Tennessee State University,https://www.etsu.edu,etsu
0743555049640165376,2025-08-13T19:42:18.4194761+00:00,215770,Saint Joseph's University,https://www.sju.edu,sju
0743555049896017920,2025-08-13T19:42:18.4808392+00:00,187134,The College of New Jersey,https://www.tcnj.edu,tcnj
0743555050172841984,2025-08-13T19:42:18.5463683+00:00,168005,Suffolk University,https://www.suffolk.edu,suffolk
0743555050441277440,2025-08-13T19:42:18.6105358+00:00,179566,Missouri State University-Springfield,https://www.missouristate.edu,missouristate
0743555050697129984,2025-08-13T19:42:18.6717582+00:00,174233,University of Minnesota-Duluth,https://www.d.umn.edu,umn-duluth
0743555050944593920,2025-08-13T19:42:18.7305791+00:00,174914,University of St Thomas,https://www.stthomas.edu,stthomas
0743555051204640768,2025-08-13T19:42:18.7924336+00:00,498562,Commonwealth University of Pennsylvania,https://www.commonwealthu.edu,commonwealthu
0743555051464687616,2025-08-13T19:42:18.8546374+00:00,163046,Loyola University Maryland,https://www.loyola.edu,loyola
0743555051712151552,2025-08-13T19:42:18.9139506+00:00,181394,University of Nebraska at Omaha,https://www.unomaha.edu,unomaha
0743555051972198400,2025-08-13T19:42:18.9753745+00:00,225627,University of the Incarnate Word,https://www.uiw.edu,uiw
0743555052232245248,2025-08-13T19:42:19.0375159+00:00,161004,Bowdoin College,https://www.bowdoin.edu,bowdoin
0743555052492292096,2025-08-13T19:42:19.0997554+00:00,153384,Grinnell College,https://www.grinnell.edu,grinnell
0743555052756533248,2025-08-13T19:42:19.1623631+00:00,186283,Rider University,https://www.rider.edu,rider
0743555053016580096,2025-08-13T19:42:19.2246637+00:00,215929,University of Scranton,https://www.scranton.edu,scranton
0743555053280821248,2025-08-13T19:42:19.2876991+00:00,219709,Belmont University,https://www.belmont.edu,belmont
0743555053545062400,2025-08-13T19:42:19.3500561+00:00,138354,University of West Florida,https://uwf.edu,uwf
0743555053809303552,2025-08-13T19:42:19.4134382+00:00,240189,University of Wisconsin-Whitewater,https://www.uww.edu,uww
0743555054069350400,2025-08-13T19:42:19.4755559+00:00,459949,Texas A&M University-San Antonio,https://www.tamusa.edu,tamusa
0743555054383923200,2025-08-13T19:42:19.5505159+00:00,149772,Western Illinois University,https://www.wiu.edu,wiu
0743555054581055488,2025-08-13T19:42:19.5978591+00:00,172051,Saginaw Valley State University,https://www.svsu.edu,svsu
0743555054841102336,2025-08-13T19:42:19.6598245+00:00,209922,Reed College,https://www.reed.edu,reed
0743555055105343488,2025-08-13T19:42:19.7229883+00:00,136950,Rollins College,https://www.rollins.edu,rollins
0743555055373778944,2025-08-13T19:42:19.7863611+00:00,180489,The University of Montana,https://www.umt.edu,umt
0743555055621242880,2025-08-13T19:42:19.8457781+00:00,133526,Edward Waters University,https://www.ew.edu,ew
0743555055881289728,2025-08-13T19:42:19.9079461+00:00,176372,University of Southern Mississippi,https://www.usm.edu,usm
0743555056149725184,2025-08-13T19:42:19.9716860+00:00,182290,University of Nevada-Reno,https://www.unr.edu,unr
0743555056418160640,2025-08-13T19:42:20.0350480+00:00,191515,Hamilton College,https://www.hamilton.edu,hamilton
0743555056674013184,2025-08-13T19:42:20.0960647+00:00,232937,Norfolk State University,https://www.nsu.edu,nsu
0743555056925671424,2025-08-13T19:42:20.1561733+00:00,149231,Southern Illinois University-Edwardsville,https://www.siue.edu,siue
0743555057194106880,2025-08-13T19:42:20.2206162+00:00,196167,SUNY College at Geneseo,https://www.geneseo.edu,geneseo
0743555057454153728,2025-08-13T19:42:20.2826168+00:00,165024,Bridgewater State University,https://www.bridgew.edu,bridgew
0743555057714200576,2025-08-13T19:42:20.3442492+00:00,193654,The New School,https://www.newschool.edu,newschool
0743555057974247424,2025-08-13T19:42:20.4061181+00:00,165334,Clark University,https://www.clarku.edu,clarku
0743555058238488576,2025-08-13T19:42:20.4692822+00:00,217165,Bryant University,https://www.bryant.edu,bryant
0743555058494341120,2025-08-13T19:42:20.5309785+00:00,153269,Drake University,https://www.drake.edu,drake
0743555058762776576,2025-08-13T19:42:20.5942157+00:00,134945,Jacksonville University,https://www.ju.edu/index.php,ju
0743555059022823424,2025-08-13T19:42:20.6564604+00:00,212577,Franklin and Marshall College,https://www.fandm.edu,fandm
0743555059291258880,2025-08-13T19:42:20.7203420+00:00,173258,Carleton College,https://www.carleton.edu,carleton
0743555059542917120,2025-08-13T19:42:20.7809303+00:00,224226,Dallas Baptist University,https://www.dbu.edu,dbu
0743555059802963968,2025-08-13T19:42:20.8423672+00:00,167987,University of Massachusetts-Dartmouth,https://www.umassd.edu,umassd
0743555060067205120,2025-08-13T19:42:20.9051931+00:00,156125,Wichita State University,https://www.wichita.edu,wichita
0743555060323057664,2025-08-13T19:42:20.9669846+00:00,213020,Indiana University of Pennsylvania-Main Campus,https://www.iup.edu,iup
0743555060578910208,2025-08-13T19:42:21.0278361+00:00,168218,Wellesley College,https://www.wellesley.edu,wellesley
0743555060843151360,2025-08-13T19:42:21.0908893+00:00,498571,Pennsylvania Western University,https://www.pennwest.edu,pennwest
0743555061111586816,2025-08-13T19:42:21.1541758+00:00,196866,Union College,https://www.union.edu,union
0743555061375827968,2025-08-13T19:42:21.2176498+00:00,483124,Arizona State University Digital Immersion,https://www.asu.edu,asu-scottsdale
0743555061640069120,2025-08-13T19:42:21.2808843+00:00,128902,Connecticut College,https://www.conncoll.edu,conncoll
0743555061900115968,2025-08-13T19:42:21.3425479+00:00,100654,Alabama A & M University,https://www.aamu.edu,aamu
0743555062176940032,2025-08-13T19:42:21.4088247+00:00,200332,North Dakota State University-Main Campus,https://www.ndsu.edu,ndsu
0743555062432792576,2025-08-13T19:42:21.4696768+00:00,240365,University of Wisconsin-Oshkosh,https://www.uwosh.edu,uwosh
0743555062701228032,2025-08-13T19:42:21.5338545+00:00,128328,United States Air Force Academy,https://www.usafa.edu,usafa
0743555062961274880,2025-08-13T19:42:21.5954804+00:00,160904,Xavier University of Louisiana,https://www.xula.edu,xula
0743555063217127424,2025-08-13T19:42:21.6567978+00:00,173902,Macalester College,https://www.macalester.edu,macalester
0743555063481368576,2025-08-13T19:42:21.7192152+00:00,115755,California State Polytechnic University-Humboldt,https://www.humboldt.edu,humboldt
0743555063745609728,2025-08-13T19:42:21.7823238+00:00,217235,Johnson & Wales University-Providence,https://www.jwu.edu/campuses/providence,jwu
0743555064018239488,2025-08-13T19:42:21.8474530+00:00,212009,Dickinson College,https://www.dickinson.edu,dickinson
0743555064269897728,2025-08-13T19:42:21.9077701+00:00,160977,Bates College,https://www.bates.edu,bates
0743555064534138880,2025-08-13T19:42:21.9708771+00:00,217518,Roger Williams University,https://www.rwu.edu,rwu
0743555064806768640,2025-08-13T19:42:22.0350393+00:00,188854,American Musical and Dramatic Academy,https://www.amda.edu,amda
0743555065062621184,2025-08-13T19:42:22.0966865+00:00,229063,Texas Southern University,https://www.tsu.edu,tsu
0743555065318473728,2025-08-13T19:42:22.1579719+00:00,240480,University of Wisconsin-Stevens Point,https://www.uwsp.edu,uwsp
0743555065578520576,2025-08-13T19:42:22.2197550+00:00,221740,The University of Tennessee-Chattanooga,https://utc.edu,utc
0743555065834373120,2025-08-13T19:42:22.2802537+00:00,238476,Carthage College,https://www.carthage.edu,carthage
0743555066094419968,2025-08-13T19:42:22.3426144+00:00,181002,Creighton University,https://www.creighton.edu,creighton
0743555066358661120,2025-08-13T19:42:22.4053662+00:00,130493,Southern Connecticut State University,https://www.southernct.edu,southernct
0743555066614513664,2025-08-13T19:42:22.4660854+00:00,224147,Texas A & M University-Corpus Christi,https://www.tamucc.edu,tamucc
0743555066870366208,2025-08-13T19:42:22.5276941+00:00,236595,Seattle University,https://www.seattleu.edu,seattleu
0743555067138801664,2025-08-13T19:42:22.5915663+00:00,195474,Siena College,https://www.siena.edu,siena
0743555067403042816,2025-08-13T19:42:22.6540567+00:00,199157,North Carolina Central University,https://www.nccu.edu,nccu
0743555067663089664,2025-08-13T19:42:22.7169784+00:00,163851,Salisbury University,https://www.salisbury.edu,salisbury
0743555067931525120,2025-08-13T19:42:22.7806597+00:00,132657,Lynn University,https://www.lynn.edu,lynn
0743555068191571968,2025-08-13T19:42:22.8427993+00:00,226152,Texas A & M International University,https://www.tamiu.edu,tamiu
0743555068460007424,2025-08-13T19:42:22.9063279+00:00,193016,Mercy University,https://www.mercy.edu,mercy
0743555068736831488,2025-08-13T19:42:22.9727577+00:00,171128,Michigan Technological University,https://www.mtu.edu,mtu
0743555068992684032,2025-08-13T19:42:23.0333224+00:00,144281,Columbia College Chicago,https://www.colum.edu,colum
0743555069252730880,2025-08-13T19:42:23.0955294+00:00,126678,Colorado College,https://www.coloradocollege.edu,coloradocollege
0743555069508583424,2025-08-13T19:42:23.1561043+00:00,234155,Virginia State University,https://www.vsu.edu,vsu
0743555069764435968,2025-08-13T19:42:23.2175468+00:00,157386,Morehead State University,https://www.moreheadstate.edu,moreheadstate
0743555070024482816,2025-08-13T19:42:23.2794998+00:00,203535,Kenyon College,https://www.kenyon.edu,kenyon
0743555070288723968,2025-08-13T19:42:23.3425522+00:00,110361,California Baptist University,https://www.calbaptist.edu,calbaptist
0743555070548770816,2025-08-13T19:42:23.4046276+00:00,148627,Saint Xavier University,https://www.sxu.edu,sxu
0743555070813011968,2025-08-13T19:42:23.4678256+00:00,214689,Pennsylvania State University-Penn State Altoona,https://altoona.psu.edu,psu-altoona
0743555071064670208,2025-08-13T19:42:23.5279672+00:00,196121,SUNY Brockport,https://www.brockport.edu,brockport
0743555071341494272,2025-08-13T19:42:23.5932423+00:00,159647,Louisiana Tech University,https://www.latech.edu,latech
0743555071593152512,2025-08-13T19:42:23.6532599+00:00,218070,Furman University,https://www.furman.edu,furman
0743555071853199360,2025-08-13T19:42:23.7153782+00:00,209807,Portland State University,https://www.pdx.edu,pdx
0743555072109051904,2025-08-13T19:42:23.7769511+00:00,185572,Monmouth University,https://www.monmouth.edu,monmouth
0743555072381681664,2025-08-13T19:42:23.8410410+00:00,206695,Youngstown State University,https://ysu.edu,ysu
0743555072645922816,2025-08-13T19:42:23.9045842+00:00,192864,Marymount Manhattan College,https://www.mmm.edu,mmm
0743555072905969664,2025-08-13T19:42:23.9669897+00:00,137476,St. Thomas University,https://www.stu.edu,stu
0743555073174405120,2025-08-13T19:42:24.0306226+00:00,199999,Winston-Salem State University,https://www.wssu.edu,wssu
0743555073438646272,2025-08-13T19:42:24.0936815+00:00,140447,Mercer University,https://www.mercer.edu,mercer
0743555073702887424,2025-08-13T19:42:24.1564736+00:00,164580,Babson College,https://www.babson.edu,babson
0743555073971322880,2025-08-13T19:42:24.2207057+00:00,240329,University of Wisconsin-La Crosse,https://www.uwlax.edu,uwlax
0743555074235564032,2025-08-13T19:42:24.2832323+00:00,157951,Western Kentucky University,https://www.wku.edu,wku
0743555074503999488,2025-08-13T19:42:24.3472482+00:00,164748,Berklee College of Music,https://www.berklee.edu,berklee
0743555074755657728,2025-08-13T19:42:24.4078424+00:00,217873,Claflin University,https://www.claflin.edu,claflin
0743555075028287488,2025-08-13T19:42:24.4723370+00:00,229179,Texas Woman's University,https://www.twu.edu,twu
0743555075284140032,2025-08-13T19:42:24.5333194+00:00,159939,University of New Orleans,https://new.uno.edu,uno
0743555075548381184,2025-08-13T19:42:24.5964530+00:00,167835,Smith College,https://www.smith.edu,smith
0743555075800039424,2025-08-13T19:42:24.6567436+00:00,221847,Tennessee Technological University,https://www.tntech.edu,tntech
0743555076060086272,2025-08-13T19:42:24.7184728+00:00,234207,Washington and Lee University,https://www.wlu.edu,wlu
0743555076332716032,2025-08-13T19:42:24.7834661+00:00,220181,Fisk University,https://www.fisk.edu,fisk
0743555076584374272,2025-08-13T19:42:24.8430769+00:00,206589,The College of Wooster,https://wooster.edu,wooster
0743555076861198336,2025-08-13T19:42:24.9090962+00:00,128771,Central Connecticut State University,https://www.ccsu.edu,ccsu
0743555077108662272,2025-08-13T19:42:24.9686119+00:00,145725,Illinois Institute of Technology,https://www.iit.edu,iit
0743555077377097728,2025-08-13T19:42:25.0324438+00:00,186201,Ramapo College of New Jersey,https://www.ramapo.edu,ramapo
0743555077632950272,2025-08-13T19:42:25.0932815+00:00,188641,Alfred University,https://www.alfred.edu,alfred
0743555077897191424,2025-08-13T19:42:25.1561672+00:00,144005,Chicago State University,https://www.csu.edu,csu
0743555078153043968,2025-08-13T19:42:25.2175175+00:00,192323,Le Moyne College,https://www.lemoyne.edu,lemoyne
0743555078429868032,2025-08-13T19:42:25.2836790+00:00,167996,Stonehill College,https://www.stonehill.edu,stonehill
0743555078685720576,2025-08-13T19:42:25.3440045+00:00,102368,Troy University,https://www.troy.edu,troy
0743555078937378816,2025-08-13T19:42:25.4042707+00:00,187444,William Paterson University of New Jersey,https://www.wpunj.edu,wpunj
0743555079214202880,2025-08-13T19:42:25.4700321+00:00,166124,College of the Holy Cross,https://www.holycross.edu,holycross
0743555079465861120,2025-08-13T19:42:25.5304378+00:00,137546,Stetson University,https://www.stetson.edu,stetson
0743555079730102272,2025-08-13T19:42:25.5936404+00:00,231712,Christopher Newport University,https://cnu.edu,cnu
0743555079990149120,2025-08-13T19:42:25.6559164+00:00,179557,Southeast Missouri State University,https://www.semo.edu,semo
0743555080254390272,2025-08-13T19:42:25.7181283+00:00,159656,Loyola University New Orleans,https://www.loyno.edu,loyno
0743555080510242816,2025-08-13T19:42:25.7795694+00:00,206604,Wright State University-Main Campus,https://www.wright.edu,wright
0743555080770289664,2025-08-13T19:42:25.8418017+00:00,231651,Regent University,https://www.regent.edu,regent
0743555081042919424,2025-08-13T19:42:25.9067719+00:00,130934,Delaware State University,https://www.desu.edu,desu
0743555081298771968,2025-08-13T19:42:25.9676249+00:00,152600,Valparaiso University,https://www.valpo.edu,valpo
0743555081558818816,2025-08-13T19:42:26.0297019+00:00,196246,SUNY College at Plattsburgh,https://www.plattsburgh.edu,plattsburgh
0743555081831448576,2025-08-13T19:42:26.0941976+00:00,137032,Saint Leo University,https://www.saintleo.edu,saintleo
0743555082087301120,2025-08-13T19:42:26.1552429+00:00,181215,University of Nebraska at Kearney,https://www.unk.edu,unk
0743555082355736576,2025-08-13T19:42:26.2192370+00:00,213349,Kutztown University of Pennsylvania,https://www.kutztown.edu,kutztown
0743555082619977728,2025-08-13T19:42:26.2826475+00:00,163338,University of Maryland Eastern Shore,https://wwwcp.umes.edu,umes
0743555082875830272,2025-08-13T19:42:26.3434349+00:00,178624,Northwest Missouri State University,https://www.nwmissouri.edu,nwmissouri
0743555083144265728,2025-08-13T19:42:26.4072186+00:00,213598,Lincoln University,https://www.lincoln.edu,lincoln
0743555083416895488,2025-08-13T19:42:26.4726738+00:00,218733,South Carolina State University,https://scsu.edu,scsu
0743555083664359424,2025-08-13T19:42:26.5317881+00:00,209056,Lewis & Clark College,https://www.lclark.edu,lclark
0743555083928600576,2025-08-13T19:42:26.5941921+00:00,157447,Northern Kentucky University,https://www.nku.edu,nku
0743555084188647424,2025-08-13T19:42:26.6563591+00:00,175342,Alcorn State University,https://www.alcorn.edu,alcorn
0743555084448694272,2025-08-13T19:42:26.7184516+00:00,100724,Alabama State University,https://www.alasu.edu,alasu
0743555084708741120,2025-08-13T19:42:26.7808511+00:00,190044,Clarkson University,https://www.clarkson.edu,clarkson
0743555084968787968,2025-08-13T19:42:26.8429917+00:00,204635,Ohio Northern University,https://www.onu.edu,onu
0743555085237223424,2025-08-13T19:42:26.9063339+00:00,224554,Texas A & M University-Commerce,https://www.tamuc.edu,tamuc
0743555085493075968,2025-08-13T19:42:26.9679509+00:00,106704,University of Central Arkansas,https://www.uca.edu,uca
0743555085753122816,2025-08-13T19:42:27.0297912+00:00,230852,Champlain College,https://www.champlain.edu,champlain
0743555086008975360,2025-08-13T19:42:27.0900237+00:00,143084,Augustana College,https://www.augustana.edu,augustana
0743555086285799424,2025-08-13T19:42:27.1561820+00:00,183910,Caldwell University,https://www.caldwell.edu,caldwell
0743555086533263360,2025-08-13T19:42:27.2151481+00:00,212601,Gannon University,https://www.gannon.edu,gannon
0743555086797504512,2025-08-13T19:42:27.2786762+00:00,198385,Davidson College,https://davidson.edu,davidson
0743555087053357056,2025-08-13T19:42:27.3398425+00:00,200280,University of North Dakota,https://und.edu,und
0743555087317598208,2025-08-13T19:42:27.4027531+00:00,189088,Bard College,https://www.bard.edu,bard
0743555087594422272,2025-08-13T19:42:27.4685681+00:00,196042,Farmingdale State College,https://www.farmingdale.edu,farmingdale
0743555087862857728,2025-08-13T19:42:27.5320881+00:00,217721,Benedict College,https://www.benedict.edu,benedict
0743555088114515968,2025-08-13T19:42:27.5924008+00:00,182980,New England College,https://www.nec.edu,nec
0743555088374562816,2025-08-13T19:42:27.6548688+00:00,216010,Shippensburg University of Pennsylvania,https://www.ship.edu,ship
0743555088642998272,2025-08-13T19:42:27.7189975+00:00,216278,Susquehanna University,https://www.susqu.edu,susqu
0743555088903045120,2025-08-13T19:42:27.7800971+00:00,219602,Austin Peay State University,https://www.apsu.edu,apsu
0743555089163091968,2025-08-13T19:42:27.8424917+00:00,234827,Central Washington University,https://www.cwu.edu,cwu
0743555089427333120,2025-08-13T19:42:27.9052502+00:00,237525,Marshall University,https://www.marshall.edu,marshall
0743555089683185664,2025-08-13T19:42:27.9661889+00:00,185129,New Jersey City University,https://www.njcu.edu,njcu
0743555089943232512,2025-08-13T19:42:28.0285116+00:00,178411,Missouri University of Science and Technology,https://www.mst.edu,mst
0743555090203279360,2025-08-13T19:42:28.0902637+00:00,101709,University of Montevallo,https://www.montevallo.edu,montevallo
0743555090467520512,2025-08-13T19:42:28.1532424+00:00,120254,Occidental College,https://www.oxy.edu,oxy
0743555090723373056,2025-08-13T19:42:28.2144402+00:00,139719,Fort Valley State University,https://www.fvsu.edu,fvsu
0743555091004391424,2025-08-13T19:42:28.2816734+00:00,211088,Arcadia University,https://www.arcadia.edu,arcadia
0743555091264438272,2025-08-13T19:42:28.3438456+00:00,168546,Albion College,https://www.albion.edu,albion
0743555091520290816,2025-08-13T19:42:28.4046057+00:00,214041,Millersville University of Pennsylvania,https://www.millersville.edu,millersville
0743555091780337664,2025-08-13T19:42:28.4662999+00:00,214801,Pennsylvania State University-Penn State Abington,https://www.abington.psu.edu,psu-abington
0743555092040384512,2025-08-13T19:42:28.5282233+00:00,191931,Iona University,https://www.iona.edu,iona
0743555092308819968,2025-08-13T19:42:28.5922338+00:00,226091,Lamar University,https://www.lamar.edu,lamar
0743555092560478208,2025-08-13T19:42:28.6527376+00:00,147828,Olivet Nazarene University,https://www.olivet.edu,olivet
0743555092828913664,2025-08-13T19:42:28.7165832+00:00,240417,University of Wisconsin-Stout,https://www.uwstout.edu,uwstout
0743555093088960512,2025-08-13T19:42:28.7783086+00:00,171146,University of Michigan-Flint,https://www.umflint.edu,umflint
0743555093357395968,2025-08-13T19:42:28.8423343+00:00,225432,University of Houston-Downtown,https://www.uhd.edu,uhd
0743555093609054208,2025-08-13T19:42:28.9029085+00:00,161572,Unity Environmental University,https://unity.edu,unity
0743555093869101056,2025-08-13T19:42:28.9642148+00:00,168254,Western New England University,https://wne.edu,wne
0743555094133342208,2025-08-13T19:42:29.0271362+00:00,106458,Arkansas State University,https://www.astate.edu,astate
0743555094393389056,2025-08-13T19:42:29.0899833+00:00,171456,Northern Michigan University,https://www.nmu.edu,nmu
0743555094661824512,2025-08-13T19:42:29.1532445+00:00,219356,South Dakota State University,https://www.sdstate.edu,sdstate
0743555094917677056,2025-08-13T19:42:29.2147844+00:00,136330,Palm Beach Atlantic University,https://www.pba.edu,pba
0743555095190306816,2025-08-13T19:42:29.2792985+00:00,227845,Saint Edward's University,https://www.stedwards.edu,stedwards
0743555095450353664,2025-08-13T19:42:29.3410910+00:00,143048,School of the Art Institute of Chicago,https://www.saic.edu,saic
0743555095710400512,2025-08-13T19:42:29.4032703+00:00,183080,Plymouth State University,https://www.plymouth.edu,plymouth
0743555095978835968,2025-08-13T19:42:29.4671936+00:00,482477,DeVry University-Illinois,https://www.devry.edu,devry
0743555096234688512,2025-08-13T19:42:29.5285570+00:00,120883,University of the Pacific,https://www.pacific.edu,pacific
0743555096482152448,2025-08-13T19:42:29.5878039+00:00,110495,California State University-Stanislaus,https://www.csustan.edu,csustan
0743555096738004992,2025-08-13T19:42:29.6482407+00:00,232566,Longwood University,https://www.longwood.edu,longwood
0743555096998051840,2025-08-13T19:42:29.7108279+00:00,240727,University of Wyoming,https://www.uwyo.edu,uwyo
0743555097258098688,2025-08-13T19:42:29.7720309+00:00,212674,Gettysburg College,https://www.gettysburg.edu,gettysburg
0743555097513951232,2025-08-13T19:42:29.8333374+00:00,228529,Tarleton State University,https://www.tarleton.edu,tarleton
0743555097773998080,2025-08-13T19:42:29.8955191+00:00,131283,The Catholic University of America,https://www.catholic.edu,catholic
0743555098038239232,2025-08-13T19:42:29.9587823+00:00,228705,Texas A & M University-Kingsville,https://www.tamuk.edu,tamuk
0743555098310868992,2025-08-13T19:42:30.0236632+00:00,168263,Westfield State University,https://www.westfield.ma.edu,ma
0743555098587693056,2025-08-13T19:42:30.0897646+00:00,151102,Purdue University Fort Wayne,https://www.pfw.edu,pfw
0743555098835156992,2025-08-13T19:42:30.1489006+00:00,144962,Elmhurst University,https://www.elmhurst.edu,elmhurst
0743555099103592448,2025-08-13T19:42:30.2129437+00:00,215442,Point Park University,https://www.pointpark.edu,pointpark
0743555099384610816,2025-08-13T19:42:30.2791412+00:00,240277,University of Wisconsin-Green Bay,https://www.uwgb.edu,uwgb
0743555099627880448,2025-08-13T19:42:30.3378241+00:00,198561,Gardner-Webb University,https://www.gardner-webb.edu,gardner-webb
0743555099887927296,2025-08-13T19:42:30.3991708+00:00,216366,Thomas Jefferson University,https://www.jefferson.edu,jefferson
0743555100147974144,2025-08-13T19:42:30.4614780+00:00,106467,Arkansas Tech University,https://www.atu.edu,atu
0743555100408020992,2025-08-13T19:42:30.5239762+00:00,216852,Widener University,https://www.widener.edu,widener
0743555100676456448,2025-08-13T19:42:30.5870937+00:00,196219,SUNY at Purchase College,https://www.purchase.edu,purchase
0743555100928114688,2025-08-13T19:42:30.6476278+00:00,212115,East Stroudsburg University of Pennsylvania,https://www.esu.edu,esu
0743555101188161536,2025-08-13T19:42:30.7097558+00:00,112260,Claremont McKenna College,https://www.cmc.edu,cmc
0743555101456596992,2025-08-13T19:42:30.7732937+00:00,117140,University of La Verne,https://www.laverne.edu,laverne
0743555101720838144,2025-08-13T19:42:30.8367531+00:00,139144,Berry College,https://www.berry.edu,berry
0743555101993467904,2025-08-13T19:42:30.9012616+00:00,130590,Trinity College,https://www.trincoll.edu,trincoll
0743555102253514752,2025-08-13T19:42:30.9637024+00:00,166656,MCPHS University,https://www.mcphs.edu,mcphs
0743555102513561600,2025-08-13T19:42:31.0258769+00:00,490805,Purdue University Northwest,https://www.pnw.edu,pnw
0743555102761025536,2025-08-13T19:42:31.0847651+00:00,227526,Prairie View A & M University,https://www.pvamu.edu,pvamu
0743555103021072384,2025-08-13T19:42:31.1468351+00:00,165671,Emmanuel College,https://www.emmanuel.edu,emmanuel
0743555103289507840,2025-08-13T19:42:31.2102356+00:00,214704,Pennsylvania State University-Penn State Berks,https://berks.psu.edu,psu-reading
0743555103536971776,2025-08-13T19:42:31.2690032+00:00,210571,Albright College,https://www.albright.edu/home,albright
0743555103801212928,2025-08-13T19:42:31.3323302+00:00,150400,DePauw University,https://www.depauw.edu,depauw
0743555104065454080,2025-08-13T19:42:31.3952264+00:00,228343,Southwestern University,https://www.southwestern.edu,southwestern
0743555104342278144,2025-08-13T19:42:31.4618199+00:00,127918,Regis University,https://www.regis.edu,regis
0743555104577159168,2025-08-13T19:42:31.5179260+00:00,210775,Alvernia University,https://www.alvernia.edu,alvernia
0743555104837206016,2025-08-13T19:42:31.5797118+00:00,133492,Eckerd College,https://www.eckerd.edu,eckerd
0743555105105641472,2025-08-13T19:42:31.6430338+00:00,221768,The University of Tennessee-Martin,https://www.utm.edu,utm
0743555105382465536,2025-08-13T19:42:31.7090323+00:00,217536,Salve Regina University,https://www.salve.edu,salve
0743555105646706688,2025-08-13T19:42:31.7726221+00:00,168227,Wentworth Institute of Technology,https://wit.edu,wit
0743555105894170624,2025-08-13T19:42:31.8313638+00:00,216038,Slippery Rock University of Pennsylvania,https://www.sru.edu,sru
0743555106145828864,2025-08-13T19:42:31.8918395+00:00,226833,Midwestern State University,https://www.msutexas.edu,msutexas
0743555106410070016,2025-08-13T19:42:31.9542963+00:00,239318,Milwaukee School of Engineering,https://www.msoe.edu,msoe
0743555106670116864,2025-08-13T19:42:32.0165851+00:00,447689,Georgia Gwinnett College,https://www.ggc.edu,ggc
0743555106925969408,2025-08-13T19:42:32.0776360+00:00,129215,Eastern Connecticut State University,https://www.easternct.edu,easternct
0743555107190210560,2025-08-13T19:42:32.1402010+00:00,100706,University of Alabama in Huntsville,https://www.uah.edu,uah
0743555107467034624,2025-08-13T19:42:32.2061042+00:00,201654,Cedarville University,https://www.cedarville.edu,cedarville
0743555107714498560,2025-08-13T19:42:32.2650329+00:00,174844,St Olaf College,https://wp.stolaf.edu,stolaf
0743555107970351104,2025-08-13T19:42:32.3262663+00:00,162007,Bowie State University,https://www.bowiestate.edu,bowiestate
0743555108234592256,2025-08-13T19:42:32.3895261+00:00,212911,Haverford College,https://www.haverford.edu,haverford
0743555108494639104,2025-08-13T19:42:32.4511020+00:00,193292,Molloy College,https://www.molloy.edu,molloy
0743555108763074560,2025-08-13T19:42:32.5150178+00:00,161554,University of Southern Maine,https://usm.maine.edu,maine
0743555109027315712,2025-08-13T19:42:32.5784109+00:00,204909,Ohio Wesleyan University,https://www.owu.edu,owu
0743555109291556864,2025-08-13T19:42:32.6416786+00:00,150066,Anderson University,https://anderson.edu,anderson
0743555109555798016,2025-08-13T19:42:32.7047722+00:00,175272,Winona State University,https://www.winona.edu,winona
0743555109820039168,2025-08-13T19:42:32.7672581+00:00,221351,Rhodes College,https://www.rhodes.edu,rhodes
0743555110075891712,2025-08-13T19:42:32.8282284+00:00,133711,Flagler College,https://www.flagler.edu,flagler
0743555110348521472,2025-08-13T19:42:32.8933904+00:00,213367,La Salle University,https://www.lasalle.edu,lasalle
0743555110595985408,2025-08-13T19:42:32.9527258+00:00,140553,Morehouse College,https://www.morehouse.edu,morehouse
0743555110860226560,2025-08-13T19:42:33.0150169+00:00,198835,Lenoir-Rhyne University,https://www.lr.edu,lr
0743555111116079104,2025-08-13T19:42:33.0764719+00:00,236328,University of Puget Sound,https://www.pugetsound.edu,pugetsound
0743555111371931648,2025-08-13T19:42:33.1376080+00:00,222983,Austin College,https://www.austincollege.edu,austincollege
0743555111631978496,2025-08-13T19:42:33.1992080+00:00,151290,Indiana Institute of Technology,https://www.indianatech.edu,indianatech
0743555111887831040,2025-08-13T19:42:33.2603993+00:00,240462,University of Wisconsin-Platteville,https://www.uwplatt.edu,uwplatt
0743555112160460800,2025-08-13T19:42:33.3256856+00:00,170301,Hope College,https://www.hope.edu,hope
0743555112412119040,2025-08-13T19:42:33.3854919+00:00,165699,Endicott College,https://www.endicott.edu,endicott
0743555112676360192,2025-08-13T19:42:33.4488551+00:00,148496,Dominican University,https://www.dom.edu,dom
0743555112948989952,2025-08-13T19:42:33.5132391+00:00,195216,St Lawrence University,https://www.stlawu.edu,stlawu
0743555113209036800,2025-08-13T19:42:33.5752415+00:00,218964,Winthrop University,https://www.winthrop.edu,winthrop
0743555113464889344,2025-08-13T19:42:33.6364389+00:00,237057,Whitman College,https://www.whitman.edu,whitman
0743555113733324800,2025-08-13T19:42:33.7001817+00:00,169716,University of Detroit Mercy,https://www.udmercy.edu,udmercy
0743555113989177344,2025-08-13T19:42:33.7619027+00:00,217493,Rhode Island School of Design,https://www.risd.edu,risd
0743555114257612800,2025-08-13T19:42:33.8251248+00:00,482149,Augusta University,https://www.augusta.edu,augusta
0743555114521853952,2025-08-13T19:42:33.8889264+00:00,147660,North Central College,https://northcentralcollege.edu,northcentralcollege
0743555114790289408,2025-08-13T19:42:33.9528579+00:00,110413,California Lutheran University,https://www.callutheran.edu,callutheran
0743555115079696384,2025-08-13T19:42:34.0213350+00:00,215266,University of Pittsburgh-Bradford,https://www.upb.pitt.edu,pitt-bradford
0743555115356520448,2025-08-13T19:42:34.0871249+00:00,178402,University of Missouri-Kansas City,https://www.umkc.edu,umkc
0743555115616567296,2025-08-13T19:42:34.1499731+00:00,233426,Roanoke College,https://www.roanoke.edu,roanoke
0743555115851448320,2025-08-13T19:42:34.2052410+00:00,158802,Dillard University,https://www.dillard.edu,dillard
0743555116107300864,2025-08-13T19:42:34.2661906+00:00,130776,Western Connecticut State University,https://www.wcsu.edu,wcsu
0743555116375736320,2025-08-13T19:42:34.3303398+00:00,147679,North Park University,https://www.northpark.edu,northpark
0743555116648366080,2025-08-13T19:42:34.3959926+00:00,195304,Sarah Lawrence College,https://www.sarahlawrence.edu,sarahlawrence
0743555116908412928,2025-08-13T19:42:34.4576327+00:00,217633,Anderson University,https://www.andersonuniversity.edu,andersonuniversity
0743555117168459776,2025-08-13T19:42:34.5194476+00:00,176965,University of Central Missouri,https://www.ucmo.edu,ucmo
0743555117428506624,2025-08-13T19:42:34.5813077+00:00,217688,Charleston Southern University,https://www.charlestonsouthern.edu,charlestonsouthern
0743555117688553472,2025-08-13T19:42:34.6433800+00:00,196006,SUNY College of Technology at Alfred,https://www.alfredstate.edu,alfredstate
0743555117944406016,2025-08-13T19:42:34.7048298+00:00,178615,Truman State University,https://www.truman.edu,truman
0743555118204452864,2025-08-13T19:42:34.7661846+00:00,127185,Fort Lewis College,https://fortlewis.edu,fortlewis
0743555118468694016,2025-08-13T19:42:34.8291667+00:00,161457,University of New England,https://www.une.edu,une
0743555118728740864,2025-08-13T19:42:34.8911226+00:00,191630,Hobart William Smith Colleges,https://www.hws.edu,hws
0743555118988787712,2025-08-13T19:42:34.9532552+00:00,141264,Valdosta State University,https://www.valdosta.edu,valdosta
0743555119244640256,2025-08-13T19:42:35.0147098+00:00,167729,Salem State University,https://www.salemstate.edu,salemstate
0743555119500492800,2025-08-13T19:42:35.0759957+00:00,174783,Saint Cloud State University,https://www.stcloudstate.edu,stcloudstate
0743555119768928256,2025-08-13T19:42:35.1391800+00:00,228149,St. Mary's University,https://www.stmarytx.edu,stmarytx
0743555120028975104,2025-08-13T19:42:35.2012251+00:00,146612,Lewis University,https://www.lewisu.edu,lewisu
0743555120297410560,2025-08-13T19:42:35.2652941+00:00,243221,University of Puerto Rico-Rio Piedras,https://www.uprrp.edu,uprrp
0743555120557457408,2025-08-13T19:42:35.3272535+00:00,141334,University of West Georgia,https://www.westga.edu,westga
0743555120813309952,2025-08-13T19:42:35.3889830+00:00,445708,Johnson & Wales University-Charlotte,https://www.jwu.edu/campuses/charlotte,jwu-charlotte
0743555121069162496,2025-08-13T19:42:35.4493582+00:00,152318,Rose-Hulman Institute of Technology,https://www.rose-hulman.edu,rose-hulman
0743555121329209344,2025-08-13T19:42:35.5118414+00:00,199582,Saint Augustine's University,https://www.st-aug.edu,st-aug
0743555121589256192,2025-08-13T19:42:35.5730817+00:00,248934,ECPI University,https://www.ecpi.edu,ecpi
0743555121853497344,2025-08-13T19:42:35.6364569+00:00,168430,Worcester State University,https://www.worcester.edu,worcester
0743555122109349888,2025-08-13T19:42:35.6974478+00:00,165529,Curry College,https://www.curry.edu,curry
0743555122373591040,2025-08-13T19:42:35.7602784+00:00,165574,Dean College,https://www.dean.edu,dean
0743555122642026496,2025-08-13T19:42:35.8247734+00:00,191126,Fashion Institute of Technology,https://www.fitnyc.edu,fitnyc
0743555122889490432,2025-08-13T19:42:35.8839771+00:00,235097,Eastern Washington University,https://www.ewu.edu,ewu
0743555123149537280,2025-08-13T19:42:35.9454267+00:00,164173,Stevenson University,https://www.stevenson.edu,stevenson
0743555123413778432,2025-08-13T19:42:36.0084690+00:00,160612,Southeastern Louisiana University,https://www.southeastern.edu,southeastern
0743555123669630976,2025-08-13T19:42:36.0698868+00:00,238458,Carroll University,https://www.carrollu.edu,carrollu
0743555123929677824,2025-08-13T19:42:36.1319596+00:00,218229,Lander University,https://www.lander.edu,lander
0743555124198113280,2025-08-13T19:42:36.1950135+00:00,166939,Mount Holyoke College,https://www.mtholyoke.edu,mtholyoke
0743555124453965824,2025-08-13T19:42:36.2568600+00:00,146481,Lake Forest College,https://www.lakeforest.edu,lakeforest
0743555124714012672,2025-08-13T19:42:36.3186098+00:00,232681,University of Mary Washington,https://www.umw.edu,umw
0743555124978253824,2025-08-13T19:42:36.3818257+00:00,215655,Robert Morris University,https://www.rmu.edu,rmu
0743555125250883584,2025-08-13T19:42:36.4467750+00:00,154095,University of Northern Iowa,https://www.uni.edu,uni
0743555125498347520,2025-08-13T19:42:36.5050778+00:00,201104,Ashland University,https://www.ashland.edu,ashland
0743555125766782976,2025-08-13T19:42:36.5693557+00:00,209506,Oregon Institute of Technology,https://www.oit.edu,oit
0743555126031024128,2025-08-13T19:42:36.6320638+00:00,436836,University of Connecticut-Stamford,https://stamford.uconn.edu,uconn-stamford
0743555126282682368,2025-08-13T19:42:36.6925192+00:00,147776,Northeastern Illinois University,https://www.neiu.edu,neiu
0743555126546923520,2025-08-13T19:42:36.7559374+00:00,216931,Wilkes University,https://www.wilkes.edu,wilkes
0743555126811164672,2025-08-13T19:42:36.8187657+00:00,221519,The University of the South,https://www.sewanee.edu,sewanee
0743555127071211520,2025-08-13T19:42:36.8808022+00:00,165866,Framingham State University,https://www.framingham.edu,framingham
0743555127343841280,2025-08-13T19:42:36.9450159+00:00,219471,University of South Dakota,https://www.usd.edu,usd
0743555127603888128,2025-08-13T19:42:37.0076470+00:00,229814,West Texas A & M University,https://www.wtamu.edu,wtamu
0743555127859740672,2025-08-13T19:42:37.0683399+00:00,184694,Fairleigh Dickinson University-Florham Campus,https://www.fdu.edu,fdu
0743555128136564736,2025-08-13T19:42:37.1347541+00:00,115409,Harvey Mudd College,https://www.hmc.edu,hmc
0743555128396611584,2025-08-13T19:42:37.1966074+00:00,218973,Wofford College,https://www.wofford.edu,wofford
0743555128660852736,2025-08-13T19:42:37.2590670+00:00,139861,Georgia College & State University,https://www.gcsu.edu,gcsu
0743555128916705280,2025-08-13T19:42:37.3200305+00:00,145646,Illinois Wesleyan University,https://www.iwu.edu,iwu
0743555129180946432,2025-08-13T19:42:37.3834399+00:00,183062,Keene State College,https://www.keene.edu,keene
0743555129445187584,2025-08-13T19:42:37.4462549+00:00,377555,University of Washington-Bothell Campus,https://www.uwb.edu,uwb
0743555129701040128,2025-08-13T19:42:37.5070912+00:00,150534,University of Evansville,https://www.evansville.edu,evansville
0743555129969475584,2025-08-13T19:42:37.5710796+00:00,217059,York College of Pennsylvania,https://www.ycp.edu,ycp
0743555130237911040,2025-08-13T19:42:37.6355502+00:00,214591,Pennsylvania State University-Penn State Erie-Behrend College,https://behrend.psu.edu,psu-erie
0743555130489569280,2025-08-13T19:42:37.6959133+00:00,196158,SUNY at Fredonia,https://www.fredonia.edu,fredonia
0743555130749616128,2025-08-13T19:42:37.7578725+00:00,163462,Mount St. Mary's University,https://msmary.edu,msmary
0743555131018051584,2025-08-13T19:42:37.8210731+00:00,164270,McDaniel College,https://www.mcdaniel.edu,mcdaniel
0743555131278098432,2025-08-13T19:42:37.8830063+00:00,214175,Muhlenberg College,https://www.muhlenberg.edu,muhlenberg
0743555131538145280,2025-08-13T19:42:37.9452913+00:00,102049,Samford University,https://www.samford.edu,samford
0743555131802386432,2025-08-13T19:42:38.0082622+00:00,203368,John Carroll University,https://jcu.edu,jcu
0743555132058238976,2025-08-13T19:42:38.0694897+00:00,201548,Capital University,https://www.capital.edu,capital
0743555132326674432,2025-08-13T19:42:38.1331468+00:00,234164,Virginia Union University,https://www.vuu.edu,vuu
0743555132582526976,2025-08-13T19:42:38.1944899+00:00,243197,University of Puerto Rico-Mayaguez,https://www.uprm.edu,uprm
0743555132846768128,2025-08-13T19:42:38.2572838+00:00,144351,Concordia University-Chicago,https://www.cuchicago.edu,cuchicago
0743555133106814976,2025-08-13T19:42:38.3199051+00:00,224323,University of Dallas,https://udallas.edu,udallas
0743555133375250432,2025-08-13T19:42:38.3835717+00:00,195173,St. Francis College,https://www.sfc.edu,sfc
0743555133631102976,2025-08-13T19:42:38.4441516+00:00,159993,University of Louisiana at Monroe,https://www.ulm.edu,ulm
0743555133882761216,2025-08-13T19:42:38.5048799+00:00,184603,Fairleigh Dickinson University-Metropolitan Campus,https://www.fdu.edu,fdu-teaneck
0743555134256054272,2025-08-13T19:42:38.5939041+00:00,199111,University of North Carolina Asheville,https://unca.edu,unca
0743555134398660608,2025-08-13T19:42:38.6272151+00:00,177968,Lindenwood University,https://www.lindenwood.edu,lindenwood
0743555134662901760,2025-08-13T19:42:38.6900188+00:00,195544,St. Joseph's University-New York,https://www.sjny.edu,sjny
0743555134927142912,2025-08-13T19:42:38.7532536+00:00,230995,Norwich University,https://www.norwich.edu,norwich
0743555135187189760,2025-08-13T19:42:38.8158223+00:00,195720,St. John Fisher University,https://www.sjf.edu,sjf
0743555135459819520,2025-08-13T19:42:38.8804683+00:00,142294,The College of Idaho,https://www.collegeofidaho.edu,collegeofidaho
0743555135715672064,2025-08-13T19:42:38.9419752+00:00,106412,University of Arkansas at Pine Bluff,https://www.uapb.edu,uapb
0743555135979913216,2025-08-13T19:42:39.0042820+00:00,229160,Texas Wesleyan University,https://www.txwes.edu,txwes
0743555136244154368,2025-08-13T19:42:39.0671350+00:00,151306,University of Southern Indiana,https://www.usi.edu,usi
0743555136508395520,2025-08-13T19:42:39.1300270+00:00,210669,Allegheny College,https://allegheny.edu,allegheny
0743555136760053760,2025-08-13T19:42:39.1909100+00:00,110097,Biola University,https://www.biola.edu,biola
0743555137015906304,2025-08-13T19:42:39.2511754+00:00,201195,Baldwin Wallace University,https://www.bw.edu,bw
0743555137275953152,2025-08-13T19:42:39.3131298+00:00,240471,University of Wisconsin-River Falls,https://www.uwrf.edu,uwrf
0743555137527611392,2025-08-13T19:42:39.3733171+00:00,178059,Maryville University of Saint Louis,https://www.maryville.edu,maryville
0743555137787658240,2025-08-13T19:42:39.4350064+00:00,198862,Livingstone College,https://livingstone.edu,livingstone
0743555138039316480,2025-08-13T19:42:39.4958171+00:00,237066,Whitworth University,https://www.whitworth.edu,whitworth
0743555138295169024,2025-08-13T19:42:39.5568756+00:00,222831,Angelo State University,https://www.angelo.edu,angelo
0743555138555215872,2025-08-13T19:42:39.6187119+00:00,189705,Canisius University,https://www.canisius.edu,canisius
0743555138806874112,2025-08-13T19:42:39.6789712+00:00,206048,Tiffin University,https://www.tiffin.edu,tiffin
0743555139066920960,2025-08-13T19:42:39.7406609+00:00,206941,University of Central Oklahoma,https://www.uco.edu,uco
0743555139318579200,2025-08-13T19:42:39.8007481+00:00,198543,Fayetteville State University,https://www.uncfsu.edu,uncfsu
0743555139578626048,2025-08-13T19:42:39.8624978+00:00,167783,Simmons University,https://www.simmons.edu,simmons
0743555139834478592,2025-08-13T19:42:39.9234371+00:00,101879,University of North Alabama,https://www.una.edu,una
0743555140094525440,2025-08-13T19:42:39.9854969+00:00,164562,Assumption University,https://www.assumption.edu,assumption
0743555140350377984,2025-08-13T19:42:40.0462213+00:00,162584,Frostburg State University,https://www.frostburg.edu,frostburg
0743555140606230528,2025-08-13T19:42:40.1073126+00:00,150677,Grace College and Theological Seminary,https://www.grace.edu,grace
0743555140866277376,2025-08-13T19:42:40.1698337+00:00,207582,Oral Roberts University,https://oru.edu,oru
0743555141122129920,2025-08-13T19:42:40.2301638+00:00,198507,Elizabeth City State University,https://www.ecsu.edu,ecsu
0743555141373788160,2025-08-13T19:42:40.2903654+00:00,239716,Saint Norbert College,https://www.snc.edu,snc
0743555141629640704,2025-08-13T19:42:40.3518985+00:00,102553,University of Alaska Anchorage,https://www.uaa.alaska.edu,alaska
0743555141889687552,2025-08-13T19:42:40.4130626+00:00,178420,University of Missouri-St Louis,https://www.umsl.edu,umsl
0743555142141345792,2025-08-13T19:42:40.4730336+00:00,174358,Minnesota State University Moorhead,https://www.mnstate.edu,mnstate
0743555142393004032,2025-08-13T19:42:40.5333499+00:00,142328,Lewis-Clark State College,https://www.lcsc.edu,lcsc
0743555142657245184,2025-08-13T19:42:40.5961895+00:00,236577,Seattle Pacific University,https://spu.edu,spu
0743555142904709120,2025-08-13T19:42:40.6558558+00:00,206491,Wilberforce University,https://www.wilberforce.edu,wilberforce
0743555143160561664,2025-08-13T19:42:40.7163368+00:00,168281,Wheaton College (Massachusetts),https://www.wheatoncollege.edu,wheatoncollege
0743555143420608512,2025-08-13T19:42:40.7789458+00:00,156286,Bellarmine University,https://www.bellarmine.edu,bellarmine
0743555143676461056,2025-08-13T19:42:40.8397464+00:00,152567,Trine University,https://www.trine.edu,trine
0743555143932313600,2025-08-13T19:42:40.9008361+00:00,121691,University of Redlands,https://www.redlands.edu,redlands
0743555144192360448,2025-08-13T19:42:40.9625447+00:00,151801,Indiana Wesleyan University-Marion,https://www.indwes.edu,indwes
0743555144448212992,2025-08-13T19:42:41.0231285+00:00,193584,Nazareth University,https://www2.naz.edu,naz
0743555144699871232,2025-08-13T19:42:41.0837222+00:00,210401,Willamette University,https://www.willamette.edu,willamette
0743555144959918080,2025-08-13T19:42:41.1456890+00:00,173665,Hamline University,https://www.hamline.edu,hamline
0743555145215770624,2025-08-13T19:42:41.2066200+00:00,193973,Niagara University,https://www.niagara.edu,niagara
0743555145471623168,2025-08-13T19:42:41.2676694+00:00,169080,Calvin University,https://www.calvin.edu,calvin
0743555145727475712,2025-08-13T19:42:41.3280687+00:00,173300,Concordia College at Moorhead,https://www.concordiacollege.edu,concordiacollege
0743555145987522560,2025-08-13T19:42:41.3900629+00:00,195164,St Bonaventure University,https://www.sbu.edu,sbu
0743555146243375104,2025-08-13T19:42:41.4516238+00:00,201690,Central State University,https://www.centralstate.edu,centralstate
0743555146499227648,2025-08-13T19:42:41.5129412+00:00,184348,Drew University,https://www.drew.edu,drew
0743555146755080192,2025-08-13T19:42:41.5731155+00:00,173647,Gustavus Adolphus College,https://gustavus.edu,gustavus
0743555147010932736,2025-08-13T19:42:41.6347162+00:00,219976,Lipscomb University,https://www.lipscomb.edu,lipscomb
0743555147275173888,2025-08-13T19:42:41.6976452+00:00,135081,Keiser University-Ft Lauderdale,https://www.keiseruniversity.edu,keiseruniversity
0743555147535220736,2025-08-13T19:42:41.7594679+00:00,139366,Columbus State University,https://www.columbusstate.edu,columbusstate
0743555147791073280,2025-08-13T19:42:41.8200969+00:00,210739,DeSales University,https://www.desales.edu,desales
0743555148046925824,2025-08-13T19:42:41.8815883+00:00,196237,SUNY Old Westbury,https://www.oldwestbury.edu,oldwestbury
0743555148302778368,2025-08-13T19:42:41.9422336+00:00,217420,Rhode Island College,https://www.ric.edu,ric
0743555148562825216,2025-08-13T19:42:42.0043790+00:00,196051,SUNY Morrisville,https://www.morrisville.edu,morrisville
0743555148827066368,2025-08-13T19:42:42.0675912+00:00,204936,Otterbein University,https://www.otterbein.edu,otterbein
0743555149078724608,2025-08-13T19:42:42.1272697+00:00,148654,University of Illinois Springfield,https://www.uis.edu,uis
0743555149334577152,2025-08-13T19:42:42.1889223+00:00,179894,Webster University,https://www.webster.edu,webster
0743555149590429696,2025-08-13T19:42:42.2496887+00:00,213987,Mercyhurst University,https://www.mercyhurst.edu,mercyhurst
0743555149854670848,2025-08-13T19:42:42.3127614+00:00,196024,SUNY College of Technology at Delhi,https://www.delhi.edu,delhi
0743555150102134784,2025-08-13T19:42:42.3716352+00:00,154235,Saint Ambrose University,https://www.sau.edu,sau
0743555150362181632,2025-08-13T19:42:42.4338783+00:00,112075,Concordia University-Irvine,https://www.cui.edu,cui
0743555150626422784,2025-08-13T19:42:42.4960704+00:00,202763,The University of Findlay,https://findlay.edu,findlay
0743555150890663936,2025-08-13T19:42:42.5596208+00:00,198136,Campbell University,https://www.campbell.edu,campbell
0743555151167488000,2025-08-13T19:42:42.6253788+00:00,159717,McNeese State University,https://www.mcneese.edu,mcneese
0743555151419146240,2025-08-13T19:42:42.6852724+00:00,128744,University of Bridgeport,https://www.bridgeport.edu,bridgeport
0743555151679193088,2025-08-13T19:42:42.7476276+00:00,183822,Bloomfield College,https://www.bloomfield.edu,bloomfield
0743555151947628544,2025-08-13T19:42:42.8116756+00:00,170532,Kalamazoo College,https://www.kzoo.edu,kzoo
0743555152207675392,2025-08-13T19:42:42.8734361+00:00,208822,George Fox University,https://www.georgefox.edu,georgefox
0743555152463527936,2025-08-13T19:42:42.9347563+00:00,238616,Concordia University-Wisconsin,https://www.cuw.edu,cuw
0743555152723574784,2025-08-13T19:42:42.9963764+00:00,106245,University of Arkansas at Little Rock,https://ualr.edu/www,ualr
0743555152979427328,2025-08-13T19:42:43.0574870+00:00,104586,Embry-Riddle Aeronautical University-Prescott,https://prescott.erau.edu,erau-prescott
0743555153235279872,2025-08-13T19:42:43.1181414+00:00,154721,Bethany College,https://www.bethanylb.edu,bethanylb
0743555153495326720,2025-08-13T19:42:43.1804132+00:00,218061,Francis Marion University,https://www.fmarion.edu,fmarion
0743555153755373568,2025-08-13T19:42:43.2423251+00:00,232706,Marymount University,https://www.marymount.edu,marymount
0743555154015420416,2025-08-13T19:42:43.3040889+00:00,191533,Hartwick College,https://www.hartwick.edu,hartwick
0743555154279661568,2025-08-13T19:42:43.3671172+00:00,204185,University of Mount Union,https://www.mountunion.edu,mountunion
0743555154543902720,2025-08-13T19:42:43.4305687+00:00,164492,Anna Maria College,https://www.annamaria.edu,annamaria
0743555154808143872,2025-08-13T19:42:43.4933331+00:00,167899,Springfield College,https://www.springfield.edu,springfield
0743555155072385024,2025-08-13T19:42:43.5568629+00:00,228802,The University of Texas at Tyler,https://www.uttyler.edu,uttyler
0743555155336626176,2025-08-13T19:42:43.6197669+00:00,211556,Chatham University,https://www.chatham.edu,chatham
0743555155596673024,2025-08-13T19:42:43.6816579+00:00,197151,School of Visual Arts,https://www.sva.edu,sva
0743555155865108480,2025-08-13T19:42:43.7454552+00:00,482158,Middle Georgia State University,https://www.mga.edu,mga
0743555156129349632,2025-08-13T19:42:43.8087800+00:00,109785,Azusa Pacific University,https://www.apu.edu,apu
0743555156385202176,2025-08-13T19:42:43.8696829+00:00,193399,University of Mount Saint Vincent,https://www.mountsaintvincent.edu,mountsaintvincent
0743555156649443328,2025-08-13T19:42:43.9327123+00:00,193308,Monroe College,https://www.monroecollege.edu,monroecollege
0743555156905295872,2025-08-13T19:42:43.9931619+00:00,173045,Augsburg University,https://www.augsburg.edu,augsburg
0743555157161148416,2025-08-13T19:42:44.0545997+00:00,199281,University of North Carolina at Pembroke,https://www.uncp.edu,uncp
0743555157421195264,2025-08-13T19:42:44.1165368+00:00,215284,University of Pittsburgh-Johnstown,https://www.upj.pitt.edu,pitt-johnstown
0743555157681242112,2025-08-13T19:42:44.1787543+00:00,211273,Bryn Mawr College,https://www.brynmawr.edu,brynmawr
0743555157945483264,2025-08-13T19:42:44.2416455+00:00,243443,Universidad del Sagrado Corazon,https://www.sagrado.edu,sagrado
0743555158218113024,2025-08-13T19:42:44.3063462+00:00,121257,Pitzer College,https://www.pitzer.edu,pitzer
0743555158486548480,2025-08-13T19:42:44.3702493+00:00,446048,Ave Maria University,https://www.avemaria.edu,avemaria
0743555158759178240,2025-08-13T19:42:44.4354878+00:00,142461,Northwest Nazarene University,https://www.nnu.edu,nnu
0743555159010836480,2025-08-13T19:42:44.4958192+00:00,198613,Guilford College,https://www.guilford.edu,guilford
0743555159270883328,2025-08-13T19:42:44.5571182+00:00,214272,Neumann University,https://www.neumann.edu,neumann
0743555159526735872,2025-08-13T19:42:44.6185954+00:00,238333,Beloit College,https://www.beloit.edu,beloit
0743555159786782720,2025-08-13T19:42:44.6802309+00:00,197045,Utica University,https://www.utica.edu,utica
0743555160042635264,2025-08-13T19:42:44.7419750+00:00,231581,Bridgewater College,https://www.bridgewater.edu,bridgewater
0743555160306876416,2025-08-13T19:42:44.8044881+00:00,216667,Washington & Jefferson College,https://www.washjeff.edu,washjeff
0743555160562728960,2025-08-13T19:42:44.8656763+00:00,123554,Saint Mary's College of California,https://www.stmarys-ca.edu,stmarys-ca
0743555160852135936,2025-08-13T19:42:44.9344384+00:00,236230,Pacific Lutheran University,https://www.plu.edu,plu
0743555161099599872,2025-08-13T19:42:44.9936965+00:00,168591,Alma College,https://www.alma.edu,alma
0743555161368035328,2025-08-13T19:42:45.0578370+00:00,118693,Menlo College,https://www.menlo.edu,menlo
0743555161628082176,2025-08-13T19:42:45.1198396+00:00,207403,Oklahoma Baptist University,https://www.okbu.edu,okbu
0743555161883934720,2025-08-13T19:42:45.1805473+00:00,155627,Ottawa University-Ottawa,https://www.ottawa.edu,ottawa
0743555162139787264,2025-08-13T19:42:45.2418248+00:00,168528,Adrian College,https://www.adrian.edu,adrian
0743555162399834112,2025-08-13T19:42:45.3037186+00:00,218539,Presbyterian College,https://www.presby.edu,presby
0743555162664075264,2025-08-13T19:42:45.3663741+00:00,169479,Davenport University,https://www.davenport.edu,davenport
0743555162928316416,2025-08-13T19:42:45.4298279+00:00,183239,Saint Anselm College,https://www.anselm.edu,anselm
0743555163188363264,2025-08-13T19:42:45.4912711+00:00,210429,Western Oregon University,https://wou.edu,wou
0743555163448410112,2025-08-13T19:42:45.5532358+00:00,145691,Illinois College,https://www.ic.edu,ic
0743555163708456960,2025-08-13T19:42:45.6158755+00:00,192749,Manhattanville College,https://www.mville.edu,mville
0743555163981086720,2025-08-13T19:42:45.6800528+00:00,211352,Cabrini University,https://www.cabrini.edu,cabrini
0743555164232744960,2025-08-13T19:42:45.7403463+00:00,162283,Coppin State University,https://www.coppin.edu,coppin
0743555164496986112,2025-08-13T19:42:45.8031163+00:00,154004,Morningside University,https://www.morningside.edu,morningside
0743555164761227264,2025-08-13T19:42:45.8664259+00:00,213358,La Roche University,https://www.laroche.edu,laroche
0743555165029662720,2025-08-13T19:42:45.9304833+00:00,165802,Fisher College,https://www.fisher.edu,fisher
0743555165289709568,2025-08-13T19:42:45.9921919+00:00,198215,Catawba College,https://www.catawba.edu,catawba
0743555165545562112,2025-08-13T19:42:46.0530145+00:00,214157,Moravian University,https://www.moravian.edu,moravian
0743555165805608960,2025-08-13T19:42:46.1157441+00:00,147536,National Louis University,https://www.nl.edu,nl
0743555166069850112,2025-08-13T19:42:46.1787660+00:00,196200,SUNY College at Potsdam,https://www.potsdam.edu,potsdam
0743555166329896960,2025-08-13T19:42:46.2404093+00:00,213321,King's College,https://www.kings.edu,kings
0743555166589943808,2025-08-13T19:42:46.3021231+00:00,218414,Newberry College,https://www.newberry.edu,newberry
0743555166854184960,2025-08-13T19:42:46.3659305+00:00,216524,Ursinus College,https://www.ursinus.edu,ursinus
0743555167110037504,2025-08-13T19:42:46.4266019+00:00,182795,Franklin Pierce University,https://www.franklinpierce.edu,franklinpierce
0743555167365890048,2025-08-13T19:42:46.4879598+00:00,166452,Lesley University,https://www.lesley.edu,lesley
0743555167625936896,2025-08-13T19:42:46.5491274+00:00,232609,University of Lynchburg,https://www.lynchburg.edu,lynchburg
0743555167881789440,2025-08-13T19:42:46.6105448+00:00,150756,Hanover College,https://www.hanover.edu,hanover
0743555168154419200,2025-08-13T19:42:46.6760013+00:00,140720,Paine College,https://www.paine.edu,paine
0743555168406077440,2025-08-13T19:42:46.7357200+00:00,199412,Queens University of Charlotte,https://www.queens.edu,queens
0743555168674512896,2025-08-13T19:42:46.7994226+00:00,179043,Rockhurst University,https://www.rockhurst.edu,rockhurst
0743555168930365440,2025-08-13T19:42:46.8602436+00:00,128391,Western Colorado University,https://www.western.edu,western
0743555169190412288,2025-08-13T19:42:46.9221485+00:00,217624,Allen University,https://www.allenuniversity.edu,allenuniversity
0743555169458847744,2025-08-13T19:42:46.9868188+00:00,163295,Maryland Institute College of Art,https://www.mica.edu,mica
0743555169978941440,2025-08-13T19:42:47.1102427+00:00,123165,Scripps College,https://www.scrippscollege.edu,scrippscollege
0743555170230599680,2025-08-13T19:42:47.1700780+00:00,204468,Notre Dame College,https://www.notredamecollege.edu,notredamecollege
0743555170494840832,2025-08-13T19:42:47.2335504+00:00,232256,Hampden-Sydney College,https://www.hsc.edu,hsc
0743555170750693376,2025-08-13T19:42:47.2949218+00:00,165820,Fitchburg State University,https://www.fitchburgstate.edu,fitchburgstate
0743555171002351616,2025-08-13T19:42:47.3549003+00:00,213668,Lycoming College,https://www.lycoming.edu,lycoming
0743555171266592768,2025-08-13T19:42:47.4176747+00:00,100937,Birmingham-Southern College,https://www.bsc.edu,bsc
0743555171803463680,2025-08-13T19:42:47.5458690+00:00,232308,Hollins University,https://www.hollins.edu,hollins
0743555172063510528,2025-08-13T19:42:47.6074675+00:00,190716,D'Youville  University,https://www.dyu.edu,dyu
0743555172310974464,2025-08-13T19:42:47.6663669+00:00,230834,Castleton University,,castleton-vt
0743555172323557376,2025-08-13T19:42:47.6694512+00:00,125763,Whittier College,https://www.whittier.edu,whittier
0743555172587798528,2025-08-13T19:42:47.7329683+00:00,162760,Hood College,https://www.hood.edu,hood
0743555172852039680,2025-08-13T19:42:47.7954447+00:00,226231,LeTourneau University,https://www.letu.edu,letu
0743555173107892224,2025-08-13T19:42:47.8560583+00:00,153162,Cornell College,https://www.cornellcollege.edu,cornellcollege
0743555173367939072,2025-08-13T19:42:47.9190014+00:00,206525,Wittenberg University,https://www.wittenberg.edu,wittenberg
0743555173636374528,2025-08-13T19:42:47.9822317+00:00,148487,Roosevelt University,https://www.roosevelt.edu,roosevelt
0743555173896421376,2025-08-13T19:42:48.0445648+00:00,170286,Hillsdale College,https://www.hillsdale.edu,hillsdale
0743555174156468224,2025-08-13T19:42:48.1067772+00:00,101587,University of West Alabama,https://www.uwa.edu,uwa
0743555174416515072,2025-08-13T19:42:48.1686084+00:00,212133,Eastern University,https://www.eastern.edu/about/student-consumer-information,eastern
0743555174689144832,2025-08-13T19:42:48.2334009+00:00,146427,Knox College,https://www.knox.edu,knox
0743555174949191680,2025-08-13T19:42:48.2959269+00:00,186432,Saint Peter's University,https://www.saintpeters.edu,saintpeters
0743555175196655616,2025-08-13T19:42:48.3546550+00:00,230913,Northern Vermont University,,northernvtjohnson
0743555175209238528,2025-08-13T19:42:48.3576792+00:00,121309,Point Loma Nazarene University,https://www.pointloma.edu,pointloma
0743555175486062592,2025-08-13T19:42:48.4232588+00:00,239017,Lawrence University,https://www.lawrence.edu,lawrence
0743555175754498048,2025-08-13T19:42:48.4874778+00:00,162654,Goucher College,https://www.goucher.edu,goucher
0743555176006156288,2025-08-13T19:42:48.5474662+00:00,218742,University of South Carolina-Upstate,https://www.uscupstate.edu,uscupstate
0743555176257814528,2025-08-13T19:42:48.6076974+00:00,219000,Augustana University,https://www.augie.edu,augie
0743555176517861376,2025-08-13T19:42:48.6693468+00:00,219806,Carson-Newman University,https://www.cn.edu,cn
0743555176777908224,2025-08-13T19:42:48.7313671+00:00,163912,St. Mary's College of Maryland,https://www.smcm.edu,smcm
0743555177042149376,2025-08-13T19:42:48.7948941+00:00,215275,University of Pittsburgh-Greensburg,https://www.greensburg.pitt.edu,pitt-greensburg
0743555177289613312,2025-08-13T19:42:48.8535576+00:00,143118,Aurora University,https://aurora.edu,aurora
0743555177549660160,2025-08-13T19:42:48.9158327+00:00,159382,Louisiana State University-Alexandria,https://www.lsua.edu,lsua
0743555177801318400,2025-08-13T19:42:48.9751084+00:00,196112,SUNY Polytechnic Institute,https://www.sunypoly.edu,sunypoly
0743555178065559552,2025-08-13T19:42:49.0384367+00:00,154712,Benedictine College,https://www.benedictine.edu,benedictine
0743555178329800704,2025-08-13T19:42:49.1013792+00:00,151777,Manchester University,https://www.manchester.edu,manchester
0743555178606624768,2025-08-13T19:42:49.1678026+00:00,147244,Millikin University,https://millikin.edu,millikin
0743555178854088704,2025-08-13T19:42:49.2261451+00:00,213507,Lebanon Valley College,https://www.lvc.edu,lvc
0743555179114135552,2025-08-13T19:42:49.2883524+00:00,167598,Regis College,https://www.regiscollege.edu,regiscollege
0743555179369988096,2025-08-13T19:42:49.3498012+00:00,110370,California College of the Arts,https://www.cca.edu,cca
0743555179638423552,2025-08-13T19:42:49.4139023+00:00,217961,Converse University,https://www.converse.edu,converse
0743555179906859008,2025-08-13T19:42:49.4774768+00:00,221971,Union University,https://www.uu.edu,uu
0743555180171100160,2025-08-13T19:42:49.5405938+00:00,240374,University of Wisconsin-Parkside,https://www.uwp.edu,uwp
0743555180431147008,2025-08-13T19:42:49.6021694+00:00,157058,Kentucky State University,https://www.kysu.edu,kysu
0743555180695388160,2025-08-13T19:42:49.6650399+00:00,148405,Rockford University,https://www.rockford.edu,rockford
0743555180972212224,2025-08-13T19:42:49.7312179+00:00,230816,Bennington College,https://www.bennington.edu,bennington
0743555181211287552,2025-08-13T19:42:49.7888818+00:00,482936,Florida Polytechnic University,https://floridapoly.edu,floridapoly
0743555181479723008,2025-08-13T19:42:49.8522179+00:00,166391,Lasell University,https://www.lasell.edu,lasell
0743555181735575552,2025-08-13T19:42:49.9138628+00:00,209612,Pacific University,https://www.pacificu.edu,pacificu
0743555181995622400,2025-08-13T19:42:49.9757229+00:00,154527,Wartburg College,https://www.wartburg.edu,wartburg
0743555182264057856,2025-08-13T19:42:50.0394996+00:00,157809,Thomas More University,https://www.thomasmore.edu,thomasmore
0743555182519910400,2025-08-13T19:42:50.1009192+00:00,212197,Elizabethtown College,https://www.etown.edu,etown
0743555182788345856,2025-08-13T19:42:50.1649942+00:00,173124,Bemidji State University,https://www.bemidjistate.edu,bemidjistate
0743555183052587008,2025-08-13T19:42:50.2276621+00:00,107983,Southern Arkansas University Main Campus,https://www.saumag.edu,saumag
0743555183312633856,2025-08-13T19:42:50.2892742+00:00,237899,West Virginia State University,https://www.wvstateu.edu,wvstateu
0743555183568486400,2025-08-13T19:42:50.3503300+00:00,190725,Daemen University,https://www.daemen.edu,daemen
0743555183828533248,2025-08-13T19:42:50.4125110+00:00,123651,Vanguard University of Southern California,https://www.vanguard.edu,vanguard
0743555184096968704,2025-08-13T19:42:50.4761517+00:00,145619,Benedictine University,https://ben.edu,ben
0743555184348626944,2025-08-13T19:42:50.5363937+00:00,202514,Defiance College,https://www.defiance.edu,defiance
0743555184612868096,2025-08-13T19:42:50.5992341+00:00,156408,Centre College,https://www.centre.edu,centre
0743555184864526336,2025-08-13T19:42:50.6595524+00:00,107080,Hendrix College,https://www.hendrix.edu,hendrix
0743555185388814336,2025-08-13T19:42:50.7846570+00:00,197984,Belmont Abbey College,https://www.belmontabbeycollege.edu,belmontabbeycollege
0743555185657249792,2025-08-13T19:42:50.8481333+00:00,138293,Webber International University,https://www.webber.edu,webber
0743555185913102336,2025-08-13T19:42:50.9099404+00:00,176406,Tougaloo College,https://www.tougaloo.edu,tougaloo
0743555186177343488,2025-08-13T19:42:50.9728806+00:00,160038,Northwestern State University of Louisiana,https://www.nsula.edu,nsula
0743555186445778944,2025-08-13T19:42:51.0363187+00:00,153126,Clarke University,https://www.clarke.edu,clarke
0743555186710020096,2025-08-13T19:42:51.0998019+00:00,215947,Seton Hill University,https://www.setonhill.edu,setonhill
0743555186970066944,2025-08-13T19:42:51.1614688+00:00,206437,Walsh University,https://www.walsh.edu,walsh
0743555187234308096,2025-08-13T19:42:51.2247697+00:00,140696,Oglethorpe University,https://oglethorpe.edu,oglethorpe
0743555187502743552,2025-08-13T19:42:51.2885822+00:00,197197,Wagner College,https://www.wagner.edu,wagner
0743555187775373312,2025-08-13T19:42:51.3531550+00:00,174251,University of Minnesota-Morris,https://morris.umn.edu,umn-morris
0743555188027031552,2025-08-13T19:42:51.4133994+00:00,204264,Muskingum University,https://www.muskingum.edu,muskingum
0743555188291272704,2025-08-13T19:42:51.4767737+00:00,237181,Bethany College,https://www.bethanywv.edu,bethanywv
0743555188626817024,2025-08-13T19:42:51.5565407+00:00,242653,Inter American University of Puerto Rico-Metro,https://metro.inter.edu,inter
0743555188815560704,2025-08-13T19:42:51.6016551+00:00,166674,Massachusetts College of Art and Design,https://massart.edu,massart
0743555189075607552,2025-08-13T19:42:51.6634815+00:00,155681,Pittsburg State University,https://www.pittstate.edu,pittstate
0743555189335654400,2025-08-13T19:42:51.7254733+00:00,175421,Belhaven University,https://www.belhaven.edu,belhaven
0743555189625061376,2025-08-13T19:42:51.7946890+00:00,141565,University of Hawaii at Hilo,https://hilo.hawaii.edu,hawaii-hilo
0743555189876719616,2025-08-13T19:42:51.8542687+00:00,213251,Juniata College,https://www.juniata.edu,juniata
0743555190124183552,2025-08-13T19:42:51.9139940+00:00,193353,Mount Saint Mary College,https://www.msmc.edu,msmc
0743555190388424704,2025-08-13T19:42:51.9762117+00:00,164216,Washington College,https://www.washcoll.edu,washcoll
0743555190648471552,2025-08-13T19:42:52.0386878+00:00,487524,Husson University,https://www.husson.edu,husson
0743555190908518400,2025-08-13T19:42:52.1002656+00:00,176628,Avila University,https://www.avila.edu,avila
0743555191168565248,2025-08-13T19:42:52.1621207+00:00,213826,Marywood University,https://www.marywood.edu,marywood
0743555191428612096,2025-08-13T19:42:52.2243347+00:00,164447,American International College,https://www.aic.edu,aic
0743555191684464640,2025-08-13T19:42:52.2859794+00:00,173328,Concordia University-Saint Paul,https://www.csp.edu,csp
0743555191940317184,2025-08-13T19:42:52.3461354+00:00,446561,Stanbridge University,https://www.stanbridge.edu,stanbridge
0743555192204558336,2025-08-13T19:42:52.4096363+00:00,221661,Southern Adventist University,https://www.southern.edu,southern
0743555192468799488,2025-08-13T19:42:52.4723521+00:00,207865,Southwestern Oklahoma State University,https://www.swosu.edu,swosu
0743555192737234944,2025-08-13T19:42:52.5362543+00:00,170675,Lawrence Technological University,https://www.ltu.edu,ltu
0743555193005670400,2025-08-13T19:42:52.6004238+00:00,139250,College of Coastal Georgia,https://www.ccga.edu,ccga
0743555193274105856,2025-08-13T19:42:52.6643890+00:00,203845,Marietta College,https://www.marietta.edu,marietta
0743555193534152704,2025-08-13T19:42:52.7261662+00:00,156745,Georgetown College,https://www.georgetowncollege.edu,georgetowncollege
0743555193798393856,2025-08-13T19:42:52.7898258+00:00,231059,Saint Michael's College,https://www.smcvt.edu,smcvt
0743555194050052096,2025-08-13T19:42:52.8492918+00:00,101435,Huntingdon College,https://www.huntingdon.edu,huntingdon
0743555194305904640,2025-08-13T19:42:52.9105409+00:00,484905,University of North Texas at Dallas,https://untdallas.edu,untdallas
0743555194574340096,2025-08-13T19:42:52.9745660+00:00,241410,Pontifical Catholic University of Puerto Rico-Ponce,https://www.pucpr.edu,pucpr
0743555194838581248,2025-08-13T19:42:53.0373546+00:00,218645,University of South Carolina Aiken,https://www.usca.edu,usca
0743555195115405312,2025-08-13T19:42:53.1039425+00:00,218654,University of South Carolina Beaufort,https://www.uscb.edu,uscb
0743555195362869248,2025-08-13T19:42:53.1629088+00:00,196103,SUNY College of Environmental Science and Forestry,https://www.esf.edu,esf
0743555195643887616,2025-08-13T19:42:53.2295048+00:00,219718,Bethel University,https://www.bethelu.edu,bethelu
0743555195912323072,2025-08-13T19:42:53.2931137+00:00,463056,University of Connecticut-Hartford Campus,https://hartford.uconn.edu,uconn-hartford
0743555196159787008,2025-08-13T19:42:53.3522201+00:00,195234,The College of Saint Rose,https://www.strose.edu,strose
0743555196419833856,2025-08-13T19:42:53.4143895+00:00,233295,Randolph-Macon College,https://www.rmc.edu,rmc
0743555196684075008,2025-08-13T19:42:53.4774340+00:00,119173,Mount Saint Mary's University,https://www.msmu.edu,msmu
0743555196965093376,2025-08-13T19:42:53.5447115+00:00,214731,Pennsylvania State University-Penn State Brandywine,https://www.brandywine.psu.edu,psu-media
0743555197220945920,2025-08-13T19:42:53.6058394+00:00,176318,Rust College,https://www.rustcollege.edu,rustcollege
0743555197480992768,2025-08-13T19:42:53.6670802+00:00,205957,Franciscan University of Steubenville,https://www.franciscan.edu,franciscan
0743555197736845312,2025-08-13T19:42:53.7285752+00:00,196033,SUNY College of Agriculture and Technology at Cobleskill,https://www.cobleskill.edu,cobleskill
0743555197992697856,2025-08-13T19:42:53.7896782+00:00,170639,Lake Superior State University,https://www.lssu.edu,lssu
0743555198256939008,2025-08-13T19:42:53.8529350+00:00,199209,North Carolina Wesleyan University,https://www.ncwc.edu,ncwc
0743555198529568768,2025-08-13T19:42:53.9175921+00:00,176044,Mississippi Valley State University,https://www.mvsu.edu,mvsu
0743555198793809920,2025-08-13T19:42:53.9807346+00:00,136774,Ringling College of Art and Design,https://www.ringling.edu,ringling
0743555199053856768,2025-08-13T19:42:54.0427303+00:00,181446,Nebraska Wesleyan University,https://www.nebrwesleyan.edu,nebrwesleyan
0743555199326486528,2025-08-13T19:42:54.1078888+00:00,177214,Drury University,https://www.drury.edu,drury
0743555199569756160,2025-08-13T19:42:54.1653756+00:00,199643,Shaw University,https://www.shawu.edu,shawu
0743555199829803008,2025-08-13T19:42:54.2270820+00:00,220710,Maryville College,https://www.maryvillecollege.edu,maryvillecollege
0743555200094044160,2025-08-13T19:42:54.2901392+00:00,217305,New England Institute of Technology,https://www.neit.edu,neit
0743555200349896704,2025-08-13T19:42:54.3513967+00:00,138868,Point University,https://point.edu,point
0743555200605749248,2025-08-13T19:42:54.4129143+00:00,138558,Abraham Baldwin Agricultural College,https://www.abac.edu,abac
0743555200869990400,2025-08-13T19:42:54.4758331+00:00,220631,Lincoln Memorial University,https://www.lmunet.edu,lmunet
0743555201142620160,2025-08-13T19:42:54.5404046+00:00,107071,Henderson State University,https://www.hsu.edu,hsu
0743555201402667008,2025-08-13T19:42:54.6027709+00:00,139199,Brenau University,https://www.brenau.edu,brenau
0743555201658519552,2025-08-13T19:42:54.6639808+00:00,151342,Indiana University-South Bend,https://iusb.edu,iusb
0743555201931149312,2025-08-13T19:42:54.7283370+00:00,167260,Nichols College,https://www.nichols.edu,nichols
0743555202191196160,2025-08-13T19:42:54.7906268+00:00,213996,Messiah University,https://www.messiah.edu,messiah
0743555202447048704,2025-08-13T19:42:54.8518993+00:00,176053,Mississippi College,https://www.mc.edu,mc
0743555202694512640,2025-08-13T19:42:54.9101595+00:00,156541,University of the Cumberlands,https://www.ucumberlands.edu,ucumberlands
0743555202950365184,2025-08-13T19:42:54.9714719+00:00,140818,Piedmont University,https://www.piedmont.edu,piedmont
0743555203206217728,2025-08-13T19:42:55.0326670+00:00,240426,University of Wisconsin-Superior,https://www.uwsuper.edu,uwsuper
0743555203466264576,2025-08-13T19:42:55.0945628+00:00,219383,University of Sioux Falls,https://www.usiouxfalls.edu,usiouxfalls
0743555203726311424,2025-08-13T19:42:55.1569432+00:00,172334,Spring Arbor University,https://www.arbor.edu,arbor
0743555203998941184,2025-08-13T19:42:55.2215779+00:00,225247,Hardin-Simmons University,https://www.hsutx.edu,hsutx
0743555204250599424,2025-08-13T19:42:55.2815517+00:00,231420,Averett University,https://www.averett.edu,averett
0743555204510646272,2025-08-13T19:42:55.3430645+00:00,147013,McKendree University,https://www.mckendree.edu,mckendree
0743555204774887424,2025-08-13T19:42:55.4064758+00:00,125727,Westmont College,https://www.westmont.edu,westmont
0743555205043322880,2025-08-13T19:42:55.4700609+00:00,100830,Auburn University at Montgomery,https://www.aum.edu,aum
0743555205311758336,2025-08-13T19:42:55.5340665+00:00,159966,Nicholls State University,https://www.nicholls.edu,nicholls
0743555205563416576,2025-08-13T19:42:55.5945927+00:00,198756,Johnson C Smith University,https://www.jcsu.edu,jcsu
0743555205823463424,2025-08-13T19:42:55.6564963+00:00,211981,Delaware Valley University,https://www.delval.edu,delval
0743555206091898880,2025-08-13T19:42:55.7206674+00:00,232025,Emory & Henry University,https://www.ehc.edu,ehc
0743555206351945728,2025-08-13T19:42:55.7821668+00:00,152390,Saint Mary's College,https://www.saintmarys.edu,saintmarys
0743555206611992576,2025-08-13T19:42:55.8447676+00:00,198303,Chowan University,https://www.chowan.edu,chowan
0743555206876233728,2025-08-13T19:42:55.9072194+00:00,196015,SUNY College of Technology at Canton,https://www.canton.edu,canton
0743555207148863488,2025-08-13T19:42:55.9720938+00:00,164368,Hult International Business School,https://www.hult.edu,hult
0743555207442464768,2025-08-13T19:42:56.0423125+00:00,226587,McMurry University,https://mcm.edu,mcm
0743555207664762880,2025-08-13T19:42:56.0958241+00:00,214652,Pennsylvania State University-Penn State Scranton,https://scranton.psu.edu,psu-dunmore
0743555207924809728,2025-08-13T19:42:56.1571352+00:00,233541,Shenandoah University,https://www.su.edu,su
0743555208189050880,2025-08-13T19:42:56.2204191+00:00,178697,College of the Ozarks,https://www.cofo.edu,cofo
0743555208444903424,2025-08-13T19:42:56.2819479+00:00,216807,Westminster College,https://www.westminster.edu,westminster
0743555208709144576,2025-08-13T19:42:56.3441594+00:00,218238,Limestone University,https://www.limestone.edu,limestone
0743555208960802816,2025-08-13T19:42:56.4041720+00:00,198969,Methodist University,https://www.methodist.edu,methodist
0743555209233432576,2025-08-13T19:42:56.4697131+00:00,230807,Westminster University,https://www.westminstercollege.edu,westminstercollege
0743555209480896512,2025-08-13T19:42:56.5287673+00:00,139311,Clayton  State University,https://www.clayton.edu,clayton
0743555209745137664,2025-08-13T19:42:56.5911407+00:00,198066,Brevard College,https://www.brevard.edu,brevard
0743555210009378816,2025-08-13T19:42:56.6544800+00:00,228042,Schreiner University,https://www.schreiner.edu,schreiner
0743555210265231360,2025-08-13T19:42:56.7157715+00:00,184612,Felician University,https://www.felician.edu,felician
0743555210529472512,2025-08-13T19:42:56.7786081+00:00,107044,Harding University,https://www.harding.edu,harding
0743555210793713664,2025-08-13T19:42:56.8417974+00:00,173160,Bethel University,https://www.bethel.edu,bethel
0743555211049566208,2025-08-13T19:42:56.9025033+00:00,213011,Immaculata University,https://www.immaculata.edu,immaculata
0743555211313807360,2025-08-13T19:42:56.9656199+00:00,214069,Misericordia University,https://www.misericordia.edu,misericordia
0743555211565465600,2025-08-13T19:42:57.0251952+00:00,204617,Ohio Dominican University,https://www.ohiodominican.edu,ohiodominican
0743555211825512448,2025-08-13T19:42:57.0870835+00:00,175980,Millsaps College,https://www.millsaps.edu,millsaps
0743555212081364992,2025-08-13T19:42:57.1486282+00:00,137564,Southeastern University,https://www.seu.edu,seu
0743555212345606144,2025-08-13T19:42:57.2118467+00:00,218441,North Greenville University,https://www.ngu.edu,ngu
0743555212609847296,2025-08-13T19:42:57.2748577+00:00,148584,University of St Francis,https://www.stfrancis.edu,stfrancis
0743555212878282752,2025-08-13T19:42:57.3388723+00:00,215743,Saint Francis University,https://www.francis.edu,francis
0743555213142523904,2025-08-13T19:42:57.4017416+00:00,215798,Saint Vincent College,https://www.stvincent.edu,stvincent
0743555213402570752,2025-08-13T19:42:57.4631759+00:00,197911,Barton College,https://www.barton.edu,barton
0743555213666811904,2025-08-13T19:42:57.5265699+00:00,219949,Cumberland University,https://www.cumberland.edu,cumberland
0743555213931053056,2025-08-13T19:42:57.5890998+00:00,217934,Columbia College,https://www.columbiasc.edu,columbiasc
0743555214199488512,2025-08-13T19:42:57.6530331+00:00,239628,Ripon College,https://www.ripon.edu,ripon
0743555214446952448,2025-08-13T19:42:57.7128966+00:00,204200,Mount St. Joseph University,https://www.msj.edu,msj
0743555214711193600,2025-08-13T19:42:57.7755445+00:00,216694,Waynesburg University,https://www.waynesburg.edu,waynesburg
0743555214967046144,2025-08-13T19:42:57.8369690+00:00,217864,Citadel Military College of South Carolina,https://citadel.edu,citadel
0743555215227092992,2025-08-13T19:42:57.8982100+00:00,210146,Southern Oregon University,https://www.sou.edu,sou
0743555215474556928,2025-08-13T19:42:57.9577718+00:00,236452,Saint Martin's University,https://www.stmartin.edu,stmartin
0743555215734603776,2025-08-13T19:42:58.0197270+00:00,440828,Oregon State University-Cascades Campus,https://osucascades.edu,osucascades
0743555215998844928,2025-08-13T19:42:58.0821499+00:00,181127,Hastings College,https://www.hastings.edu,hastings
0743555216258891776,2025-08-13T19:42:58.1442286+00:00,153834,Luther College,https://www.luther.edu,luther
0743555216527327232,2025-08-13T19:42:58.2081439+00:00,168786,Aquinas College,https://www.aquinas.edu,aquinas
0743555216787374080,2025-08-13T19:42:58.2706872+00:00,156295,Berea College,https://www.berea.edu,berea
0743555217039032320,2025-08-13T19:42:58.3301242+00:00,152530,Taylor University,https://www.taylor.edu,taylor
0743555217303273472,2025-08-13T19:42:58.3930756+00:00,168847,Baker College,https://www.baker.edu,baker
0743555217575903232,2025-08-13T19:42:58.4583389+00:00,192110,The Juilliard School,https://www.juilliard.edu,juilliard
0743555217831755776,2025-08-13T19:42:58.5191236+00:00,184773,Georgian Court University,https://georgian.edu,georgian
0743555218087608320,2025-08-13T19:42:58.5809287+00:00,120403,Otis College of Art and Design,https://www.otis.edu,otis
0743555218351849472,2025-08-13T19:42:58.6434439+00:00,166018,Hampshire College,https://www.hampshire.edu,hampshire
0743555218607702016,2025-08-13T19:42:58.7048354+00:00,107558,University of the Ozarks,https://ozarks.edu,ozarks
0743555218876137472,2025-08-13T19:42:58.7689558+00:00,188526,Albany College of Pharmacy and Health Sciences,https://www.acphs.edu,acphs
0743555219140378624,2025-08-13T19:42:58.8315557+00:00,209065,Linfield University,https://www.linfield.edu,linfield
0743555219404619776,2025-08-13T19:42:58.8945452+00:00,212805,Grove City College,https://www.gcc.edu,gcc
0743555219660472320,2025-08-13T19:42:58.9559058+00:00,220613,Lee University,https://www.leeuniversity.edu,leeuniversity
0743555219928907776,2025-08-13T19:42:59.0190976+00:00,107512,Ouachita Baptist University,https://obu.edu,obu
0743555220197343232,2025-08-13T19:42:59.0837133+00:00,111081,California Institute of the Arts,https://www.calarts.edu,calarts
0743555220453195776,2025-08-13T19:42:59.1440720+00:00,170806,Madonna University,https://www.madonna.edu,madonna
0743555220713242624,2025-08-13T19:42:59.2063880+00:00,179946,Westminster College,https://www.wcmo.edu,wcmo
0743555220981678080,2025-08-13T19:42:59.2705657+00:00,227429,Paul Quinn College,https://www.pqc.edu,pqc
0743555221241724928,2025-08-13T19:42:59.3323319+00:00,212984,Holy Family University,https://www.holyfamily.edu,holyfamily
0743555221501771776,2025-08-13T19:42:59.3941146+00:00,114354,FIDM-Fashion Institute of Design & Merchandising,https://www.fidm.edu,fidm
0743555221761818624,2025-08-13T19:42:59.4569139+00:00,377564,University of Washington-Tacoma Campus,https://www.tacoma.uw.edu,uw
0743555222034448384,2025-08-13T19:42:59.5219663+00:00,214829,Pennsylvania State University-Penn State York,https://www.york.psu.edu,psu-york
0743555222294495232,2025-08-13T19:42:59.5834211+00:00,156189,Alice Lloyd College,https://www.alc.edu,alc
0743555222550347776,2025-08-13T19:42:59.6449588+00:00,224545,Texas A&M University-Texarkana,https://www.tamut.edu,tamut
0743555222810394624,2025-08-13T19:42:59.7060261+00:00,102234,Spring Hill College,https://www.shc.edu,shc
0743555223066247168,2025-08-13T19:42:59.7671660+00:00,153366,Graceland University-Lamoni,https://www.graceland.edu,graceland
0743555223322099712,2025-08-13T19:42:59.8285888+00:00,153108,Central College,https://www.central.edu,central
0743555223586340864,2025-08-13T19:42:59.8917485+00:00,169363,Concordia University Ann Arbor,https://www.cuaa.edu,cuaa
0743555223863164928,2025-08-13T19:42:59.9570816+00:00,181020,Doane University,https://www.doane.edu,doane
0743555224123211776,2025-08-13T19:43:00.0191705+00:00,151333,Indiana University-Kokomo,https://www.iuk.edu,iuk
0743555224379064320,2025-08-13T19:43:00.0802847+00:00,186618,Saint Elizabeth University,https://www.steu.edu,steu
0743555224626528256,2025-08-13T19:43:00.1398188+00:00,151786,Marian University,https://www.marian.edu,marian
0743555224894963712,2025-08-13T19:43:00.2036484+00:00,225502,University of Houston-Victoria,https://uhv.edu,uhv
0743555225146621952,2025-08-13T19:43:00.2639448+00:00,141361,Young Harris College,https://www.yhc.edu,yhc
0743555225419251712,2025-08-13T19:43:00.3285508+00:00,225414,University of Houston-Clear Lake,https://www.uhcl.edu,uhcl
0743555225666715648,2025-08-13T19:43:00.3877314+00:00,170037,Cornerstone University,https://www.cornerstone.edu,cornerstone
0743555225935151104,2025-08-13T19:43:00.4510838+00:00,218821,Spartanburg Methodist College,https://www.smcsc.edu,smcsc
0743555226203586560,2025-08-13T19:43:00.5159848+00:00,178341,Missouri Southern State University,https://www.mssu.edu,mssu
0743555226463633408,2025-08-13T19:43:00.5774502+00:00,155937,Sterling College,https://www.sterling.edu,sterling
0743555226723680256,2025-08-13T19:43:00.6396599+00:00,139764,Georgia Southwestern State University,https://gsw.edu,gsw
0743555226983727104,2025-08-13T19:43:00.7017196+00:00,152673,Wabash College,https://www.wabash.edu,wabash
0743555227243773952,2025-08-13T19:43:00.7635911+00:00,151379,Indiana University-Southeast,https://ius.edu,ius
0743555227508015104,2025-08-13T19:43:00.8260641+00:00,153375,Grand View University,https://www.grandview.edu,grandview
0743555227772256256,2025-08-13T19:43:00.8895457+00:00,203128,Hiram College,https://www.hiram.edu,hiram
0743555228032303104,2025-08-13T19:43:00.9519356+00:00,225575,Huston-Tillotson University,https://www.htu.edu,htu
0743555228288155648,2025-08-13T19:43:01.0123861+00:00,139968,Gordon State College,https://www.gordonstate.edu,gordonstate
0743555228552396800,2025-08-13T19:43:01.0759579+00:00,206507,Wilmington College,https://www.wilmington.edu,wilmington
0743555228808249344,2025-08-13T19:43:01.1360494+00:00,190503,Culinary Institute of America,https://www.ciachef.edu,ciachef
0743555229064101888,2025-08-13T19:43:01.1977485+00:00,224004,Concordia University Texas,https://www.concordia.edu,concordia
0743555229328343040,2025-08-13T19:43:01.2608265+00:00,156356,Brescia University,https://www.brescia.edu,brescia
0743555229588389888,2025-08-13T19:43:01.3227278+00:00,214166,Mount Aloysius College,https://www.mtaloy.edu,mtaloy
0743555229844242432,2025-08-13T19:43:01.3839024+00:00,138600,Agnes Scott College,https://www.agnesscott.edu,agnesscott
0743555230108483584,2025-08-13T19:43:01.4461562+00:00,153825,Loras College,https://www.loras.edu,loras
0743555230368530432,2025-08-13T19:43:01.5086807+00:00,149781,Wheaton College,https://www.wheaton.edu,wheaton
0743555230624382976,2025-08-13T19:43:01.5692335+00:00,151360,Indiana University-Northwest,https://www.iun.edu,iun
0743555230884429824,2025-08-13T19:43:01.6317970+00:00,216357,Thiel College,https://www.thiel.edu,thiel
0743555231148670976,2025-08-13T19:43:01.6949982+00:00,195243,St. Thomas Aquinas College,https://www.stac.edu,stac
0743555231412912128,2025-08-13T19:43:01.7571029+00:00,117627,La Sierra University,https://lasierra.edu,lasierra
0743555231672958976,2025-08-13T19:43:01.8191875+00:00,178369,Missouri Valley College,https://www.moval.edu,moval
0743555231933005824,2025-08-13T19:43:01.8813526+00:00,237367,Fairmont State University,https://www.fairmontstate.edu,fairmontstate
0743555232197246976,2025-08-13T19:43:01.9446554+00:00,169983,Kettering University,https://www.kettering.edu,kettering
0743555232448905216,2025-08-13T19:43:02.0049892+00:00,102270,Stillman College,https://stillman.edu,stillman
0743555232708952064,2025-08-13T19:43:02.0660680+00:00,157818,Transylvania University,https://www.transy.edu,transy
0743555232968998912,2025-08-13T19:43:02.1289439+00:00,262129,New College of Florida,https://www.ncf.edu,ncf
0743555233229045760,2025-08-13T19:43:02.1900052+00:00,228981,Texas Lutheran University,https://www.tlu.edu,tlu
0743555233510064128,2025-08-13T19:43:02.2572249+00:00,214670,Pennsylvania State University-Penn State Lehigh Valley,https://lehighvalley.psu.edu,psu-center-valley
0743555233749139456,2025-08-13T19:43:02.3145081+00:00,199698,St. Andrews University,https://www.sa.edu,sa
0743555234013380608,2025-08-13T19:43:02.3770449+00:00,155061,Fort Hays State University,https://www.fhsu.edu,fhsu
0743555234273427456,2025-08-13T19:43:02.4399250+00:00,243142,University of Puerto Rico-Carolina,https://www.uprc.edu,uprc
0743555234533474304,2025-08-13T19:43:02.5019599+00:00,180416,Montana Technological University,https://www.mtech.edu,mtech
0743555234793521152,2025-08-13T19:43:02.5636554+00:00,203085,Heidelberg University,https://www.heidelberg.edu,heidelberg
0743555235057762304,2025-08-13T19:43:02.6262417+00:00,174075,University of Minnesota-Crookston,https://crk.umn.edu,umn-crookston
0743555235313614848,2025-08-13T19:43:02.6875824+00:00,130624,United States Coast Guard Academy,https://www.uscga.edu,uscga
0743555235582050304,2025-08-13T19:43:02.7511662+00:00,155025,Emporia State University,https://www.emporia.edu,emporia
0743555235842097152,2025-08-13T19:43:02.8135361+00:00,182634,Colby-Sawyer College,https://www.colby-sawyer.edu,colby-sawyer
0743555236106338304,2025-08-13T19:43:02.8763261+00:00,148131,Quincy University,https://www.quincy.edu,quincy
0743555236366385152,2025-08-13T19:43:02.9386026+00:00,192192,Keuka College,https://www.keuka.edu,keuka
0743555236622237696,2025-08-13T19:43:02.9998597+00:00,198808,Lees-McRae College,https://www.lmc.edu,lmc
0743555236882284544,2025-08-13T19:43:03.0615018+00:00,145336,Governors State University,https://www.govst.edu,govst
0743555237150720000,2025-08-13T19:43:03.1252739+00:00,113698,Dominican University of California,https://www.dominican.edu,dominican
0743555237398183936,2025-08-13T19:43:03.1847384+00:00,199069,University of Mount Olive,https://umo.edu,umo
0743555237666619392,2025-08-13T19:43:03.2481229+00:00,242617,Inter American University of Puerto Rico-San German,https://www.sg.inter.edu,inter-san-german
0743555237918277632,2025-08-13T19:43:03.3080193+00:00,195128,Russell Sage College,https://sage.edu,sage
0743555238186713088,2025-08-13T19:43:03.3726959+00:00,237330,Concord University,https://www.concord.edu,concord
0743555238446759936,2025-08-13T19:43:03.4342356+00:00,198950,Meredith College,https://www.meredith.edu,meredith
0743555238715195392,2025-08-13T19:43:03.4982590+00:00,237792,Shepherd University,https://www.shepherd.edu,shepherd
0743555238979436544,2025-08-13T19:43:03.5611429+00:00,214698,Pennsylvania State University-Penn State Beaver,https://beaver.psu.edu,psu-monaca
0743555239231094784,2025-08-13T19:43:03.6211308+00:00,150604,Franklin College,https://www.franklincollege.edu,franklincollege
0743555239495335936,2025-08-13T19:43:03.6842883+00:00,101189,Faulkner University,https://www.faulkner.edu,faulkner
0743555239755382784,2025-08-13T19:43:03.7467630+00:00,242626,Inter American University of Puerto Rico-Aguadilla,https://aguadilla.inter.edu,inter-aguadilla
0743555240023818240,2025-08-13T19:43:03.8101277+00:00,163578,Notre Dame of Maryland University,https://www.ndm.edu,ndm
0743555240292253696,2025-08-13T19:43:03.8743803+00:00,436818,University of Connecticut-Waterbury Campus,https://waterbury.uconn.edu,uconn-waterbury
0743555240548106240,2025-08-13T19:43:03.9354140+00:00,234173,Virginia Wesleyan University,https://www.vwu.edu,vwu
0743555240803958784,2025-08-13T19:43:03.9969355+00:00,174747,College of Saint Benedict,https://csbsju.edu,csbsju
0743555241072394240,2025-08-13T19:43:04.0600692+00:00,221892,Trevecca Nazarene University,https://www.trevecca.edu,trevecca
0743555241332441088,2025-08-13T19:43:04.1221411+00:00,174899,The College of Saint Scholastica,https://www.css.edu,css
0743555241596682240,2025-08-13T19:43:04.1852998+00:00,210331,Corban University,https://www.corban.edu,corban
0743555241856729088,2025-08-13T19:43:04.2479901+00:00,242635,Inter American University of Puerto Rico-Arecibo,https://www.arecibo.inter.edu,inter-arecibo
0743555242116775936,2025-08-13T19:43:04.3090061+00:00,237932,West Liberty University,https://www.westliberty.edu,westliberty
0743555242372628480,2025-08-13T19:43:04.3701805+00:00,187648,Eastern New Mexico University-Main Campus,https://www.enmu.edu,enmu
0743555242632675328,2025-08-13T19:43:04.4323982+00:00,207263,Northeastern State University,https://www.nsuok.edu,nsuok
0743555242892722176,2025-08-13T19:43:04.4948240+00:00,155089,Friends University,https://www.friends.edu,friends
0743555243156963328,2025-08-13T19:43:04.5573995+00:00,101693,University of Mobile,https://www.umobile.edu,umobile
0743555243417010176,2025-08-13T19:43:04.6198384+00:00,130314,University of Saint Joseph,https://www.usj.edu,usj
0743555243677057024,2025-08-13T19:43:04.6816324+00:00,190761,Dominican University New York,https://www.duny.edu,duny
0743555243937103872,2025-08-13T19:43:04.7439632+00:00,183211,Rivier University,https://www.rivier.edu,rivier
0743555244197150720,2025-08-13T19:43:04.8054062+00:00,233301,Randolph College,https://www.randolphcollege.edu,randolphcollege
0743555244457197568,2025-08-13T19:43:04.8677273+00:00,180984,Concordia University-Nebraska,https://www.cune.edu,cune
0743555244721438720,2025-08-13T19:43:04.9303250+00:00,197708,Yeshiva University,https://www.yu.edu,yu
0743555244989874176,2025-08-13T19:43:04.9945186+00:00,207324,Oklahoma Christian University,https://www.oc.edu,oc
0743555245249921024,2025-08-13T19:43:05.0562151+00:00,217998,Erskine College,https://www.erskine.edu,erskine
0743555245509967872,2025-08-13T19:43:05.1185832+00:00,153278,University of Dubuque,https://www.dbq.edu,dbq
0743555245770014720,2025-08-13T19:43:05.1804524+00:00,174792,Saint Johns University,https://csbsju.edu,csbsju-collegeville
0743555246030061568,2025-08-13T19:43:05.2429789+00:00,238078,Wheeling University,https://www.wheeling.edu,wheeling
0743555246298497024,2025-08-13T19:43:05.3064795+00:00,212656,Geneva College,https://www.geneva.edu,geneva
0743555246554349568,2025-08-13T19:43:05.3673748+00:00,219046,Black Hills State University,https://www.bhsu.edu,bhsu
0743555246822785024,2025-08-13T19:43:05.4313543+00:00,213303,Keystone College,https://www.keystone.edu,keystone
0743555247078637568,2025-08-13T19:43:05.4920176+00:00,147341,Monmouth College,https://www.monmouthcollege.edu,monmouthcollege
0743555247334490112,2025-08-13T19:43:05.5531072+00:00,151388,Indiana University-East,https://www.iue.edu,iue
0743555247594536960,2025-08-13T19:43:05.6158579+00:00,128106,Colorado State University Pueblo,https://www.csupueblo.edu,csupueblo
0743555247854583808,2025-08-13T19:43:05.6778741+00:00,154013,Mount Mercy University,https://www.mtmercy.edu,mtmercy
0743555248114630656,2025-08-13T19:43:05.7394572+00:00,169442,College for Creative Studies,https://www.collegeforcreativestudies.edu,collegeforcreativestudies
0743555248370483200,2025-08-13T19:43:05.8001317+00:00,235167,The Evergreen State College,https://www.evergreen.edu,evergreen
0743555248638918656,2025-08-13T19:43:05.8643450+00:00,441900,Nevada State University,https://nsc.edu,nsc
0743555248903159808,2025-08-13T19:43:05.9275766+00:00,175078,Southwest Minnesota State University,https://www.smsu.edu,smsu
0743555249163206656,2025-08-13T19:43:05.9894903+00:00,154350,Simpson College,https://simpson.edu,simpson
0743555249419059200,2025-08-13T19:43:06.0504465+00:00,197230,Wells College,https://www.wells.edu,wells
0743555249679106048,2025-08-13T19:43:06.1121220+00:00,172264,Siena Heights University,https://www.sienaheights.edu,sienaheights
0743555249943347200,2025-08-13T19:43:06.1753025+00:00,197027,United States Merchant Marine Academy,https://www.usmma.edu,usmma
0743555250199199744,2025-08-13T19:43:06.2365411+00:00,198899,Mars Hill University,https://www.mhu.edu,mhu
0743555250463440896,2025-08-13T19:43:06.2995689+00:00,153001,Buena Vista University,https://www.bvu.edu,bvu
0743555250719293440,2025-08-13T19:43:06.3608964+00:00,237312,University of Charleston,https://www.ucwv.edu,ucwv
0743555250996117504,2025-08-13T19:43:06.4260595+00:00,211583,Chestnut Hill College,https://www.chc.edu,chc
0743555251247775744,2025-08-13T19:43:06.4860570+00:00,175005,St Catherine University,https://www.stkate.edu,stkate
0743555251503628288,2025-08-13T19:43:06.5478695+00:00,214148,Moore College of Art and Design,https://www.moore.edu,moore
0743555251763675136,2025-08-13T19:43:06.6091684+00:00,180106,Carroll College,https://www.carroll.edu,carroll
0743555252015333376,2025-08-13T19:43:06.6691378+00:00,179955,William Jewell College,https://www.jewell.edu,jewell
0743555252283768832,2025-08-13T19:43:06.7331610+00:00,155973,Tabor College,https://tabor.edu,tabor
0743555252543815680,2025-08-13T19:43:06.7955733+00:00,484473,University of Florida-Online,https://www.ufonline.ufl.edu,ufl-gainesville
0743555252803862528,2025-08-13T19:43:06.8573900+00:00,207306,Northwestern Oklahoma State University,https://www.nwosu.edu,nwosu
0743555253059715072,2025-08-13T19:43:06.9184549+00:00,181330,Midland University,https://www.midlandu.edu,midlandu
0743555253328150528,2025-08-13T19:43:06.9820736+00:00,128498,Albertus Magnus College,https://www.albertus.edu,albertus
0743555253588197376,2025-08-13T19:43:07.0441051+00:00,219347,South Dakota School of Mines and Technology,https://www.sdsmt.edu,sdsmt
0743555253848244224,2025-08-13T19:43:07.1064203+00:00,179964,William Woods University,https://www.williamwoods.edu,williamwoods
0743555254112485376,2025-08-13T19:43:07.1697397+00:00,200217,University of Mary,https://www.umary.edu,umary
0743555254376726528,2025-08-13T19:43:07.2322579+00:00,230047,Brigham Young University-Hawaii,https://www.byuh.edu,byuh
0743555254636773376,2025-08-13T19:43:07.2943122+00:00,426314,Embry-Riddle Aeronautical University-Worldwide,https://worldwide.erau.edu,erau-daytona-beach
0743555254888431616,2025-08-13T19:43:07.3542396+00:00,180692,The University of Montana-Western,https://umwestern.edu,umwestern
0743555255152672768,2025-08-13T19:43:07.4178103+00:00,196592,Touro University,https://www.touro.edu,touro
0743555255416913920,2025-08-13T19:43:07.4802600+00:00,190372,The Cooper Union for the Advancement of Science and Art,https://www.cooper.edu,cooper
0743555255676960768,2025-08-13T19:43:07.5424867+00:00,107141,John Brown University,https://www.jbu.edu,jbu
0743555255932813312,2025-08-13T19:43:07.6038913+00:00,155812,University of Saint Mary,https://www.stmary.edu,stmary
0743555256201248768,2025-08-13T19:43:07.6671015+00:00,229018,The University of Texas Permian Basin,https://www.utpb.edu,utpb
0743555256465489920,2025-08-13T19:43:07.7303560+00:00,240338,Wisconsin Lutheran College,https://www.wlc.edu,wlc
0743555256725536768,2025-08-13T19:43:07.7928005+00:00,243115,University of Puerto Rico-Arecibo,https://www.upra.edu,upra
0743555256981389312,2025-08-13T19:43:07.8538800+00:00,180595,Rocky Mountain College,https://www.rocky.edu,rocky
0743555257245630464,2025-08-13T19:43:07.9169185+00:00,237969,West Virginia Wesleyan College,https://www.wvwc.edu,wvwc
0743555257509871616,2025-08-13T19:43:07.9790164+00:00,190983,Elmira College,https://www.elmira.edu,elmira
0743555257769918464,2025-08-13T19:43:08.0413451+00:00,177339,Evangel University,https://www.evangel.edu,evangel
0743555258029965312,2025-08-13T19:43:08.1031352+00:00,155511,McPherson College,https://www.mcpherson.edu,mcpherson
0743555258294206464,2025-08-13T19:43:08.1663068+00:00,126182,Adams State University,https://www.adams.edu,adams
0743555258554253312,2025-08-13T19:43:08.2283462+00:00,155335,Newman University,https://www.newmanu.edu,newmanu
0743555258826883072,2025-08-13T19:43:08.2931444+00:00,101912,Oakwood University,https://www2.oakwood.edu,oakwood
0743555259099512832,2025-08-13T19:43:08.3580843+00:00,125897,Woodbury University,https://woodbury.edu,woodbury
0743555259351171072,2025-08-13T19:43:08.4189031+00:00,228468,Southwestern Adventist University,https://www.swau.edu,swau
0743555259623800832,2025-08-13T19:43:08.4836663+00:00,199272,William Peace University,https://www.peace.edu,peace
0743555259871264768,2025-08-13T19:43:08.5422311+00:00,232089,Ferrum College,https://www.ferrum.edu,ferrum
0743555260135505920,2025-08-13T19:43:08.6054558+00:00,167288,Massachusetts College of Liberal Arts,https://www.mcla.edu,mcla
0743555260408135680,2025-08-13T19:43:08.6701321+00:00,243212,University of Puerto Rico at Ponce,https://www.uprp.edu,uprp
0743555260659793920,2025-08-13T19:43:08.7302187+00:00,207458,Oklahoma City University,https://www.okcu.edu,okcu
0743555260915646464,2025-08-13T19:43:08.7915895+00:00,199032,Montreat College,https://www.montreat.edu,montreat
0743555261171499008,2025-08-13T19:43:08.8528408+00:00,157076,Kentucky Wesleyan College,https://kwc.edu,kwc
0743555261435740160,2025-08-13T19:43:08.9155056+00:00,161518,Saint Joseph's College of Maine,https://www.sjcme.edu,sjcme
0743555261704175616,2025-08-13T19:43:08.9790533+00:00,153250,Dordt University,https://www.dordt.edu,dordt
0743555261968416768,2025-08-13T19:43:09.0425490+00:00,152336,University of Saint Francis-Fort Wayne,https://www.sf.edu,sf
0743555262228463616,2025-08-13T19:43:09.1042502+00:00,224527,East Texas Baptist University,https://www.etbu.edu,etbu
0743555262492704768,2025-08-13T19:43:09.1678416+00:00,141486,Chaminade University of Honolulu,https://www.chaminade.edu,chaminade
0743555262756945920,2025-08-13T19:43:09.2301978+00:00,106342,Lyon College,https://www.lyon.edu,lyon
0743555263021187072,2025-08-13T19:43:09.2933439+00:00,154493,Upper Iowa University,https://www.uiu.edu,uiu
0743555263272845312,2025-08-13T19:43:09.3539922+00:00,140234,LaGrange College,https://www.lagrange.edu,lagrange
0743555263532892160,2025-08-13T19:43:09.4159297+00:00,161226,University of Maine at Farmington,https://www.umf.maine.edu,maine-farmington
0743555263792939008,2025-08-13T19:43:09.4771149+00:00,165936,Gordon College,https://www.gordon.edu,gordon
0743555264057180160,2025-08-13T19:43:09.5402266+00:00,191621,Hilbert College,https://www.hilbert.edu,hilbert
0743555264308838400,2025-08-13T19:43:09.6005571+00:00,174491,University of Northwestern-St Paul,https://www.unwsp.edu,unwsp
0743555264573079552,2025-08-13T19:43:09.6631070+00:00,155414,Kansas Wesleyan University,https://www.kwu.edu,kwu
0743555264833126400,2025-08-13T19:43:09.7251151+00:00,198598,Greensboro College,https://www.greensboro.edu,greensboro
0743555265088978944,2025-08-13T19:43:09.7863217+00:00,171599,The University of Olivet,https://www.uolivet.edu,uolivet
0743555265353220096,2025-08-13T19:43:09.8495480+00:00,150455,Earlham College,https://earlham.edu,earlham
0743555265621655552,2025-08-13T19:43:09.9130299+00:00,138275,Warner University,https://www.warner.edu/academics/undergraduate_programs/admissions/criteria-for-admission,warner
0743555265890091008,2025-08-13T19:43:09.9771555+00:00,203775,Malone University,https://www.malone.edu,malone
0743555266141749248,2025-08-13T19:43:10.0378355+00:00,240107,Viterbo University,https://www.viterbo.edu,viterbo
0743555266422767616,2025-08-13T19:43:10.1042448+00:00,183974,Centenary University,https://www.centenaryuniversity.edu,centenaryuniversity
0743555266674425856,2025-08-13T19:43:10.1645973+00:00,219259,Northern State University,https://www.northern.edu,northern
0743555266926084096,2025-08-13T19:43:10.2249246+00:00,171492,Northwood University,https://www.northwood.edu,northwood
0743555267190325248,2025-08-13T19:43:10.2872318+00:00,229780,Wayland Baptist University,https://www.wbu.edu,wbu
0743555267450372096,2025-08-13T19:43:10.3491348+00:00,199306,Pfeiffer University,https://www.pfeiffer.edu,pfeiffer
0743555267710418944,2025-08-13T19:43:10.4110665+00:00,141325,Wesleyan College,https://www.wesleyancollege.edu,wesleyancollege
0743555267957882880,2025-08-13T19:43:10.4703741+00:00,221953,Tusculum University,https://www.tusculum.edu,tusculum
0743555268222124032,2025-08-13T19:43:10.5333307+00:00,109651,Art Center College of Design,https://www.artcenter.edu,artcenter
0743555268473782272,2025-08-13T19:43:10.5938914+00:00,243638,College of Micronesia-FSM,https://www.comfsm.fm,comfsm
0743555268733829120,2025-08-13T19:43:10.6555424+00:00,238661,Edgewood College,https://www.edgewood.edu,edgewood
0743555268989681664,2025-08-13T19:43:10.7164958+00:00,145372,Greenville University,https://www.greenville.edu,greenville
0743555269249728512,2025-08-13T19:43:10.7785293+00:00,174862,Crown College,https://www.crown.edu,crown
0743555269509775360,2025-08-13T19:43:10.8404907+00:00,105899,Arizona Christian University,https://arizonachristian.edu,arizonachristian
0743555269769822208,2025-08-13T19:43:10.9025772+00:00,154590,William Penn University,https://www.wmpenn.edu,wmpenn
0743555270029869056,2025-08-13T19:43:10.9645333+00:00,445692,Neumont College of Computer Science,https://www.neumont.edu,neumont
0743555270289915904,2025-08-13T19:43:11.0264912+00:00,177144,Culver-Stockton College,https://www.culver.edu,culver
0743555270549962752,2025-08-13T19:43:11.0886328+00:00,225548,Howard Payne University,https://www.hputx.edu,hputx
0743555270810009600,2025-08-13T19:43:11.1508962+00:00,239390,Mount Mary University,https://www.mtmary.edu,mtmary
0743555271078445056,2025-08-13T19:43:11.2140286+00:00,168740,Andrews University,https://www.andrews.edu,andrews
0743555271338491904,2025-08-13T19:43:11.2760226+00:00,239080,Marian University,https://www.marianuniversity.edu,marianuniversity
0743555271598538752,2025-08-13T19:43:11.3381108+00:00,120865,Pacific Union College,https://www.puc.edu,puc
0743555271858585600,2025-08-13T19:43:11.4008973+00:00,243179,University of Puerto Rico-Humacao,https://www.upr.edu/humacao,upr
0743555272122826752,2025-08-13T19:43:11.4635560+00:00,187967,New Mexico Institute of Mining and Technology,https://www.nmt.edu,nmt
0743555272391262208,2025-08-13T19:43:11.5275315+00:00,243151,University of Puerto Rico at Cayey,https://www.cayey.upr.edu,upr-cayey
0743555272642920448,2025-08-13T19:43:11.5872890+00:00,196291,SUNY Maritime College,https://www.sunymaritime.edu,sunymaritime
0743555272902967296,2025-08-13T19:43:11.6491198+00:00,207041,East Central University,https://www.ecok.edu,ecok
0743555273171402752,2025-08-13T19:43:11.7133855+00:00,456959,University of Minnesota-Rochester,https://r.umn.edu,umn-rochester
0743555273427255296,2025-08-13T19:43:11.7745019+00:00,162210,Washington Adventist University,https://www.wau.edu,wau
0743555273699885056,2025-08-13T19:43:11.8396900+00:00,129774,Mitchell College,https://www.mitchell.edu,mitchell
0743555274006069248,2025-08-13T19:43:11.9128680+00:00,238980,Lakeland University,https://www.lakeland.edu,lakeland
0743555274316447744,2025-08-13T19:43:11.9869237+00:00,242662,Inter American University of Puerto Rico-Ponce,https://www.ponce.inter.edu,inter-mercedita
0743555274530357248,2025-08-13T19:43:12.0372525+00:00,176947,Central Methodist University-College of Liberal Arts and Sciences,https://www.centralmethodist.edu,centralmethodist
0743555274731683840,2025-08-13T19:43:12.0859219+00:00,446640,Harrisburg University of Science and Technology,https://www.harrisburgu.edu,harrisburgu
0743555275100782592,2025-08-13T19:43:12.1731687+00:00,464226,Ottawa University-Surprise,https://www.ottawa.edu/ouaz/home,ottawa-surprise
0743555275302109184,2025-08-13T19:43:12.2214898+00:00,199607,Salem College,https://www.salem.edu,salem
0743555275583127552,2025-08-13T19:43:12.2880562+00:00,161299,Maine Maritime Academy,https://mainemaritime.edu,mainemaritime
0743555275776065536,2025-08-13T19:43:12.3345825+00:00,232043,Eastern Mennonite University,https://emu.edu,emu
0743555276099026944,2025-08-13T19:43:12.4115521+00:00,167394,College of Our Lady of the Elms,https://www.elms.edu,elms
0743555276350685184,2025-08-13T19:43:12.4713652+00:00,233718,Sweet Briar College,https://www.sbc.edu,sbc
0743555276610732032,2025-08-13T19:43:12.5339807+00:00,158477,Centenary College of Louisiana,https://www.centenary.edu,centenary
0743555276816252928,2025-08-13T19:43:12.5825226+00:00,239512,Northland College,https://www.northland.edu,northland
0743555277118242816,2025-08-13T19:43:12.6544372+00:00,234085,Virginia Military Institute,https://www.vmi.edu,vmi
0743555277382483968,2025-08-13T19:43:12.7173242+00:00,192271,LIM College,https://www.limcollege.edu,limcollege
0743555277646725120,2025-08-13T19:43:12.7802010+00:00,227863,University of St Thomas,https://www.stthom.edu,stthom
0743555277894189056,2025-08-13T19:43:12.8392233+00:00,157863,Union College,https://www.unionky.edu,unionky
0743555278108098560,2025-08-13T19:43:12.8903869+00:00,201371,Bluffton University,https://www.bluffton.edu,bluffton
0743555278426865664,2025-08-13T19:43:12.9660581+00:00,155520,MidAmerica Nazarene University,https://www.mnu.edu,mnu
0743555278678523904,2025-08-13T19:43:13.0260460+00:00,219091,Dakota Wesleyan University,https://www.dwu.edu,dwu
0743555278942765056,2025-08-13T19:43:13.0893269+00:00,233611,Southern Virginia University,https://svu.edu,svu
0743555279173451776,2025-08-13T19:43:13.1443040+00:00,199184,University of North Carolina School of the Arts,https://www.uncsa.edu,uncsa
0743555279454470144,2025-08-13T19:43:13.2118814+00:00,154101,Northwestern College,https://www.nwciowa.edu,nwciowa
0743555279735488512,2025-08-13T19:43:13.2789076+00:00,150941,Huntington University,https://www.huntington.edu,huntington
0743555279982952448,2025-08-13T19:43:13.3377474+00:00,194499,Plaza College,https://www.plazacollege.edu,plazacollege
0743555280255582208,2025-08-13T19:43:13.4025731+00:00,156213,Asbury University,https://www.asbury.edu,asbury
0743555280507240448,2025-08-13T19:43:13.4629805+00:00,140872,Reinhardt University,https://www.reinhardt.edu,reinhardt
0743555280775675904,2025-08-13T19:43:13.5263483+00:00,215105,University of the Arts,https://www.uarts.edu,uarts
0743555281039917056,2025-08-13T19:43:13.5899251+00:00,174817,Saint Mary's University of Minnesota,https://www.smumn.edu,smumn
0743555281262215168,2025-08-13T19:43:13.6426605+00:00,207722,University of Science and Arts of Oklahoma,https://usao.edu,usao
0743555281580982272,2025-08-13T19:43:13.7181655+00:00,203757,Lourdes University,https://www.lourdes.edu,lourdes
0743555281832640512,2025-08-13T19:43:13.7781613+00:00,204194,Mount Vernon Nazarene University,https://www.mvnu.edu,mvnu
0743555282092687360,2025-08-13T19:43:13.8405923+00:00,226383,Lubbock Christian University,https://www.lcu.edu,lcu
0743555282302402560,2025-08-13T19:43:13.8908019+00:00,220215,Freed-Hardeman University,https://www.fhu.edu,fhu
0743555282633752576,2025-08-13T19:43:13.9690272+00:00,154518,Waldorf University,https://www.waldorf.edu,waldorf
0743555282902188032,2025-08-13T19:43:14.0333452+00:00,146339,Judson University,https://www.judsonu.edu,judsonu
0743555283132874752,2025-08-13T19:43:14.0884028+00:00,203580,Lake Erie College,https://www.lec.edu,lec
0743555283342589952,2025-08-13T19:43:14.1387616+00:00,197993,Bennett College,https://www.bennett.edu,bennett
0743555283652968448,2025-08-13T19:43:14.2121028+00:00,211431,Carlow University,https://www.carlow.edu,carlow
0743555283921403904,2025-08-13T19:43:14.2768596+00:00,157377,Midway University,https://www.midway.edu,midway
0743555284173062144,2025-08-13T19:43:14.3368519+00:00,239309,Milwaukee Institute of Art & Design,https://www.miad.edu,miad
0743555284378583040,2025-08-13T19:43:14.3850542+00:00,212832,Gwynedd Mercy University,https://www.gmercyu.edu,gmercyu
0743555284743487488,2025-08-13T19:43:14.4724217+00:00,436827,University of Connecticut-Avery Point,https://averypoint.uconn.edu,uconn-groton
0743555284957396992,2025-08-13T19:43:14.5239708+00:00,155900,Southwestern College,https://www.sckans.edu,sckans
0743555285204860928,2025-08-13T19:43:14.5828675+00:00,178244,Missouri Baptist University,https://www.mobap.edu,mobap
0743555285410381824,2025-08-13T19:43:14.6312736+00:00,150668,Goshen College,https://www.goshen.edu,goshen
0743555285724954624,2025-08-13T19:43:14.7062254+00:00,194958,Roberts Wesleyan University,https://www.roberts.edu,roberts
0743555285985001472,2025-08-13T19:43:14.7681376+00:00,177746,Kansas City Art Institute,https://www.kcai.edu,kcai
0743555286236659712,2025-08-13T19:43:14.8285586+00:00,141185,Toccoa Falls College,https://tfc.edu,tfc
0743555286471540736,2025-08-13T19:43:14.8844797+00:00,166692,Massachusetts Maritime Academy,https://www.maritime.edu,maritime
0743555286773530624,2025-08-13T19:43:14.9567906+00:00,231554,Bluefield University,https://www.bluefield.edu,bluefield
0743555287037771776,2025-08-13T19:43:15.0193563+00:00,192712,Manhattan School of Music,https://www.msmnyc.edu,msmnyc
0743555287281041408,2025-08-13T19:43:15.0770406+00:00,152381,Saint Mary-of-the-Woods College,https://www.smwc.edu,smwc
0743555287515922432,2025-08-13T19:43:15.1332739+00:00,237358,Davis & Elkins College,https://www.dewv.edu,dewv
0743555287813718016,2025-08-13T19:43:15.2043216+00:00,159416,Louisiana State University-Shreveport,https://www.lsus.edu,lsus
0743555288073764864,2025-08-13T19:43:15.2661364+00:00,191676,Houghton University,https://www.houghton.edu,houghton
0743555288358977536,2025-08-13T19:43:15.3347221+00:00,200156,University of Jamestown,https://www.uj.edu,uj
0743555288593858560,2025-08-13T19:43:15.3907023+00:00,215691,Rosemont College,https://www.rosemont.edu,rosemont
0743555288866488320,2025-08-13T19:43:15.4553725+00:00,217907,Coker University,https://coker.edu,coker
0743555289122340864,2025-08-13T19:43:15.5164151+00:00,107877,Williams Baptist University,https://williamsbaptistuniversity.com,williamsbaptistuniversity
0743555289394970624,2025-08-13T19:43:15.5811489+00:00,208646,Eastern Oregon University,https://www.eou.edu,eou
0743555289642434560,2025-08-13T19:43:15.6409886+00:00,221731,Tennessee Wesleyan University,https://www.tnwesleyan.edu,tnwesleyan
0743555289873121280,2025-08-13T19:43:15.6956654+00:00,181738,Union Adventist University,https://www.ucollege.edu,ucollege
0743555290233831424,2025-08-13T19:43:15.7810959+00:00,454184,The King's College,https://www.tkc.edu,tkc
0743555290481295360,2025-08-13T19:43:15.8408811+00:00,194392,Paul Smiths College of Arts and Science,https://www.paulsmiths.edu,paulsmiths
0743555290753925120,2025-08-13T19:43:15.9054221+00:00,211468,Cedar Crest College,https://www.cedarcrest.edu,cedarcrest
0743555290917502976,2025-08-13T19:43:15.9444574+00:00,231165,Vermont State University,https://vermontstate.edu,vermontstate
0743555291232075776,2025-08-13T19:43:16.0197504+00:00,144971,Eureka College,https://www.eureka.edu,eureka
0743555291492122624,2025-08-13T19:43:16.0815265+00:00,150774,Holy Cross College,https://www.hcc-nd.edu,hcc-nd
0743555291739586560,2025-08-13T19:43:16.1408275+00:00,160065,University of Holy Cross,https://uhcno.edu,uhcno
0743555292024799232,2025-08-13T19:43:16.2087951+00:00,214810,Pennsylvania State University-Penn State Schuylkill,https://schuylkill.psu.edu,psu-schuylkill-haven
0743555292276457472,2025-08-13T19:43:16.2684534+00:00,170967,Rochester University,https://rochesteru.edu,rochesteru
0743555292582641664,2025-08-13T19:43:16.3410444+00:00,141981,University of Hawaii-West Oahu,https://westoahu.hawaii.edu,hawaii-kapolei
0743555292783968256,2025-08-13T19:43:16.3895837+00:00,160630,Southern University at New Orleans,https://www.suno.edu,suno
0743555292993683456,2025-08-13T19:43:16.4392637+00:00,363934,University of Advancing Technology,https://www.uat.edu,uat
0743555293325033472,2025-08-13T19:43:16.5187960+00:00,163976,St. John's College,https://www.sjc.edu,sjc
0743555293576691712,2025-08-13T19:43:16.5783485+00:00,219198,Mount Marty University,https://www.mountmarty.edu,mountmarty
0743555293840932864,2025-08-13T19:43:16.6414256+00:00,179326,Southwest Baptist University,https://www.sbuniv.edu,sbuniv
0743555294046453760,2025-08-13T19:43:16.6900387+00:00,443410,DigiPen Institute of Technology,https://www.digipen.edu,digipen
0743555294369415168,2025-08-13T19:43:16.7675481+00:00,220516,King University,https://www.king.edu,king
0743555294621073408,2025-08-13T19:43:16.8274427+00:00,199865,Warren Wilson College,https://www.warren-wilson.edu,warren-wilson
0743555294881120256,2025-08-13T19:43:16.8898810+00:00,152099,Oakland City University,https://www.oak.edu,oak
0743555295116001280,2025-08-13T19:43:16.9457445+00:00,175616,Delta State University,https://www.deltastate.edu,deltastate
0743555295355076608,2025-08-13T19:43:17.0027467+00:00,219082,Dakota State University,https://dsu.edu,dsu
0743555295648677888,2025-08-13T19:43:17.0723455+00:00,479956,Pennsylvania State University-World Campus,https://www.worldcampus.psu.edu,psu-university-park
0743555295887753216,2025-08-13T19:43:17.1290720+00:00,214759,Pennsylvania State University-Penn State Fayette- Eberly,https://fayette.psu.edu,psu-lemont-furnace
0743555296139411456,2025-08-13T19:43:17.1894979+00:00,219833,Christian Brothers University,https://www.cbu.edu,cbu
0743555296399458304,2025-08-13T19:43:17.2513198+00:00,235024,Cornish College of the Arts,https://www.cornish.edu,cornish
0743555296663699456,2025-08-13T19:43:17.3146880+00:00,161563,Thomas College,https://www.thomas.edu,thomas
0743555296923746304,2025-08-13T19:43:17.3767041+00:00,233897,University of Virginia's College at Wise,https://www.uvawise.edu,uvawise
0743555297183793152,2025-08-13T19:43:17.4386923+00:00,117751,The Master's University and Seminary,https://www.masters.edu,masters
0743555297456422912,2025-08-13T19:43:17.5037081+00:00,114813,Fresno Pacific University,https://www.fresno.edu,fresno
0743555297716469760,2025-08-13T19:43:17.5654852+00:00,486901,Milligan University,https://www.milligan.edu,milligan
0743555297984905216,2025-08-13T19:43:17.6299562+00:00,237950,West Virginia University Institute of Technology,https://www.wvutech.edu,wvutech
0743555298244952064,2025-08-13T19:43:17.6915328+00:00,243133,University of Puerto Rico-Bayamon,https://www.uprb.edu,uprb
0743555298509193216,2025-08-13T19:43:17.7549004+00:00,111966,Charles R Drew University of Medicine and Science,https://www.cdrewu.edu,cdrewu
0743555298777628672,2025-08-13T19:43:17.8187670+00:00,177418,Fontbonne University,https://www.fontbonne.edu,fontbonne
0743555299037675520,2025-08-13T19:43:17.8808549+00:00,140988,Shorter University,https://www.shorter.edu,shorter
0743555299297722368,2025-08-13T19:43:17.9424666+00:00,138761,Andrew College,https://www.andrewcollege.edu,andrewcollege
0743555299566157824,2025-08-13T19:43:18.0060513+00:00,167057,The New England Conservatory of Music,https://necmusic.edu,necmusic
0743555299830398976,2025-08-13T19:43:18.0697225+00:00,206835,Oklahoma Wesleyan University,https://www.okwu.edu,okwu
0743555300086251520,2025-08-13T19:43:18.1300140+00:00,169327,Cleary University,https://www.cleary.edu,cleary
0743555300342104064,2025-08-13T19:43:18.1913722+00:00,139393,Covenant College,https://www.covenant.edu,covenant
0743555300602150912,2025-08-13T19:43:18.2533093+00:00,496803,NewU University,https://newu.university,newu
0743555300866392064,2025-08-13T19:43:18.3165593+00:00,441982,Franklin W Olin College of Engineering,https://www.olin.edu,olin
0743555301126438912,2025-08-13T19:43:18.3786023+00:00,385619,Everglades University,https://www.evergladesuniversity.edu,evergladesuniversity
0743555301386485760,2025-08-13T19:43:18.4402867+00:00,143288,Blackburn College,https://www.blackburn.edu,blackburn
0743555301654921216,2025-08-13T19:43:18.5043567+00:00,237215,Bluefield State University,https://bluefieldstate.edu,bluefieldstate
0743555301919162368,2025-08-13T19:43:18.5674193+00:00,120537,Hope International University,https://www.hiu.edu,hiu
0743555302179209216,2025-08-13T19:43:18.6299777+00:00,139630,Emmanuel University,https://www.ec.edu,ec
0743555302447644672,2025-08-13T19:43:18.6931761+00:00,207847,Southeastern Oklahoma State University,https://www.se.edu,se
0743555302707691520,2025-08-13T19:43:18.7553047+00:00,154688,Baker University,https://www.bakeru.edu,bakeru
0743555302971932672,2025-08-13T19:43:18.8187281+00:00,202170,Columbus College of Art & Design,https://www.ccad.edu,ccad
0743555303231979520,2025-08-13T19:43:18.8805741+00:00,179265,University of Health Sciences and Pharmacy in St. Louis,https://www.uhsp.edu,uhsp
0743555303504609280,2025-08-13T19:43:18.9452968+00:00,139205,Brewton-Parker College,https://www.bpc.edu,bpc
0743555303756267520,2025-08-13T19:43:19.0050431+00:00,164632,Bay Path University,https://www.baypath.edu,baypath
0743555304016314368,2025-08-13T19:43:19.0671775+00:00,487977,Martinsburg College,https://www.martinsburgcollege.edu,martinsburgcollege
0743555304288944128,2025-08-13T19:43:19.1324666+00:00,157757,Spalding University,https://www.spalding.edu,spalding
0743555304532213760,2025-08-13T19:43:19.1908983+00:00,213774,Manor College,https://www.manor.edu,manor
0743555304792260608,2025-08-13T19:43:19.2525272+00:00,228501,Sul Ross State University,https://www.sulross.edu,sulross
0743555305052307456,2025-08-13T19:43:19.3148020+00:00,242680,Inter American University of Puerto Rico-Fajardo,https://www.fajardo.inter.edu,inter-fajardo
0743555305303965696,2025-08-13T19:43:19.3747657+00:00,217776,Southern Wesleyan University,https://www.swu.edu,swu
0743555305568206848,2025-08-13T19:43:19.4375208+00:00,490133,Westcliff University,https://www.westcliff.edu,westcliff
0743555305828253696,2025-08-13T19:43:19.4994909+00:00,211477,Central Penn College,https://www.centralpenn.edu,centralpenn
0743555306092494848,2025-08-13T19:43:19.5623781+00:00,150145,Bethel University,https://betheluniversity.edu,betheluniversity
0743555306365124608,2025-08-13T19:43:19.6270543+00:00,217013,Wilson College,https://www.wilson.edu,wilson
0743555306612588544,2025-08-13T19:43:19.6867315+00:00,202046,Cleveland Institute of Art,https://www.cia.edu,cia
0743555306876829696,2025-08-13T19:43:19.7492943+00:00,177117,Cottey College,https://www.cottey.edu,cottey
0743555307136876544,2025-08-13T19:43:19.8113606+00:00,200059,Dickinson State University,https://www.dickinsonstate.edu,dickinsonstate
0743555307401117696,2025-08-13T19:43:19.8741060+00:00,214625,Pennsylvania State University-Penn State New Kensington,https://newkensington.psu.edu,psu-new-kensington
0743555307652775936,2025-08-13T19:43:19.9349621+00:00,165644,Eastern Nazarene College,https://www.enc.edu,enc
0743555307921211392,2025-08-13T19:43:19.9983130+00:00,149505,Trinity Christian College,https://www.trnty.edu,trnty
0743555308185452544,2025-08-13T19:43:20.0619052+00:00,242699,Inter American University of Puerto Rico-Guayama,https://www.guayama.inter.edu,inter-guayama
0743555308453888000,2025-08-13T19:43:20.1256344+00:00,214786,Pennsylvania State University-Penn State Greater Allegheny,https://greaterallegheny.psu.edu,psu-mckeesport
0743555308709740544,2025-08-13T19:43:20.1861269+00:00,131876,Trinity Washington University,https://www.trinitydc.edu,trinitydc
0743555308965593088,2025-08-13T19:43:20.2476573+00:00,161341,University of Maine at Presque Isle,https://www.umpi.edu,umpi
0743555309242417152,2025-08-13T19:43:20.3131218+00:00,133872,AdventHealth University,https://www.ahu.edu,ahu
0743555309489881088,2025-08-13T19:43:20.3727648+00:00,243106,University of Puerto Rico-Aguadilla,https://www.uprag.edu,uprag
0743555309754122240,2025-08-13T19:43:20.4359599+00:00,206613,Wright State University-Lake Campus,https://lake.wright.edu,wright-celina
0743555310009974784,2025-08-13T19:43:20.4968432+00:00,214643,Pennsylvania State University-Penn State Wilkes-Barre,https://wilkesbarre.psu.edu,psu-dallas
0743555310278410240,2025-08-13T19:43:20.5602979+00:00,111188,California State University Maritime Academy,https://www.csum.edu,csum
0743555310521679872,2025-08-13T19:43:20.6185739+00:00,179548,Stephens College,https://www.stephens.edu,stephens
0743555310785921024,2025-08-13T19:43:20.6813441+00:00,214795,Pennsylvania State University-Penn State Mont Alto,https://montalto.psu.edu,psu-mont-alto
0743555311037579264,2025-08-13T19:43:20.7412981+00:00,228325,Southwestern Assemblies of God University,https://www.sagu.edu,sagu
0743555311293431808,2025-08-13T19:43:20.8028812+00:00,174127,Minneapolis College of Art and Design,https://mcad.edu,mcad
0743555311561867264,2025-08-13T19:43:20.8668653+00:00,161509,Maine College of Art & Design,https://www.meca.edu,meca
0743555311826108416,2025-08-13T19:43:20.9299092+00:00,206349,Ursuline College,https://www.ursuline.edu,ursuline
0743555312090349568,2025-08-13T19:43:20.9922339+00:00,141237,Truett McConnell University,https://truett.edu,truett
0743555312354590720,2025-08-13T19:43:21.0552407+00:00,157100,Kentucky Christian University,https://www.kcu.edu,kcu
0743555312623026176,2025-08-13T19:43:21.1192137+00:00,173142,Bethany Lutheran College,https://www.blc.edu,blc
0743555312874684416,2025-08-13T19:43:21.1794732+00:00,442356,Pennsylvania College of Health Sciences,https://www.pacollege.edu,pacollege
0743555313134731264,2025-08-13T19:43:21.2418347+00:00,203544,Kettering College,https://kc.edu,kc
0743555313398972416,2025-08-13T19:43:21.3044406+00:00,174020,Metropolitan State University,https://www.metrostate.edu,metrostate
0743555313663213568,2025-08-13T19:43:21.3679899+00:00,130989,Goldey-Beacom College,https://www.gbc.edu,gbc
0743555313931649024,2025-08-13T19:43:21.4316285+00:00,214768,Pennsylvania State University-Penn State Hazleton,https://hazleton.psu.edu,psu-hazleton
0743555314191695872,2025-08-13T19:43:21.4932103+00:00,215053,Pennsylvania College of Art and Design,https://pcad.edu,pcad
0743555314451742720,2025-08-13T19:43:21.5556691+00:00,490054,HCI College,https://www.hci.edu,hci
0743555314703400960,2025-08-13T19:43:21.6153693+00:00,238193,Alverno College,https://www.alverno.edu,alverno
0743555314967642112,2025-08-13T19:43:21.6780038+00:00,242644,Inter American University of Puerto Rico-Barranquitas,https://www.br.inter.edu,inter-barranquitas
0743555315219300352,2025-08-13T19:43:21.7385498+00:00,209409,Bushnell University,https://www.bushnell.edu,bushnell
0743555315479347200,2025-08-13T19:43:21.8001114+00:00,174437,North Central University,https://www.northcentral.edu,northcentral
0743555315739394048,2025-08-13T19:43:21.8623665+00:00,210492,Bryn Athyn College of the New Church,https://www.brynathyn.edu,brynathyn
0743555316003635200,2025-08-13T19:43:21.9259930+00:00,159568,Louisiana Christian University,https://www.lcuniversity.edu,lcuniversity
0743555316267876352,2025-08-13T19:43:21.9887247+00:00,247649,Landmark College,https://www.landmark.edu,landmark
0743555316527923200,2025-08-13T19:43:22.0505428+00:00,214740,Pennsylvania State University-Penn State DuBois,https://dubois.psu.edu,psu-dubois
0743555316792164352,2025-08-13T19:43:22.1134936+00:00,176479,William Carey University,https://www.wmcarey.edu,wmcarey
0743555317052211200,2025-08-13T19:43:22.1759907+00:00,243665,University of the Virgin Islands,https://www.uvi.edu,uvi
0743555317320646656,2025-08-13T19:43:22.2395715+00:00,123952,Southern California Institute of Architecture,https://www.sciarc.edu,sciarc
0743555317572304896,2025-08-13T19:43:22.2998249+00:00,154749,Bethel College-North Newton,https://www.bethelks.edu,bethelks
0743555317832351744,2025-08-13T19:43:22.3618889+00:00,217925,Columbia International University,https://www.ciu.edu,ciu
0743555318104981504,2025-08-13T19:43:22.4268597+00:00,181853,York University,https://www.york.edu,york
0743555318365028352,2025-08-13T19:43:22.4888080+00:00,161235,University of Maine at Fort Kent,https://www.umfk.maine.edu,maine-fort-kent
0743555318625075200,2025-08-13T19:43:22.5508511+00:00,160959,College of the Atlantic,https://www.coa.edu,coa
0743555318880927744,2025-08-13T19:43:22.6117848+00:00,209287,Multnomah University,https://www.multnomah.edu,multnomah
0743555319136780288,2025-08-13T19:43:22.6727882+00:00,220701,The University of Tennessee Southern,https://www.utsouthern.edu,utsouthern
0743555319405215744,2025-08-13T19:43:22.7365338+00:00,197285,The College of Westchester,https://www.cw.edu,cw
0743555319661068288,2025-08-13T19:43:22.7979409+00:00,197142,Villa Maria College,https://www.villa.edu,villa
0743555319921115136,2025-08-13T19:43:22.8598021+00:00,215114,Cairn University-Langhorne,https://www.cairn.edu,cairn
0743555320176967680,2025-08-13T19:43:22.9208805+00:00,489937,Carolina University,https://www.carolinau.edu,carolinau
0743555320445403136,2025-08-13T19:43:22.9843305+00:00,245652,St. John's College,https://www.sjc.edu,sjc-santa-fe
0743555320697061376,2025-08-13T19:43:23.0443719+00:00,176035,Mississippi University for Women,https://www.muw.edu,muw
0743555320961302528,2025-08-13T19:43:23.1074942+00:00,122728,William Jessup University,https://www.jessup.edu,jessup
0743555321212960768,2025-08-13T19:43:23.1678744+00:00,210304,Warner Pacific University,https://www.warnerpacific.edu,warnerpacific
0743555321468813312,2025-08-13T19:43:23.2283514+00:00,175227,Dunwoody College of Technology,https://www.dunwoody.edu,dunwoody
0743555321733054464,2025-08-13T19:43:23.2918517+00:00,102632,University of Alaska Southeast,https://www.uas.alaska.edu,alaska-juneau
0743555321984712704,2025-08-13T19:43:23.3511821+00:00,240392,Herzing University-Madison,https://www.herzing.edu,herzing
0743555322261536768,2025-08-13T19:43:23.4171664+00:00,243586,Pontifical Catholic University of Puerto Rico-Mayaguez,https://mayaguez.pucpr.edu,pucpr-mayaguez
0743555322500612096,2025-08-13T19:43:23.4748455+00:00,200572,Valley City State University,https://www.vcsu.edu,vcsu
0743555322764853248,2025-08-13T19:43:23.5375713+00:00,200253,Minot State University,https://www.minotstateu.edu,minotstateu
0743555323024900096,2025-08-13T19:43:23.5999924+00:00,102669,Alaska Pacific University,https://www.alaskapacific.edu,alaskapacific
0743555323276558336,2025-08-13T19:43:23.6598069+00:00,399911,Soka University of America,https://www.soka.edu,soka
0743555323549188096,2025-08-13T19:43:23.7240373+00:00,384254,Beacon College,https://www.beaconcollege.edu,beaconcollege
0743555323809234944,2025-08-13T19:43:23.7863992+00:00,209603,Pacific Northwest College of Art,https://willamette.edu/pnca/index.html,willamette-portland
0743555324056698880,2025-08-13T19:43:23.8452071+00:00,236133,Northwest University,https://www.northwestu.edu,northwestu
0743555324312551424,2025-08-13T19:43:23.9069499+00:00,122506,San Francisco Conservatory of Music,https://sfcm.edu,sfcm
0743555324576792576,2025-08-13T19:43:23.9690893+00:00,140252,Life University,https://www.life.edu,life
0743555325088497664,2025-08-13T19:43:24.0914073+00:00,201821,The Christ College of Nursing and Health Sciences,https://www.thechristcollege.edu,thechristcollege
0743555325344350208,2025-08-13T19:43:24.1524181+00:00,178679,Ozark Christian College,https://www.occ.edu,occ
0743555325600202752,2025-08-13T19:43:24.2138457+00:00,131450,Gallaudet University,https://www.gallaudet.edu,gallaudet
0743555325864443904,2025-08-13T19:43:24.2768180+00:00,202073,Cleveland Institute of Music,https://www.cim.edu,cim
0743555326124490752,2025-08-13T19:43:24.3388253+00:00,220473,Johnson University,https://johnsonu.edu,johnsonu
0743555326384537600,2025-08-13T19:43:24.4005349+00:00,446385,Los Angeles College of Music,https://www.lacm.edu,lacm
0743555326652973056,2025-08-13T19:43:24.4647713+00:00,149514,Trinity International University-Illinois,https://www.tiu.edu,tiu
0743555326917214208,2025-08-13T19:43:24.5271132+00:00,460376,Fairfax University of America,https://www.fxua.edu,fxua
0743555327173066752,2025-08-13T19:43:24.5889044+00:00,137953,Trinity Baptist College,https://www.tbc.edu,tbc
0743555327433113600,2025-08-13T19:43:24.6506795+00:00,191205,Five Towns College,https://www.ftc.edu,ftc
0743555327701549056,2025-08-13T19:43:24.7145288+00:00,157748,The Southern Baptist Theological Seminary,https://www.sbts.edu,sbts
0743555327965790208,2025-08-13T19:43:24.7777404+00:00,183071,University of New Hampshire at Manchester,https://manchester.unh.edu,unh-manchester
0743555328217448448,2025-08-13T19:43:24.8373400+00:00,462354,John Paul the Great Catholic University,https://jpcatholic.edu,jpcatholic
0743555328485883904,2025-08-13T19:43:24.9017040+00:00,141167,Thomas University,https://www.thomasu.edu,thomasu
0743555328758513664,2025-08-13T19:43:24.9660028+00:00,482431,DeVry University-California,https://www.devry.edu,devry-ontario
0743555329010171904,2025-08-13T19:43:25.0262926+00:00,428170,Southeastern College-West Palm Beach,https://www.sec.edu,sec
0743555329270218752,2025-08-13T19:43:25.0881211+00:00,201061,Art Academy of Cincinnati,https://www.artacademy.edu,artacademy
0743555329534459904,2025-08-13T19:43:25.1511653+00:00,117168,Laguna College of Art and Design,https://www.lcad.edu,lcad
0743555329798701056,2025-08-13T19:43:25.2148470+00:00,225201,Hallmark University,https://www.hallmarkuniversity.edu,hallmarkuniversity
0743555330054553600,2025-08-13T19:43:25.2753790+00:00,216542,University of Valley Forge,https://www.valleyforge.edu,valleyforge
0743555330306211840,2025-08-13T19:43:25.3355509+00:00,460349,Johnson & Wales University-Online,https://online.jwu.edu/?_ga=2.36357734.752362341.1629739669-391300583.1600981500,jwu-providence
0743555330557870080,2025-08-13T19:43:25.3959482+00:00,147369,Moody Bible Institute,https://www.moody.edu,moody
0743555330834694144,2025-08-13T19:43:25.4617323+00:00,119270,Musicians Institute,https://www.mi.edu,mi
0743555331086352384,2025-08-13T19:43:25.5213423+00:00,211024,Clarks Summit University,https://www.clarkssummitu.edu,clarkssummitu
0743555331350593536,2025-08-13T19:43:25.5848089+00:00,213400,Lancaster Bible College,https://www.lbc.edu,lbc
0743555331602251776,2025-08-13T19:43:25.6447167+00:00,170000,Grace Christian University,https://www.gracechristian.edu,gracechristian
0743555331866492928,2025-08-13T19:43:25.7076244+00:00,200226,Mayville State University,https://www.mayvillestate.edu,mayvillestate
0743555332126539776,2025-08-13T19:43:25.7697207+00:00,220604,Le Moyne-Owen College,https://www.loc.edu,loc
0743555332378198016,2025-08-13T19:43:25.8291773+00:00,153320,Faith Baptist Bible College and Theological Seminary,https://faith.edu,faith
0743555332659216384,2025-08-13T19:43:25.8963152+00:00,497833,Marian University-Ancilla,https://www.marian.edu/ancilla,marian-plymouth
0743555332910874624,2025-08-13T19:43:25.9565661+00:00,239071,Maranatha Baptist University,https://www.mbu.edu,mbu
0743555333179310080,2025-08-13T19:43:26.0203451+00:00,224244,Dallas Christian College,https://www.dallas.edu,dallas
0743555333435162624,2025-08-13T19:43:26.0813082+00:00,461759,Simmons College of Kentucky,https://simmonscollegeky.edu,simmonscollegeky
0743555333691015168,2025-08-13T19:43:26.1421646+00:00,155140,Haskell Indian Nations University,https://www.haskell.edu,haskell
0743555333951062016,2025-08-13T19:43:26.2045721+00:00,124292,Thomas Aquinas College,https://thomasaquinas.edu,thomasaquinas
0743555334219497472,2025-08-13T19:43:26.2682646+00:00,203960,Mercy College of Ohio,https://www.mercycollege.edu,mercycollege
0743555334475350016,2025-08-13T19:43:26.3299607+00:00,368452,Nossi College of Art and Design,https://www.nossi.edu,nossi
0743555334735396864,2025-08-13T19:43:26.3918909+00:00,106713,Central Baptist College,https://www.cbc.edu,cbc
0743555335003832320,2025-08-13T19:43:26.4550288+00:00,196653,Trocaire College,https://trocaire.edu,trocaire
0743555335259684864,2025-08-13T19:43:26.5168164+00:00,480781,California Miramar University,https://www.calmu.edu,calmu
0743555335519731712,2025-08-13T19:43:26.5784306+00:00,162061,Capitol Technology University,https://www.captechu.edu,captechu
0743555335779778560,2025-08-13T19:43:26.6409742+00:00,205391,The Modern College of Design,https://themodern.edu,themodern
0743555336048214016,2025-08-13T19:43:26.7044880+00:00,177542,Hannibal-LaGrange University,https://www.hlg.edu,hlg
0743555336312455168,2025-08-13T19:43:26.7679687+00:00,197735,Yeshivath Viznitz,https://yeshivathviznitz.com,yeshivathviznitz
0743555336580890624,2025-08-13T19:43:26.8317976+00:00,243832,EDP University of Puerto Rico Inc-San Juan,https://www.edpuniversity.edu,edpuniversity
0743555336840937472,2025-08-13T19:43:26.8936738+00:00,449764,Visible Music College,https://www.visible.edu,visible
0743555337109372928,2025-08-13T19:43:26.9571200+00:00,174154,Herzing University-Minneapolis,https://www.herzing.edu,herzing-st-louis-park
0743555337369419776,2025-08-13T19:43:27.0198056+00:00,241331,Albizu University-San Juan,https://www.albizu.edu,albizu
0743555337633660928,2025-08-13T19:43:27.0829617+00:00,155070,Barclay College,https://www.barclaycollege.edu,barclaycollege
0743555337893707776,2025-08-13T19:43:27.1442635+00:00,451927,Patrick Henry College,https://www.phc.edu,phc
0743555338162143232,2025-08-13T19:43:27.2087284+00:00,219639,Baptist Health Sciences University,https://www.baptistu.edu,baptistu
0743555338417995776,2025-08-13T19:43:27.2698019+00:00,243188,University of Puerto Rico-Utuado,https://www.uprutuado.edu,uprutuado
0743555338686431232,2025-08-13T19:43:27.3333481+00:00,211893,Curtis Institute of Music,https://www.curtis.edu,curtis
0743555338946478080,2025-08-13T19:43:27.3951011+00:00,199458,Mid-Atlantic Christian University,https://www.macuniversity.edu,macuniversity
0743555339219107840,2025-08-13T19:43:27.4605858+00:00,447263,Joyce University of Nursing and Health Sciences,https://www.joyce.edu,joyce
0743555339474960384,2025-08-13T19:43:27.5212372+00:00,173452,Martin Luther College,https://www.mlc-wels.edu,mlc-wels
0743555339751784448,2025-08-13T19:43:27.5876139+00:00,214634,Pennsylvania State University-Penn State Shenango,https://shenango.psu.edu,psu-sharon
0743555339986665472,2025-08-13T19:43:27.6437470+00:00,496627,California Northstate University,https://www.cnsu.edu,cnsu
0743555340259295232,2025-08-13T19:43:27.7083648+00:00,175430,Blue Mountain Christian University,https://www.bmc.edu,bmc
0743555340515147776,2025-08-13T19:43:27.7696014+00:00,180878,Bryan College of Health Sciences,https://www.bryanhealthcollege.edu/bcohs,bryanhealthcollege
0743555340783583232,2025-08-13T19:43:27.8332668+00:00,451404,Talmudical Seminary of Bobov,https://www.independentrabbinicalcolleges.org,independentrabbinicalcolleges
0743555341047824384,2025-08-13T19:43:27.8968535+00:00,241191,Universidad Adventista de las Antillas,https://www.uaa.edu,uaa
0743555341316259840,2025-08-13T19:43:27.9600679+00:00,497462,Redeemers University North America,https://www.rccgnaseminary.org,rccgnaseminary
0743555341584695296,2025-08-13T19:43:28.0242987+00:00,133809,Florida College,https://www.floridacollege.edu,floridacollege
0743555341836353536,2025-08-13T19:43:28.0848790+00:00,105589,Prescott College,https://prescott.edu,prescott
0743555342092206080,2025-08-13T19:43:28.1457684+00:00,441636,American Institute of Alternative Medicine,https://www.aiam.edu,aiam
0743555342352252928,2025-08-13T19:43:28.2070465+00:00,197221,Webb Institute,https://www.webb.edu,webb
0743555342612299776,2025-08-13T19:43:28.2693976+00:00,386472,Herzing University-Orlando,https://www.herzing.edu,herzing-winter-park
0743555342859763712,2025-08-13T19:43:28.3284666+00:00,202903,Gods Bible School and College,https://www.gbs.edu,gbs
0743555343124004864,2025-08-13T19:43:28.3919945+00:00,205054,Professional Skills Institute,https://www.proskills.edu,proskills
0743555343392440320,2025-08-13T19:43:28.4557048+00:00,214971,Pennsylvania Academy of the Fine Arts,https://www.pafa.org,pafa
0743555343665070080,2025-08-13T19:43:28.5200837+00:00,241395,Pontifical Catholic University of Puerto Rico-Arecibo,https://www.pucpr.edu/arecibo,pucpr-arecibo
0743555343916728320,2025-08-13T19:43:28.5804211+00:00,194116,New York School of Interior Design,https://www.nysid.edu,nysid
0743555344176775168,2025-08-13T19:43:28.6429051+00:00,192785,Maria College of Albany,https://www.mariacollege.edu,mariacollege
0743555344441016320,2025-08-13T19:43:28.7055485+00:00,120166,San Francisco Bay University,https://www.sfbu.edu,sfbu
0743555344722034688,2025-08-13T19:43:28.7720530+00:00,101365,Herzing University-Birmingham,https://www.herzing.edu,herzing-birmingham
0743555344969498624,2025-08-13T19:43:28.8314108+00:00,494603,The Southwestern Baptist Theological Seminary,https://swbts.edu,swbts
0743555345229545472,2025-08-13T19:43:28.8933313+00:00,126687,Concorde Career College-Aurora,https://www.concorde.edu/campus/aurora-colorado,concorde-aurora
0743555345481203712,2025-08-13T19:43:28.9537227+00:00,167792,Bard College at Simon's Rock,https://www.simons-rock.edu,simons-rock
0743555345737056256,2025-08-13T19:43:29.0142854+00:00,153977,Mercy College of Health Sciences,https://www.mchs.edu,mchs
0743555345992908800,2025-08-13T19:43:29.0753748+00:00,486196,Beth Medrash Meor Yitzchok,https://bethmedrashmeoryitzchok.com,bethmedrashmeoryitzchok
0743555346252955648,2025-08-13T19:43:29.1370679+00:00,201177,Aultman College of Nursing and Health Sciences,https://www.aultmancollege.edu,aultmancollege
0743555346508808192,2025-08-13T19:43:29.1989167+00:00,148016,Principia College,https://www.principiacollege.edu,principiacollege
0743555346781437952,2025-08-13T19:43:29.2630981+00:00,488350,Yeshiva Gedolah Shaarei Shmuel,https://yeshivagedolahshaareishmuel.com,yeshivagedolahshaareishmuel
0743555347058262016,2025-08-13T19:43:29.3291529+00:00,161873,University of Baltimore,https://www.ubalt.edu,ubalt
0743555347318308864,2025-08-13T19:43:29.3915085+00:00,180258,University of Providence,https://www.uprovidence.edu,uprovidence
0743555347578355712,2025-08-13T19:43:29.4537586+00:00,160074,Franciscan Missionaries of Our Lady University,https://www.franu.edu,franu
0743555347825819648,2025-08-13T19:43:29.5124421+00:00,200484,Trinity Bible College and Graduate School,https://trinitybiblecollege.edu,trinitybiblecollege
0743555348077477888,2025-08-13T19:43:29.5727389+00:00,455257,Yeshiva of Machzikai Hadas,https://yeshivaofmachzikaihadas.com,yeshivaofmachzikaihadas
0743555348345913344,2025-08-13T19:43:29.6364323+00:00,483018,Antioch College,https://antiochcollege.edu,antiochcollege
0743555348614348800,2025-08-13T19:43:29.7006929+00:00,192004,Jamestown Business College,https://www.jbc.edu,jbc
0743555348891172864,2025-08-13T19:43:29.7663558+00:00,188942,Associated Beth Rivkah Schools,https://www.bethrivkah.edu/dhl,bethrivkah
0743555349151219712,2025-08-13T19:43:29.8281133+00:00,132879,Johnson University Florida,https://johnsonu.edu,johnsonu-kissimmee
0743555349402877952,2025-08-13T19:43:29.8880187+00:00,446233,Ecclesia College,https://ecollege.edu,ecollege
0743555349662924800,2025-08-13T19:43:29.9502479+00:00,117104,Life Pacific University,https://lifepacific.edu,lifepacific
0743555349918777344,2025-08-13T19:43:30.0111923+00:00,189857,Central Yeshiva Tomchei Tmimim Lubavitz,https://cyttl.edu,cyttl
0743555350187212800,2025-08-13T19:43:30.0754887+00:00,181604,College of Saint Mary,https://www.csm.edu,csm
0743555350707306496,2025-08-13T19:43:30.1995294+00:00,455770,Providence Christian College,https://www.providencecc.edu,providencecc
0743555350967353344,2025-08-13T19:43:30.2619275+00:00,200785,Herzing University-Akron,https://www.herzing.edu,herzing-akron
0743555351231594496,2025-08-13T19:43:30.3242713+00:00,476975,Colorado State University Global,https://csuglobal.edu,csuglobal
0743555351491641344,2025-08-13T19:43:30.3863555+00:00,126076,Yeshiva Ohr Elchonon Chabad West Coast Talmudical Seminary,https://www.yoec.edu,yoec
0743555351747493888,2025-08-13T19:43:30.4476343+00:00,192040,Jewish Theological Seminary of America,https://www.jtsa.edu,jtsa
0743555352015929344,2025-08-13T19:43:30.5116345+00:00,112394,University of Silicon Valley,https://usv.edu,usv
0743555352280170496,2025-08-13T19:43:30.5743599+00:00,377546,Northwest College of Art & Design,https://ncad.edu,ncad
0743555352540217344,2025-08-13T19:43:30.6366386+00:00,130110,Paier College,https://www.paier.edu,paier
0743555352804458496,2025-08-13T19:43:30.6998705+00:00,497037,Abilene Christian University-Undergraduate Online,https://www.acu.edu/academics/online/undergraduate,acu-addison
0743555353060311040,2025-08-13T19:43:30.7604330+00:00,241225,Universidad Central de Bayamon,https://ucb.edu.pr,edu
0743555353324552192,2025-08-13T19:43:30.8231839+00:00,241836,EDP University of Puerto Rico Inc-San Sebastian,https://www.edpuniversity.edu,edpuniversity-san-sebastian
0743555353576210432,2025-08-13T19:43:30.8832279+00:00,480569,Florida Institute of Technology-Online,https://www.fit.edu,fit-melbourne
0743555353748176896,2025-08-13T19:43:30.9244299+00:00,190576,CUNY Graduate School and University Center,https://www.gc.cuny.edu,cuny-gradcenter
0743555353827868672,2025-08-13T19:43:30.9431884+00:00,207157,Randall University,https://www.ru.edu,ru
0743555354092109824,2025-08-13T19:43:31.0061318+00:00,165264,Laboure College of Healthcare,https://www.laboure.edu,laboure
0743555354343768064,2025-08-13T19:43:31.0669166+00:00,447953,SUM Bible College and Theological Seminary,https://www.sum.edu,sum
0743555354608009216,2025-08-13T19:43:31.1297107+00:00,119775,Newschool of Architecture and Design,https://www.newschoolarch.edu,newschoolarch
0743555354876444672,2025-08-13T19:43:31.1938077+00:00,494278,EDP University of Puerto Rico-Humacao,https://www.edpuniversity.edu,edpuniversity-humacao
0743555355140685824,2025-08-13T19:43:31.2569205+00:00,215637,Walnut Hill College,https://www.walnuthillcollege.edu,walnuthillcollege
0743555355404926976,2025-08-13T19:43:31.3190244+00:00,181297,Nebraska Methodist College of Nursing & Allied Health,https://www.methodistcollege.edu,methodistcollege
0743555355664973824,2025-08-13T19:43:31.3816977+00:00,194763,Rabbinical Seminary of America,https://www.rabbinical.org,rabbinical
0743555355958575104,2025-08-13T19:43:31.4516402+00:00,492476,EDP University of Puerto Rico-Villalba,https://www.edpuniversity.edu,edpuniversity-villalba
0743555356206039040,2025-08-13T19:43:31.5108586+00:00,459842,Herzing University-Kenosha,https://www.herzing.edu,herzing-kenosha
0743555356461891584,2025-08-13T19:43:31.5710211+00:00,241951,Escuela de Artes Plasticas y Diseno de Puerto Rico,https://www.eap.edu,eap
0743555356973596672,2025-08-13T19:43:31.6934481+00:00,421878,Eastern International College-Jersey City,https://www.eicollege.edu,eicollege
0743555357242032128,2025-08-13T19:43:31.7571499+00:00,127653,Naropa University,https://www.naropa.edu,naropa
0743555357506273280,2025-08-13T19:43:31.8204342+00:00,137962,Trinity College of Florida,https://trinitycollege.edu,trinitycollege
0743555357766320128,2025-08-13T19:43:31.8826014+00:00,488785,University of Saint Katherine,https://www.usk.edu,usk
0743555358030561280,2025-08-13T19:43:31.9456003+00:00,190114,Metropolitan College of New York,https://www.mcny.edu,mcny
0743555358294802432,2025-08-13T19:43:32.0080816+00:00,440396,New Saint Andrews College,https://nsa.edu,nsa
0743555358567432192,2025-08-13T19:43:32.0732969+00:00,140340,Herzing University-Atlanta,https://www.herzing.edu,herzing-atlanta
0743555358819090432,2025-08-13T19:43:32.1333593+00:00,444413,Beis Medrash Heichal Dovid,https://www.heichaldovid.org,heichaldovid
0743555359087525888,2025-08-13T19:43:32.1973976+00:00,486284,Bethany Global University,https://bethanygu.edu,bethanygu
0743555359351767040,2025-08-13T19:43:32.2604581+00:00,451398,Yeshiva Toras Chaim,https://ytclakewood.com,ytclakewood
0743555359620202496,2025-08-13T19:43:32.3247855+00:00,178208,Midwestern Baptist Theological Seminary,https://www.mbts.edu,mbts
0743555359884443648,2025-08-13T19:43:32.3873546+00:00,491914,Yeshiva Gedola Tiferes Yerachmiel,https://yeshivagedolatiferesyerachmiel.com,yeshivagedolatiferesyerachmiel
0743555360165462016,2025-08-13T19:43:32.4544124+00:00,494287,EDP University of Puerto Rico-Manati,https://www.edpuniversity.edu,edpuniversity-manati
0743555360412925952,2025-08-13T19:43:32.5132345+00:00,208725,New Hope Christian College-Eugene,https://www.newhope.edu,newhope
0743555360681361408,2025-08-13T19:43:32.5777710+00:00,166489,Longy School of Music of Bard College,https://longy.edu,longy
0743555360933019648,2025-08-13T19:43:32.6370910+00:00,153861,Maharishi International University,https://www.miu.edu,miu
0743555361193066496,2025-08-13T19:43:32.6990717+00:00,204176,Mount Carmel College of Nursing,https://www.mccn.edu,mccn
0743555361465696256,2025-08-13T19:43:32.7640716+00:00,449658,Bais Medrash Toras Chesed,https://www.bmtc.edu,bmtc
0743555361713160192,2025-08-13T19:43:32.8239566+00:00,187745,Institute of American Indian and Alaska Native Culture and Arts Development,https://iaia.edu,iaia
0743555361977401344,2025-08-13T19:43:32.8864133+00:00,163532,Ner Israel Rabbinical College,https://nirc.edu,nirc
0743555362233253888,2025-08-13T19:43:32.9477164+00:00,487861,Felbry College,https://felbrycollege.edu,felbrycollege
0743555362484912128,2025-08-13T19:43:33.0079674+00:00,196431,Talmudical Seminary Oholei Torah,https://www.tsot.edu,tsot
0743555363009200128,2025-08-13T19:43:33.1324391+00:00,483036,Texas A&M University-Central Texas,https://tamuct.edu,tamuct
0743555363273441280,2025-08-13T19:43:33.1957397+00:00,494685,Urshan College,https://urshancollege.org,urshancollege
0743555363529293824,2025-08-13T19:43:33.2561895+00:00,487375,Arizona College of Nursing-Las Vegas,https://www.arizonacollege.edu,arizonacollege
0743555363793534976,2025-08-13T19:43:33.3197384+00:00,241720,Colegio Universitario de San Juan,https://www.cunisanjuan.edu,cunisanjuan
0743555364049387520,2025-08-13T19:43:33.3808180+00:00,180832,Clarkson College,https://www.clarksoncollege.edu,clarksoncollege
0743555364322017280,2025-08-13T19:43:33.4453989+00:00,459851,Herzing University-Brookfield,https://www.herzing.edu,herzing-brookfield
0743555364573675520,2025-08-13T19:43:33.5059406+00:00,199759,Southeastern Baptist Theological Seminary,https://www.sebts.edu,sebts
0743555364837916672,2025-08-13T19:43:33.5684205+00:00,153302,Emmaus Bible College,https://www.emmaus.edu,emmaus
0743555365106352128,2025-08-13T19:43:33.6324367+00:00,449384,Gnomon,https://www.gnomon.edu,gnomon
0743555365362204672,2025-08-13T19:43:33.6938696+00:00,433536,Herzing University-New Orleans,https://www.herzing.edu,herzing-metairie
0743555365622251520,2025-08-13T19:43:33.7556236+00:00,420325,Yeshiva D'monsey Rabbinical College,https://yeshivadmonsey.com,yeshivadmonsey
0743555365882298368,2025-08-13T19:43:33.8177399+00:00,186186,Rabbinical College of America,https://www.rca.edu,rca
0743555366138150912,2025-08-13T19:43:33.8785070+00:00,241766,Puerto Rico Conservatory of Music,https://cmpr.edu,cmpr
0743555366389809152,2025-08-13T19:43:33.9382028+00:00,155496,Manhattan Christian College,https://www.mccks.edu,mccks
0743555366654050304,2025-08-13T19:43:34.0016155+00:00,238324,Bellin College,https://www.bellincollege.edu,bellincollege
0743555366909902848,2025-08-13T19:43:34.0628438+00:00,176789,Calvary University,https://www.calvary.edu,calvary
0743555367169949696,2025-08-13T19:43:34.1245766+00:00,498049,Arizona College of Nursing-Southfield,https://www.arizonacollege.edu,arizonacollege-southfield
0743555367425802240,2025-08-13T19:43:34.1850146+00:00,494807,Ponce Health Sciences University-East,https://www.psm.edu,psm
0743555367690043392,2025-08-13T19:43:34.2483021+00:00,173957,Mayo Clinic College of Medicine and Science,https://college.mayo.edu,mayo
0743555367962673152,2025-08-13T19:43:34.3132022+00:00,497480,Reach University,https://www.reach.edu,reach
0743555368235302912,2025-08-13T19:43:34.3789584+00:00,495439,Arizona College of Nursing-Fort Lauderdale,https://www.arizonacollege.edu,arizonacollege-fort-lauderdale
0743555368486961152,2025-08-13T19:43:34.4384085+00:00,197647,Yeshiva Derech Chaim,https://ydc.edu,ydc
0743555368751202304,2025-08-13T19:43:34.5011463+00:00,157030,Kentucky Mountain Bible College,https://www.kmbc.edu,kmbc
0743555369002860544,2025-08-13T19:43:34.5618517+00:00,497268,Arizona College of Nursing-Salt Lake City,https://www.arizonacollege.edu,arizonacollege-murray
0743555369267101696,2025-08-13T19:43:34.6240474+00:00,147129,Methodist College,https://www.methodistcol.edu,methodistcol
0743555369510371328,2025-08-13T19:43:34.6828905+00:00,405058,Yeshivas Novominsk,https://yeshivasnovominsk.com,yeshivasnovominsk
0743555369770418176,2025-08-13T19:43:34.7442609+00:00,442426,St Louis College of Health Careers-Fenton,https://www.slchc.edu,slchc
0743555370030465024,2025-08-13T19:43:34.8060434+00:00,193247,Mirrer Yeshiva Cent Institute,https://www.mirreryeshiva.com,mirreryeshiva
0743555370277928960,2025-08-13T19:43:34.8659472+00:00,198109,Cabarrus College of Health Sciences,https://cabarruscollege.edu,cabarruscollege
0743555370542170112,2025-08-13T19:43:34.9289439+00:00,120768,Pacific Oaks College,https://www.pacificoaks.edu,pacificoaks
0743555370810605568,2025-08-13T19:43:34.9927526+00:00,454227,Chamberlain University-Illinois,https://www.chamberlain.edu,chamberlain
0743555371066458112,2025-08-13T19:43:35.0536419+00:00,142090,Boise Bible College,https://www.boisebible.edu,boisebible
0743555371326504960,2025-08-13T19:43:35.1150633+00:00,491631,Women's Institute of Torah Seminary and College,https://www.wits.edu,wits
0743555371586551808,2025-08-13T19:43:35.1779276+00:00,486026,Yeshiva Sholom Shachna,https://yeshivasholomshachna.com,yeshivasholomshachna
0743555371854987264,2025-08-13T19:43:35.2418567+00:00,496973,Herzing University-Tampa,https://herzing.edu,herzing-tampa
0743555372123422720,2025-08-13T19:43:35.3051694+00:00,481410,Yeshiva Gedolah Kesser Torah,https://yeshivagedolahkessertorah.com,yeshivagedolahkessertorah
0743555372375080960,2025-08-13T19:43:35.3658454+00:00,182917,Magdalen College,https://www.magdalen.edu,magdalen
0743555372639322112,2025-08-13T19:43:35.4287262+00:00,476692,Yeshiva Gedolah Zichron Leyma,https://www.yzl.edu,yzl
0743555372907757568,2025-08-13T19:43:35.4925743+00:00,494162,Arizona College of Nursing-Dallas,https://www.arizonacollege.edu,arizonacollege-dallas
0743555373159415808,2025-08-13T19:43:35.5524721+00:00,439862,Pacific Islands University,https://www.piu.edu,piu
0743555373419462656,2025-08-13T19:43:35.6144077+00:00,384421,Rabbi Jacob Joseph School,https://rabbijacobjoseph.com,rabbijacobjoseph
0743555373687898112,2025-08-13T19:43:35.6782578+00:00,421708,Arizona College of Nursing-Tempe,https://www.arizonacollege.edu,arizonacollege-tempe
0743555373939556352,2025-08-13T19:43:35.7387227+00:00,488305,Elim Bible Institute and College,https://elim.edu,elim
0743555374203797504,2025-08-13T19:43:35.8019127+00:00,192624,Machzikei Hadath Rabbinical College,https://mhrc.edu,mhrc
0743555374472232960,2025-08-13T19:43:35.8656035+00:00,443599,American College of Healthcare Sciences,https://www.achs.edu,achs
0743555374732279808,2025-08-13T19:43:35.9279714+00:00,194657,Rabbinical Academy Mesivta Rabbi Chaim Berlin,https://rabbinicalacademyrabbichaimberlin.com,rabbinicalacademyrabbichaimberlin
0743555374996520960,2025-08-13T19:43:35.9907835+00:00,197692,Yeshivath Shaar Hatorah,https://shaarhatorah.edu,shaarhatorah
0743555375260762112,2025-08-13T19:43:36.0539340+00:00,143978,The Chicago School at Chicago,https://www.thechicagoschool.edu/in-the-community/locations,thechicagoschool-chicago
0743555375520808960,2025-08-13T19:43:36.1155158+00:00,193052,Mesivta Torah Vodaath Rabbinical Seminary,https://independentrabbinicalcolleges.org/index.html,independentrabbinicalcolleges-brooklyn
0743555375776661504,2025-08-13T19:43:36.1769247+00:00,237136,Appalachian Bible College,https://abc.edu,abc
0743555376045096960,2025-08-13T19:43:36.2406379+00:00,488314,Beth Medrash of Asbury Park,https://baismedrashzichronmeir.com,baismedrashzichronmeir
0743555376321921024,2025-08-13T19:43:36.3065096+00:00,490230,Reformed University,https://runiv.edu,runiv
0743555376569384960,2025-08-13T19:43:36.3659717+00:00,441609,Yeshiva Shaarei Torah of Rockland,https://www.yst.edu,yst
0743555376825237504,2025-08-13T19:43:36.4261857+00:00,490513,Bais Medrash Mayan Hatorah,https://baismedrashmayanhatorah.com,baismedrashmayanhatorah
0743555377089478656,2025-08-13T19:43:36.4898812+00:00,498447,Arizona College of Nursing-Falls Church,https://www.arizonacollege.edu,arizonacollege-falls-church
0743555377345331200,2025-08-13T19:43:36.5502144+00:00,216311,Talmudical Yeshiva of Philadelphia,https://www.meterware.com/typ/Talmudical_Yeshiva_of_Philadelphia/?C=N;O=D,meterware
0743555377609572352,2025-08-13T19:43:36.6130020+00:00,132408,Baptist University of Florida,https://www.buf.edu,buf
0743555377873813504,2025-08-13T19:43:36.6768964+00:00,166054,Hellenic College-Holy Cross Greek Orthodox School of Theology,https://www.hchc.edu,hchc
0743555378129666048,2025-08-13T19:43:36.7376928+00:00,171881,Kuyper College,https://www.kuyper.edu,kuyper
0743555378389712896,2025-08-13T19:43:36.7999630+00:00,414878,Trine University-Regional/Non-Traditional Campuses,https://trine.edu/online/index.aspx,trine-angola
0743555378645565440,2025-08-13T19:43:36.8603973+00:00,493716,Yeshiva Gedola Tiferes Yaakov Yitzchok,https://yeshivatyy.com,yeshivatyy
0743555378918195200,2025-08-13T19:43:36.9254460+00:00,491640,Yeshiva Gedolah Keren Hatorah,https://yeshivagedolahkerenhatorah.com,yeshivagedolahkerenhatorah
0743555379165659136,2025-08-13T19:43:36.9847145+00:00,491525,Union Bible College,https://ubca.org,ubca
0743555379421511680,2025-08-13T19:43:37.0459985+00:00,493707,Yeshiva Gedolah of Woodlake Village,https://yeshivaohrzechariah.com,yeshivaohrzechariah
0743555379689947136,2025-08-13T19:43:37.1090214+00:00,475608,Criswell College,https://www.criswell.edu,criswell
0743555379945799680,2025-08-13T19:43:37.1709514+00:00,417734,Southeast Missouri Hospital College of Nursing and Health Sciences,https://www.sehcollege.edu,sehcollege
0743555380205846528,2025-08-13T19:43:37.2327584+00:00,422695,Pacific College,https://www.pacific-college.edu,pacific-college
0743555380478476288,2025-08-13T19:43:37.2978071+00:00,205124,Rabbinical College Telshe,https://independentrabbinicalcolleges.org/index.html,independentrabbinicalcolleges-wickliffe
0743555380738523136,2025-08-13T19:43:37.3591150+00:00,485999,Bet Medrash Gadol Ateret Torah,https://betmedrashgadolaterettorah.com,betmedrashgadolaterettorah
0743555380998569984,2025-08-13T19:43:37.4210170+00:00,194736,Rabbinical College of Long Island,https://rabbinicalcollegelongisland.com,rabbinicalcollegelongisland
0743555381250228224,2025-08-13T19:43:37.4819412+00:00,111638,Casa Loma College-Los Angeles,https://www.casalomacollege.edu,casalomacollege
0743555381514469376,2025-08-13T19:43:37.5442997+00:00,135364,Luther Rice College & Seminary,https://www.lutherrice.edu,lutherrice
0743555381778710528,2025-08-13T19:43:37.6078464+00:00,491710,Yeshiva Gedolah of Cliffwood,https://yeshivagedolahcliffwood.com,yeshivagedolahcliffwood
0743555382038757376,2025-08-13T19:43:37.6696461+00:00,128586,Bais Binyomin Academy,https://baisbinyominacademy.com,baisbinyominacademy
0743555382302998528,2025-08-13T19:43:37.7324537+00:00,231095,Sterling College,https://www.sterlingcollege.edu,sterlingcollege
0743555382571433984,2025-08-13T19:43:37.7961466+00:00,466930,Chamberlain University-Texas,https://www.chamberlain.edu,chamberlain-houston
0743555382827286528,2025-08-13T19:43:37.8574633+00:00,495457,Arizona College of Nursing-Phoenix,https://www.arizonacollege.edu,arizonacollege-phoenix
0743555383078944768,2025-08-13T19:43:37.9171873+00:00,491622,Yeshiva Chemdas Hatorah,https://www.yeshivachemdashatorah.com,yeshivachemdashatorah
0743555383338991616,2025-08-13T19:43:37.9796851+00:00,196583,Torah Temimah Talmudical Seminary,https://torahtemimahtalmudicalseminary.com,torahtemimahtalmudicalseminary
0743555383594844160,2025-08-13T19:43:38.0405420+00:00,189273,Beth Hamedrash Shaarei Yosher Institute,https://bhsy.edu,bhsy
0743555383863279616,2025-08-13T19:43:38.1047338+00:00,149329,Telshe Yeshiva-Chicago,https://telsheyeshivachicago.com,telsheyeshivachicago
0743555384123326464,2025-08-13T19:43:38.1661072+00:00,208512,Sumner College,https://sumnercollege.edu,sumnercollege
0743555384387567616,2025-08-13T19:43:38.2290198+00:00,498456,Arizona College of Nursing-Ontario,https://www.arizonacollege.edu,arizonacollege-ontario
0743555384647614464,2025-08-13T19:43:38.2913992+00:00,191597,Helene Fuld College of Nursing,https://www.helenefuld.edu,helenefuld
0743555384911855616,2025-08-13T19:43:38.3545075+00:00,247773,Yeshiva Gedolah of Greater Detroit,https://www.yeshivagedolahgreaterdetroit.com,yeshivagedolahgreaterdetroit
0743555385176096768,2025-08-13T19:43:38.4173034+00:00,476601,Bais HaMedrash and Mesivta of Baltimore,https://www.bhmb.edu,bhmb
0743555385440337920,2025-08-13T19:43:38.4806744+00:00,194718,Rabbinical Seminary Mkor Chaim,https://www.mkorchaim.org,mkorchaim
0743555385704579072,2025-08-13T19:43:38.5437463+00:00,485698,American College of the Building Arts,https://acba.edu,acba
0743555385964625920,2025-08-13T19:43:38.6057581+00:00,202912,Good Samaritan College of Nursing and Health Science,https://www.gscollege.edu,gscollege
0743555386224672768,2025-08-13T19:43:38.6670061+00:00,461528,Manna University,https://www.manna.edu,manna
0743555386497302528,2025-08-13T19:43:38.7324797+00:00,491613,Yeshiva Gedolah Tiferes Boruch,https://yeshivagedolahtiferesboruch.com,yeshivagedolahtiferesboruch
0743555386748960768,2025-08-13T19:43:38.7921679+00:00,117283,Latin American Bible Institute,https://labi.edu,labi
0743555387000619008,2025-08-13T19:43:38.8521308+00:00,493594,Yeshiva of Ocean,https://yeshivaofocean.com,yeshivaofocean
0743555387264860160,2025-08-13T19:43:38.9152890+00:00,482228,Veritas Baptist College,https://www.vbc.edu,vbc
0743555387533295616,2025-08-13T19:43:38.9790790+00:00,449870,University of the West,https://www.uwest.edu,uwest
0743555387784953856,2025-08-13T19:43:39.0398535+00:00,190752,Yeshiva of Far Rockaway Derech Ayson Rabbinical Seminary,https://www.yofr.org,yofr
0743555388053389312,2025-08-13T19:43:39.1033095+00:00,445267,Central Methodist University-College of Graduate and Extended Studies,https://www.centralmethodist.edu,centralmethodist-fayette
0743555388309241856,2025-08-13T19:43:39.1645557+00:00,430670,San Juan Bautista School of Medicine,https://www.sanjuanbautista.edu,sanjuanbautista
0743555388560900096,2025-08-13T19:43:39.2240289+00:00,491765,Yeshivas Emek Hatorah,https://yeshivasemekhatorah.com,yeshivasemekhatorah
0743555388837724160,2025-08-13T19:43:39.2908605+00:00,132842,Albizu University-Miami,https://www.albizu.edu,albizu-miami
0743555389097771008,2025-08-13T19:43:39.3522935+00:00,495420,Arizona College of Nursing-Tampa,https://www.arizonacollege.edu,arizonacollege-tampa
0743555389353623552,2025-08-13T19:43:39.4132182+00:00,108861,Berkeley School of Theology,https://www.bst.edu,bst
0743555389613670400,2025-08-13T19:43:39.4754677+00:00,149639,VanderCook College of Music,https://www.vandercook.edu,vandercook
0743555389886300160,2025-08-13T19:43:39.5401840+00:00,243568,Universidad Central Del Caribe,https://www.uccaribe.edu,uccaribe
0743555390142152704,2025-08-13T19:43:39.6012583+00:00,193070,Mesivtha Tifereth Jerusalem of America,https://mtj.edu,mtj
0743555390406393856,2025-08-13T19:43:39.6647558+00:00,197744,Yeshivath Zichron Moshe,https://yeshivathzichronmoshe.com,yeshivathzichronmoshe
0743555390687412224,2025-08-13T19:43:39.7314182+00:00,230889,Goddard College,https://www.goddard.edu,goddard
0743555390934876160,2025-08-13T19:43:39.7903986+00:00,137272,St. John Vianney College Seminary,https://www.sjvcs.edu,sjvcs
0743555391199117312,2025-08-13T19:43:39.8532952+00:00,177986,Logan University,https://www.logan.edu,logan
0743555391459164160,2025-08-13T19:43:39.9150736+00:00,475732,Chamberlain University-Georgia,https://www.chamberlain.edu,chamberlain-sandy-springs
0743555391719211008,2025-08-13T19:43:39.9770774+00:00,161022,Maine College of Health Professions,https://www.mchp.edu,mchp
0743555391970869248,2025-08-13T19:43:40.0378197+00:00,451370,Yeshivas Be'er Yitzchok,https://yeshivasbeeryitzchok.org,yeshivasbeeryitzchok
0743555392230916096,2025-08-13T19:43:40.0993236+00:00,439701,The King's University,https://www.tku.edu,tku
0743555392499351552,2025-08-13T19:43:40.1636058+00:00,260813,Platt College-Aurora,https://www.plattcolorado.edu,plattcolorado
0743555392763592704,2025-08-13T19:43:40.2269699+00:00,461847,Keser Torah-Mayan Hatalmud,https://www.mayanhatalmud.org,mayanhatalmud
0743555393023639552,2025-08-13T19:43:40.2886228+00:00,433174,Carolinas College of Health Sciences,https://www.carolinascollege.edu,carolinascollege
0743555393279492096,2025-08-13T19:43:40.3499096+00:00,232618,Centra College,https://www.centrahealth.com/college,centrahealth
0743555393547927552,2025-08-13T19:43:40.4131830+00:00,177038,Cleveland University-Kansas City,https://www.cleveland.edu,cleveland
0743555393820557312,2025-08-13T19:43:40.4780830+00:00,454236,Chamberlain University-Ohio,https://www.chamberlain.edu,chamberlain-columbus
0743555394084798464,2025-08-13T19:43:40.5418239+00:00,482413,DeVry College of New York,https://www.devry.edu,devry-new-york
0743555394340651008,2025-08-13T19:43:40.6025549+00:00,491057,Yeshiva Kollel Tifereth Elizer,https://www.yeshivakolleltiferethelizer.com,yeshivakolleltiferethelizer
0743555394596503552,2025-08-13T19:43:40.6636447+00:00,193061,Mesivta of Eastern Parkway-Yeshiva Zichron Meilech,https://mesivtaofeasternparkway.com,mesivtaofeasternparkway
0743555394864939008,2025-08-13T19:43:40.7280001+00:00,154262,St Luke's College,https://www.stlukescollege.edu,stlukescollege
0743555395120791552,2025-08-13T19:43:40.7884699+00:00,186900,Talmudical Academy-New Jersey,https://talmudicalacademynj.com,talmudicalacademynj
0743555395380838400,2025-08-13T19:43:40.8505370+00:00,481438,Yeshiva Yesodei Hatorah,https://yeshivayesodeihatorahlakewood.com,yeshivayesodeihatorahlakewood
0743555395636690944,2025-08-13T19:43:40.9118558+00:00,495031,Bais Medrash of Dexter Park,https://bmdpark.com,bmdpark
0743555395905126400,2025-08-13T19:43:40.9752575+00:00,486938,Chamberlain University-Nevada,https://www.chamberlain.edu,chamberlain-las-vegas
0743555396160978944,2025-08-13T19:43:41.0369897+00:00,495448,Arizona College of Nursing-Tucson,https://www.arizonacollege.edu,arizonacollege-tucson
0743555396416831488,2025-08-13T19:43:41.0976277+00:00,454245,Chamberlain University-Arizona,https://www.chamberlain.edu,chamberlain-phoenix
0743555396672684032,2025-08-13T19:43:41.1588743+00:00,194569,Davis College,https://davisny.edu,davisny
0743555396941119488,2025-08-13T19:43:41.2221009+00:00,120838,Pacific States University,https://www.psuca.edu,psuca
0743555397201166336,2025-08-13T19:43:41.2840659+00:00,497824,Evangel University-College of Online Learning,https://www.evangel.edu,evangel-springfield
0743555397452824576,2025-08-13T19:43:41.3446465+00:00,113616,Dharma Realm Buddhist University,https://drbu.edu,drbu
0743555397721260032,2025-08-13T19:43:41.4087612+00:00,164614,Boston Baptist College,https://www.boston.edu,boston
0743555397998084096,2025-08-13T19:43:41.4742925+00:00,457129,Chamberlain University-Florida,https://www.chamberlain.edu,chamberlain-jacksonville
0743555398245548032,2025-08-13T19:43:41.5337318+00:00,490203,Bolivar Technical College,https://www.bolivarcollege.edu,bolivarcollege
0743555398513983488,2025-08-13T19:43:41.5974195+00:00,245777,Bais Medrash Elyon,https://baismedroshelyon.com,baismedroshelyon
0743555398774030336,2025-08-13T19:43:41.6593473+00:00,178767,Stevens-The Institute of Business & Arts,https://www.siba.edu,siba
0743555399055048704,2025-08-13T19:43:41.7265052+00:00,194693,Rabbinical College Beth Shraga,https://rabbinicalcollegebethshraga.com,rabbinicalcollegebethshraga
0743555399315095552,2025-08-13T19:43:41.7889206+00:00,205027,Pontifical College Josephinum,https://www.pcj.edu,pcj
0743555399566753792,2025-08-13T19:43:41.8482905+00:00,113582,Design Institute of San Diego,https://www.disd.edu,disd
0743555399839383552,2025-08-13T19:43:41.9137817+00:00,486956,Chamberlain University-New Jersey,https://www.chamberlain.edu,chamberlain-north-brunswick
0743555400099430400,2025-08-13T19:43:41.9751386+00:00,491288,University of Wisconsin-Milwaukee Flex,https://flex.wisconsin.edu,wisconsin
0743555400367865856,2025-08-13T19:43:42.0391076+00:00,145497,Hebrew Theological College,https://www.htc.edu,htc
0743555400623718400,2025-08-13T19:43:42.1004728+00:00,206394,The North Coast College,https://www.thencc.edu,thencc
0743555400887959552,2025-08-13T19:43:42.1632416+00:00,196440,Talmudical Institute of Upstate New York,https://www.tiuny.org,tiuny
0743555401152200704,2025-08-13T19:43:42.2264010+00:00,217040,Yeshivath Beth Moshe,https://yeshivabethmoshe.com,yeshivabethmoshe
0743555401416441856,2025-08-13T19:43:42.2895163+00:00,466921,Chamberlain University-Missouri,https://www.chamberlain.edu,chamberlain-st-louis
0743555401672294400,2025-08-13T19:43:42.3502780+00:00,493664,Yeshivat Hechal Shemuel,https://hechalshemuel.com,hechalshemuel
0743555401928146944,2025-08-13T19:43:42.4117368+00:00,417752,Messenger College,https://www.messengercollege.edu,messengercollege
0743555402204971008,2025-08-13T19:43:42.4778380+00:00,223117,Baptist Missionary Association Theological Seminary,https://www.bmats.edu,bmats
0743555402456629248,2025-08-13T19:43:42.5375691+00:00,181543,Summit Christian College,https://www.summitcc.edu,summitcc
0743555402712481792,2025-08-13T19:43:42.5989258+00:00,497213,Great Northern University,https://www.greatnorthernu.org,greatnorthernu
0743555402976722944,2025-08-13T19:43:42.6617521+00:00,490319,Yeshiva Bais Aharon,https://www.yeshivabaisaharon.com,yeshivabaisaharon
0743555403236769792,2025-08-13T19:43:42.7236322+00:00,482468,DeVry University-Georgia,https://www.devry.edu,devry-decatur
0743555403488428032,2025-08-13T19:43:42.7838970+00:00,482653,DeVry University-Virginia,https://www.devry.edu,devry-arlington
0743555403744280576,2025-08-13T19:43:42.8441043+00:00,101453,Heritage Christian University,https://www.hcu.edu,hcu
0743555404004327424,2025-08-13T19:43:42.9060259+00:00,219240,Kairos University,https://www.kairos.edu,kairos
0743555404255985664,2025-08-13T19:43:42.9660899+00:00,481225,Mid-South Christian College,https://www.midsouthchristian.edu,midsouthchristian
0743555404511838208,2025-08-13T19:43:43.0277485+00:00,123280,Shasta Bible College and Graduate School,https://www.shasta.edu,shasta
0743555404771885056,2025-08-13T19:43:43.0899265+00:00,127954,Montessori Education Center of the Rockies,https://www.mecr.edu,mecr
0743555405031931904,2025-08-13T19:43:43.1511683+00:00,490504,Yeshiva Ohr Naftoli,https://www.yeshivaohrnaftoli.com,yeshivaohrnaftoli
0743555405291978752,2025-08-13T19:43:43.2132274+00:00,177083,Conception Seminary College,https://www.conception.edu,conception
0743555405547831296,2025-08-13T19:43:43.2748678+00:00,176451,Wesley Biblical Seminary,https://www.wbs.edu,wbs
0743555405816266752,2025-08-13T19:43:43.3383131+00:00,460871,Chamberlain University-Virginia,https://www.chamberlain.edu,chamberlain-vienna
0743555406063730688,2025-08-13T19:43:43.3971297+00:00,489344,Chamberlain University-North Carolina,https://www.chamberlain.edu,chamberlain-charlotte
0743555406315388928,2025-08-13T19:43:43.4571146+00:00,443058,Family of Faith Christian University,https://www.familyoffaith.edu,familyoffaith
0743555406571241472,2025-08-13T19:43:43.5184339+00:00,482556,DeVry University-New Jersey,https://www.devry.edu,devry-iselin
0743555406831288320,2025-08-13T19:43:43.5804900+00:00,482459,DeVry University-Florida,https://www.devry.edu,devry-orlando
0743555407082946560,2025-08-13T19:43:43.6406225+00:00,480985,Midwives College of Utah,https://www.midwifery.edu,midwifery
0743555407330410496,2025-08-13T19:43:43.6993695+00:00,102395,United States Sports Academy,https://www.ussa.edu,ussa
0743555407586263040,2025-08-13T19:43:43.7609645+00:00,176770,Cox College,https://coxcollege.edu,coxcollege
0743555407850504192,2025-08-13T19:43:43.8231256+00:00,492607,The Chicago School at Dallas,https://www.thechicagoschool.edu/in-the-community/locations,thechicagoschool-richardson
0743555408097968128,2025-08-13T19:43:43.8827426+00:00,172033,Sacred Heart Major Seminary,https://www.shms.edu,shms
0743555408358014976,2025-08-13T19:43:43.9443544+00:00,487746,Yeshiva Zichron Aryeh,https://yeshivazichronaryeh.com,yeshivazichronaryeh
0743555408622256128,2025-08-13T19:43:44.0073920+00:00,195438,Sh'or Yoshuv Rabbinical College,https://www.shoryoshuv.org,shoryoshuv
0743555408882302976,2025-08-13T19:43:44.0694673+00:00,492759,Chamberlain University-Louisiana,https://www.chamberlain.edu,chamberlain-jefferson
0743555409138155520,2025-08-13T19:43:44.1304839+00:00,475741,Chamberlain University-Indiana,https://www.chamberlain.edu,chamberlain-indianapolis
0743555409398202368,2025-08-13T19:43:44.1927893+00:00,489353,Chamberlain University-California,https://www.chamberlain.edu,chamberlain-rancho-cordova
0743555409645666304,2025-08-13T19:43:44.2515850+00:00,486017,Yeshiva Ohr Yisrael,https://www.yoy.edu,yoy
0743555409905713152,2025-08-13T19:43:44.3137328+00:00,488776,John Patrick University of Health and Applied Sciences,https://jpu.edu,jpu
0743555410169954304,2025-08-13T19:43:44.3764841+00:00,110468,Alliant International University-San Diego,https://www.alliant.edu,alliant
0743555410430001152,2025-08-13T19:43:44.4387526+00:00,482635,DeVry University-Texas,https://www.devry.edu,devry-irving
0743555410690048000,2025-08-13T19:43:44.5003704+00:00,491190,The Chicago School at San Diego,https://www.thechicagoschool.edu/in-the-community/locations,thechicagoschool-san-diego
0743555410945900544,2025-08-13T19:43:44.5610071+00:00,486947,Chamberlain University-Michigan,https://www.chamberlain.edu,chamberlain-troy
0743555411193364480,2025-08-13T19:43:44.6205561+00:00,209241,Mount Angel Seminary,https://www.mountangelabbey.org/seminary,mountangelabbey
0743555411457605632,2025-08-13T19:43:44.6834673+00:00,491297,University of Wisconsin-Parkside Flex,https://flex.wisconsin.edu,wisconsin-kenosha
0743555411709263872,2025-08-13T19:43:44.7430212+00:00,194189,Ohr Hameir Theological Seminary,https://ohrhameir.com,ohrhameir
0743555411956727808,2025-08-13T19:43:44.8026917+00:00,100812,Athens State University,https://www.athens.edu,athens
0743555412225163264,2025-08-13T19:43:44.8669694+00:00,101116,South University-Montgomery,https://www.southuniversity.edu,southuniversity
0743555412481015808,2025-08-13T19:43:44.9273718+00:00,216047,Saint Charles Borromeo Seminary-Overbrook,https://www.scs.edu,scs
0743555412741062656,2025-08-13T19:43:44.9894314+00:00,482574,DeVry University-Ohio,https://www.devry.edu,devry-columbus
0743555412992720896,2025-08-13T19:43:45.0499496+00:00,101675,Miles College,https://www.miles.edu,miles
0743555413248573440,2025-08-13T19:43:45.1107683+00:00,102058,Selma University,https://selmau.edu,selmau
0743555413508620288,2025-08-13T19:43:45.1728121+00:00,142957,American Islamic College,https://www.aicusa.edu,aicusa
0743555413764472832,2025-08-13T19:43:45.2338406+00:00,102845,Charter College,https://chartercollege.edu,chartercollege
0743555414028713984,2025-08-13T19:43:45.2965327+00:00,104090,Brookline College-Phoenix,https://www.brooklinecollege.edu,brooklinecollege
0743555414292955136,2025-08-13T19:43:45.3593027+00:00,103529,University of Alaska System of Higher Education,https://www.alaska.edu,alaska-fairbanks
0743555414540419072,2025-08-13T19:43:45.4186173+00:00,102614,University of Alaska Fairbanks,https://www.uaf.edu,uaf
0743555414800465920,2025-08-13T19:43:45.4800303+00:00,100733,University of Alabama System Office,https://www.uasystem.edu,uasystem
0743555415056318464,2025-08-13T19:43:45.5411018+00:00,102298,Talladega College,https://www.talladega.edu,talladega
0743555415307976704,2025-08-13T19:43:45.6014394+00:00,105145,GateWay Community College,https://www.gatewaycc.edu,gatewaycc
0743555415568023552,2025-08-13T19:43:45.6633550+00:00,100690,Amridge University,https://www.amridgeuniversity.edu,amridgeuniversity
0743555415828070400,2025-08-13T19:43:45.7257139+00:00,106148,Yavapai College,https://www.yc.edu,yc
0743555416083922944,2025-08-13T19:43:45.7865774+00:00,104708,Glendale Community College,https://www.gccaz.edu,gccaz
0743555416339775488,2025-08-13T19:43:45.8471756+00:00,106263,University of Arkansas for Medical Sciences,https://www.uams.edu,uams
0743555416595628032,2025-08-13T19:43:45.9089642+00:00,102580,Alaska Bible College,https://www.akbible.edu,akbible
0743555416843091968,2025-08-13T19:43:45.9676098+00:00,106485,University of Arkansas at Monticello,https://www.uamont.edu,uamont
0743555417107333120,2025-08-13T19:43:46.0308139+00:00,106810,Crowley's Ridge College,https://www.crc.edu,crc
0743555417363185664,2025-08-13T19:43:46.0919556+00:00,105534,Pima Medical Institute-Tucson,https://pmi.edu,pmi
0743555417631621120,2025-08-13T19:43:46.1554104+00:00,105297,Dine College,https://www.dinecollege.edu,dinecollege
0743555417904250880,2025-08-13T19:43:46.2206097+00:00,107600,Philander Smith University,https://www.philander.edu,philander
0743555418147520512,2025-08-13T19:43:46.2786571+00:00,449834,Virginia Beach Theological Seminary,https://www.vbts.edu,vbts
0743555418411761664,2025-08-13T19:43:46.3410419+00:00,108092,University of Arkansas-Fort Smith,https://uafs.edu,uafs
0743555418667614208,2025-08-13T19:43:46.4022255+00:00,108056,University of Arkansas System Office,https://www.uasys.edu,uasys
0743555418923466752,2025-08-13T19:43:46.4630380+00:00,105668,Rio Salado College,https://www.rio.maricopa.edu,maricopa
0743555419183513600,2025-08-13T19:43:46.5259961+00:00,104665,The School of Architecture,https://tsoa.edu,tsoa
0743555419443560448,2025-08-13T19:43:46.5874608+00:00,108269,Academy of Chinese Culture and Health Sciences,https://www.acchs.edu,acchs
0743555419711995904,2025-08-13T19:43:46.6510759+00:00,110316,California Institute of Integral Studies,https://www.ciis.edu,ciis
0743555419976237056,2025-08-13T19:43:46.7147740+00:00,108870,American Film Institute Conservatory,https://www.afi.com,afi
0743555420236283904,2025-08-13T19:43:46.7761503+00:00,108232,Academy of Art University,https://www.academyart.edu,academyart
0743555420496330752,2025-08-13T19:43:46.8380218+00:00,110501,California State University-Chancellors Office,https://www.calstate.edu,calstate
0743555420752183296,2025-08-13T19:43:46.8999274+00:00,110060,Bethesda University,https://www.buc.edu,buc
0743555421024813056,2025-08-13T19:43:46.9640376+00:00,110699,University of California-San Francisco,https://ucsf.edu,ucsf
0743555421293248512,2025-08-13T19:43:47.0282309+00:00,110778,Sofia University,https://www.sofia.edu,sofia
0743555421544906752,2025-08-13T19:43:47.0887179+00:00,109350,Antelope Valley Community College District,https://www.avc.edu,avc
0743555421813342208,2025-08-13T19:43:47.1526213+00:00,233408,Riverside College of Health Careers,https://www.riversideonline.com/careers/college-of-health-careers,riversideonline
0743555422073389056,2025-08-13T19:43:47.2147749+00:00,112084,San Diego Christian College,https://sdcc.edu,sdcc
0743555422333435904,2025-08-13T19:43:47.2764845+00:00,110219,Bryan University,https://bryanuniversity.edu,bryanuniversity
0743555422593482752,2025-08-13T19:43:47.3382632+00:00,112127,Church Divinity School of the Pacific,https://www.cdsp.edu,cdsp
0743555422857723904,2025-08-13T19:43:47.4015352+00:00,110398,University of California College of the Law-San Francisco,https://www.uclawsf.edu,uclawsf
0743555423126159360,2025-08-13T19:43:47.4659362+00:00,112570,California College of ASU,https://www.columbiacollege.edu,columbiacollege
0743555423377817600,2025-08-13T19:43:47.5259573+00:00,112251,Claremont Graduate University,https://www.cgu.edu,cgu
0743555423633670144,2025-08-13T19:43:47.5863677+00:00,109819,Bakersfield College,https://www.bakersfieldcollege.edu,bakersfieldcollege
0743555423893716992,2025-08-13T19:43:47.6483693+00:00,114114,Emperor's College of Traditional Oriental Medicine,https://www.emperors.edu,emperors
0743555424153763840,2025-08-13T19:43:47.7105774+00:00,114123,Empire College,https://empcol.edu,empcol
0743555424409616384,2025-08-13T19:43:47.7716350+00:00,112525,Western University of Health Sciences,https://www.westernu.edu,westernu
0743555424669663232,2025-08-13T19:43:47.8335740+00:00,114433,Feather River Community College District,https://www.frc.edu,frc
0743555424933904384,2025-08-13T19:43:47.8969304+00:00,114585,Five Branches University,https://www.fivebranches.edu,fivebranches
0743555425202339840,2025-08-13T19:43:47.9609418+00:00,111045,Haven University,https://www.haven.edu,haven
0743555425474969600,2025-08-13T19:43:48.0255402+00:00,106306,Arkansas Baptist College,https://www.arkansasbaptist.edu,arkansasbaptist
0743555425730822144,2025-08-13T19:43:48.0868979+00:00,114840,Fuller Theological Seminary,https://www.fuller.edu,fuller
0743555425986674688,2025-08-13T19:43:48.1474414+00:00,114734,Franciscan School of Theology,https://www.fst.edu,fst
0743555426250915840,2025-08-13T19:43:48.2101446+00:00,114716,Foothill College,https://foothill.edu,foothill
0743555426506768384,2025-08-13T19:43:48.2716493+00:00,115083,Golden Gate University,https://www.ggu.edu,ggu
0743555426758426624,2025-08-13T19:43:48.3318131+00:00,115214,Graduate Theological Union,https://www.gtu.edu,gtu
0743555427031056384,2025-08-13T19:43:48.3960971+00:00,114831,Foothill-De Anza Community College District,https://www.fhda.edu,fhda
0743555427286908928,2025-08-13T19:43:48.4577291+00:00,116846,American Jewish University,https://www.aju.edu,aju
0743555427546955776,2025-08-13T19:43:48.5191537+00:00,114549,Fielding Graduate University,https://www.fielding.edu,fielding
0743555427794419712,2025-08-13T19:43:48.5786796+00:00,115746,Pacifica Graduate Institute,https://www.pacifica.edu,pacifica
0743555428058660864,2025-08-13T19:43:48.6419860+00:00,117636,Loma Linda University,https://www.llu.edu/index.html,llu
0743555428327096320,2025-08-13T19:43:48.7052800+00:00,113236,Cypress College,https://www.cypresscollege.edu,cypresscollege
0743555428587143168,2025-08-13T19:43:48.7677480+00:00,116226,Interior Designers Institute,https://www.idi.edu,idi
0743555428859772928,2025-08-13T19:43:48.8325008+00:00,115010,Glendale Career College,https://www.success.edu,success
0743555429124014080,2025-08-13T19:43:48.8952689+00:00,111391,California Western School of Law,https://www.cwsl.edu,cwsl
0743555429371478016,2025-08-13T19:43:48.9541076+00:00,117672,Southern California University of Health Sciences,https://www.scuhs.edu,scuhs
0743555429627330560,2025-08-13T19:43:49.0153007+00:00,117520,Life Chiropractic College West,https://www.lifewest.edu,lifewest
0743555429895766016,2025-08-13T19:43:49.0790933+00:00,117681,Los Angeles Community College District Office,https://www.laccd.edu,laccd
0743555430143229952,2025-08-13T19:43:49.1388199+00:00,118912,MiraCosta College,https://www.miracosta.edu,miracosta
0743555430411665408,2025-08-13T19:43:49.2024542+00:00,119678,Naval Postgraduate School,https://www.nps.edu,nps
0743555430680100864,2025-08-13T19:43:49.2669453+00:00,119058,Middlebury Institute of International Studies at Monterey,https://www.middlebury.edu/institute,middlebury-monterey
0743555430940147712,2025-08-13T19:43:49.3283855+00:00,115773,Humphreys University-Stockton and Modesto Campuses,https://www.humphreys.edu,humphreys
0743555431200194560,2025-08-13T19:43:49.3901423+00:00,120023,North Orange County Community College District,https://www.nocccd.edu,nocccd
0743555431460241408,2025-08-13T19:43:49.4521858+00:00,120184,Notre Dame de Namur University,https://www.ndnu.edu,ndnu
0743555431720288256,2025-08-13T19:43:49.5142752+00:00,113704,Dominican School of Philosophy & Theology,https://www.dspt.edu,dspt
0743555431988723712,2025-08-13T19:43:49.5789065+00:00,118976,Modesto Junior College,https://www.mjc.edu,mjc
0743555432244576256,2025-08-13T19:43:49.6390325+00:00,121619,Santa Ana College,https://www.sac.edu,sac
0743555432504623104,2025-08-13T19:43:49.7016197+00:00,120795,Pacific School of Religion,https://www.psr.edu,psr
0743555432764669952,2025-08-13T19:43:49.7639720+00:00,117575,Southern California Seminary,https://www.socalsem.edu,socalsem
0743555433033105408,2025-08-13T19:43:49.8276385+00:00,122685,San Joaquin Valley College-Visalia,https://www.sjvc.edu,sjvc
0743555433280569344,2025-08-13T19:43:49.8864617+00:00,117557,Lincoln University,https://lincolnuca.edu,lincolnuca
0743555433540616192,2025-08-13T19:43:49.9487822+00:00,122320,San Diego Community College District-District Office,https://www.sdccd.edu,sdccd
0743555433813245952,2025-08-13T19:43:50.0136459+00:00,122649,San Joaquin College of Law,https://www.sjcl.edu,sjcl
0743555434069098496,2025-08-13T19:43:50.0746386+00:00,122375,San Diego Mesa College,https://www.sdmesa.edu,sdmesa
0743555434316562432,2025-08-13T19:43:50.1333494+00:00,122782,San Mateo County Community College District Office,https://www.smccd.edu,smccd
0743555434584997888,2025-08-13T19:43:50.1974081+00:00,118888,Northeastern University Oakland,https://oakland.northeastern.edu,northeastern-oakland
0743555434832461824,2025-08-13T19:43:50.2566020+00:00,123299,Shasta College,https://www.shastacollege.edu,shastacollege
0743555435096702976,2025-08-13T19:43:50.3192006+00:00,123095,Saybrook University,https://www.saybrook.edu,saybrook
0743555435352555520,2025-08-13T19:43:50.3803782+00:00,122117,Dongguk University Los Angeles,https://www.dula.edu,dula
0743555435612602368,2025-08-13T19:43:50.4422496+00:00,119605,National University,https://www.nu.edu,nu
0743555435872649216,2025-08-13T19:43:50.5042353+00:00,123563,Solano Community College,https://welcome.solano.edu,solano
0743555436149473280,2025-08-13T19:43:50.5700573+00:00,123633,South Baylo University,https://www.southbaylo.edu,southbaylo
0743555436405325824,2025-08-13T19:43:50.6316332+00:00,123448,Trinity Law School,https://www.tiu.edu/law,tiu-santa-ana
0743555436665372672,2025-08-13T19:43:50.6931644+00:00,121628,Pardee RAND Graduate School,https://www.pardeerand.edu,pardeerand
0743555436917030912,2025-08-13T19:43:50.7539876+00:00,123457,Simpson University,https://www.simpsonu.edu,simpsonu
0743555437185466368,2025-08-13T19:43:50.8176255+00:00,121886,Rio Hondo College,https://www.riohondo.edu,riohondo
0743555437445513216,2025-08-13T19:43:50.8799106+00:00,120698,Palo Alto University,https://www.paloaltou.edu,paloaltou
0743555437705560064,2025-08-13T19:43:50.9410817+00:00,124283,Claremont School of Theology,https://www.cst.edu,cst
0743555437973995520,2025-08-13T19:43:51.0057811+00:00,124557,University of California-System Administration Central Office,https://www.ucop.edu,ucop
0743555438225653760,2025-08-13T19:43:51.0657612+00:00,125037,The Colleges of Law at Ventura,https://www.collegesoflaw.edu,collegesoflaw
0743555438531837952,2025-08-13T19:43:51.1381647+00:00,125471,West Los Angeles College,https://www.wlac.edu,wlac
0743555438745747456,2025-08-13T19:43:51.1890838+00:00,123943,Marshall B Ketchum University,https://www.ketchum.edu,ketchum
0743555439009988608,2025-08-13T19:43:51.2524448+00:00,122296,Samuel Merritt University,https://www.samuelmerritt.edu,samuelmerritt
0743555439265841152,2025-08-13T19:43:51.3138282+00:00,123509,Skyline College,https://skylinecollege.edu,skylinecollege
0743555439534276608,2025-08-13T19:43:51.3778266+00:00,123970,Southwestern Law School,https://www.swlaw.edu,swlaw
0743555439798517760,2025-08-13T19:43:51.4405458+00:00,124487,Epic Bible College & Graduate School,https://epic.edu,epic
0743555440066953216,2025-08-13T19:43:51.5040666+00:00,125532,Carrington College-Sacramento,https://carrington.edu,carrington
0743555440318611456,2025-08-13T19:43:51.5644188+00:00,126012,The Wright Institute,https://www.wi.edu,wi
0743555440574464000,2025-08-13T19:43:51.6259483+00:00,126289,Arapahoe Community College,https://www.arapahoe.edu,arapahoe
0743555440842899456,2025-08-13T19:43:51.6898555+00:00,125231,Walden University,https://www.waldenu.edu,waldenu
0743555441102946304,2025-08-13T19:43:51.7515080+00:00,126049,Thomas Jefferson School of Law,https://www.tjsl.edu,tjsl
0743555441367187456,2025-08-13T19:43:51.8142983+00:00,126942,Community College of Denver,https://www.ccd.edu,ccd
0743555441635622912,2025-08-13T19:43:51.8780220+00:00,127273,Iliff School of Theology,https://www.iliff.edu,iliff
0743555441891475456,2025-08-13T19:43:51.9392631+00:00,123916,Starr King School for the Ministry,https://www.sksm.edu,sksm
0743555442143133696,2025-08-13T19:43:51.9993643+00:00,125718,Westminster Theological Seminary in California,https://www.wscal.edu,wscal
0743555442403180544,2025-08-13T19:43:52.0612487+00:00,126669,Colorado Christian University,https://www.ccu.edu,ccu
0743555442671616000,2025-08-13T19:43:52.1253239+00:00,122977,Santa Monica College,https://www.smc.edu,smc
0743555442931662848,2025-08-13T19:43:52.1870233+00:00,126979,Denver Seminary,https://www.denverseminary.edu,denverseminary
0743555443191709696,2025-08-13T19:43:52.2494776+00:00,126207,Aims Community College,https://www.aims.edu,aims
0743555443460145152,2025-08-13T19:43:52.3135864+00:00,127617,Morgan Community College,https://www.morgancc.edu,morgancc
0743555443715997696,2025-08-13T19:43:52.3749910+00:00,127200,Front Range Community College,https://www.frontrange.edu,frontrange
0743555443980238848,2025-08-13T19:43:52.4377060+00:00,126100,Yosemite Community College District Office,https://www.yosemite.edu,yosemite
0743555444223508480,2025-08-13T19:43:52.4957523+00:00,127945,Rocky Mountain College of Art and Design,https://www.rmcad.edu,rmcad
0743555444479361024,2025-08-13T19:43:52.5562379+00:00,127714,Nazarene Bible College,https://www.nbc.edu,nbc
0743555444743602176,2025-08-13T19:43:52.6198502+00:00,128258,Trinidad State College,https://www.trinidadstate.edu,trinidadstate
0743555445012037632,2025-08-13T19:43:52.6834690+00:00,126827,Colorado Technical University-Colorado Springs,https://www.coloradotech.edu/Colorado-Springs,coloradotech
0743555445276278784,2025-08-13T19:43:52.7466872+00:00,128780,Charter Oak State College,https://www.charteroak.edu,charteroak
0743555445532131328,2025-08-13T19:43:52.8071359+00:00,127909,Red Rocks Community College,https://www.rrcc.edu,rrcc
0743555445817344000,2025-08-13T19:43:52.8754501+00:00,129428,Rensselaer at Hartford,https://ewp.rpi.edu/index.html,rpi-hartford
0743555446064807936,2025-08-13T19:43:52.9343649+00:00,129491,Hartford International University for Religion and Peace,https://www.hartfordinternational.edu,hartfordinternational
0743555446324854784,2025-08-13T19:43:52.9965937+00:00,131113,Wilmington University,https://www.wilmu.edu,wilmu
0743555446580707328,2025-08-13T19:43:53.0572949+00:00,131399,University of the District of Columbia,https://www.udc.edu,udc
0743555446844948480,2025-08-13T19:43:53.1208577+00:00,129154,Goodwin University,https://www.goodwin.edu,goodwin
0743555447104995328,2025-08-13T19:43:53.1820498+00:00,130183,Post University,https://www.post.edu,post
0743555447369236480,2025-08-13T19:43:53.2450968+00:00,131405,Pontifical Faculty of the Immaculate Conception at the Dominican House of Studies,https://www.dhs.edu,dhs
0743555447625089024,2025-08-13T19:43:53.3064908+00:00,127820,Pikes Peak State College,https://www.pikespeak.edu,pikespeak
0743555447880941568,2025-08-13T19:43:53.3679848+00:00,130882,Delaware Technical Community College-Central Office,https://www.dtcc.edu,dtcc
0743555448149377024,2025-08-13T19:43:53.4313741+00:00,132851,College of Central Florida,https://www.cf.edu,cf
0743555448413618176,2025-08-13T19:43:53.4948998+00:00,126711,Colorado Mountain College,https://coloradomtn.edu,coloradomtn
0743555448673665024,2025-08-13T19:43:53.5568689+00:00,128300,University of Colorado System Office,https://www.cu.edu,cu
0743555448942100480,2025-08-13T19:43:53.6208757+00:00,133021,Chipola College,https://www.chipola.edu,chipola
0743555449206341632,2025-08-13T19:43:53.6836406+00:00,131803,Strayer University-District of Columbia,https://www.strayer.edu/campus-locations/district-columbia/washington,strayer
0743555449478971392,2025-08-13T19:43:53.7489096+00:00,133465,South University-West Palm Beach,"https://www.southuniversity.edu/west-palm-beach#location=West Palm Beach, FL",southuniversity-royal-palm-beach
0743555449734823936,2025-08-13T19:43:53.8092215+00:00,133702,Florida State College at Jacksonville,https://www.fscj.edu,fscj
0743555450007453696,2025-08-13T19:43:53.8744339+00:00,130907,Delaware Technical Community College-Terry,https://www.dtcc.edu,dtcc-dover
0743555450275889152,2025-08-13T19:43:53.9381363+00:00,129534,Holy Apostles College and Seminary,https://www.holyapostles.edu,holyapostles
0743555450540130304,2025-08-13T19:43:54.0016271+00:00,133960,The College of the Florida Keys,https://www.cfk.edu,cfk
0743555450804371456,2025-08-13T19:43:54.0644934+00:00,132709,Broward College,https://www.broward.edu,broward
0743555451068612608,2025-08-13T19:43:54.1275300+00:00,133508,Florida SouthWestern State College,https://www.fsw.edu,fsw
0743555451316076544,2025-08-13T19:43:54.1865071+00:00,134495,Hillsborough Community College,https://www.hccfl.edu,hccfl
0743555451580317696,2025-08-13T19:43:54.2494834+00:00,134510,Hobe Sound Bible College,https://hsbc.edu,hsbc
0743555451840364544,2025-08-13T19:43:54.3113431+00:00,134237,Full Sail University,https://www.fullsail.edu,fullsail
0743555452100411392,2025-08-13T19:43:54.3739519+00:00,135610,Trinity International University-Florida,https://tiu.edu/florida,tiu-miami
0743555452360458240,2025-08-13T19:43:54.4350679+00:00,134343,Gulf Coast State College,https://gulfcoast.edu,gulfcoast
0743555452612116480,2025-08-13T19:43:54.4958154+00:00,135717,Miami Dade College,https://www.mdc.edu,mdc
0743555452884746240,2025-08-13T19:43:54.5609008+00:00,127884,Pueblo Community College,https://www.pueblocc.edu,pueblocc
0743555453144793088,2025-08-13T19:43:54.6220309+00:00,131973,Wesley Theological Seminary,https://www.wesleyseminary.edu,wesleyseminary
0743555453404839936,2025-08-13T19:43:54.6846399+00:00,135391,State College of Florida-Manatee-Sarasota,https://www.scf.edu,scf
0743555453669081088,2025-08-13T19:43:54.7472180+00:00,136145,North Florida College,https://www.nfc.edu,nfc
0743555453933322240,2025-08-13T19:43:54.8103891+00:00,135188,Lake-Sumter State College,https://www.lssc.edu,lssc
0743555454193369088,2025-08-13T19:43:54.8721198+00:00,132693,Eastern Florida State College,https://www.easternflorida.edu,easternflorida
0743555454453415936,2025-08-13T19:43:54.9344111+00:00,136358,Palm Beach State College,https://www.palmbeachstate.edu,palmbeachstate
0743555454721851392,2025-08-13T19:43:54.9980456+00:00,136233,Northwest Florida State College,https://www.nwfsc.edu,nwfsc
0743555454986092544,2025-08-13T19:43:55.0614653+00:00,133386,Daytona State College,https://www.daytonastate.edu,daytonastate
0743555455241945088,2025-08-13T19:43:55.1228954+00:00,137209,Seminole State College of Florida,https://www.seminolestate.edu,seminolestate
0743555455506186240,2025-08-13T19:43:55.1852729+00:00,136516,Polk State College,https://www.polk.edu,polk
0743555455770427392,2025-08-13T19:43:55.2480676+00:00,137315,South Florida State College,https://www.southflorida.edu,southflorida
0743555456026279936,2025-08-13T19:43:55.3097047+00:00,135160,Florida Gateway College,https://www.fgc.edu,fgc
0743555456290521088,2025-08-13T19:43:55.3721043+00:00,138187,Valencia College,https://valenciacollege.edu,valenciacollege
0743555456554762240,2025-08-13T19:43:55.4356804+00:00,137078,St Petersburg College,https://www.spcollege.edu,spcollege
0743555456823197696,2025-08-13T19:43:55.4993054+00:00,136400,Pasco-Hernando State College,https://www.phsc.edu,phsc
0743555457100021760,2025-08-13T19:43:55.5654148+00:00,138309,Rasmussen University-Florida,https://rasmussen.edu,rasmussen
0743555457351680000,2025-08-13T19:43:55.6255656+00:00,137759,Tallahassee Community College,https://www.tcc.fl.edu,fl
0743555457615921152,2025-08-13T19:43:55.6883059+00:00,139153,Beulah Heights University,https://www.beulah.edu,beulah
0743555457884356608,2025-08-13T19:43:55.7521064+00:00,136701,Saint Vincent de Paul Regional Seminary,https://www.svdp.edu,svdp
0743555458140209152,2025-08-13T19:43:55.8136470+00:00,137096,Santa Fe College,https://www.sfcollege.edu,sfcollege
0743555458400256000,2025-08-13T19:43:55.8758265+00:00,139463,Dalton State College,https://www.daltonstate.edu/index.cms,daltonstate
0743555458664497152,2025-08-13T19:43:55.9382826+00:00,137777,Talmudic College of Florida,https://www.talmudicu.edu,talmudicu
0743555458932932608,2025-08-13T19:43:56.0027960+00:00,138929,Atlanta's John Marshall Law School,https://www.johnmarshall.edu,johnmarshall
0743555459205562368,2025-08-13T19:43:56.0676803+00:00,138716,Albany State University,https://www.asurams.edu,asurams
0743555459465609216,2025-08-13T19:43:56.1291660+00:00,139579,South University-Savannah,"https://www.southuniversity.edu/savannah#location=Savannah, GA",southuniversity-savannah
0743555459725656064,2025-08-13T19:43:56.1911842+00:00,139700,Georgia Highlands College,https://www.highlands.edu,highlands
0743555459985702912,2025-08-13T19:43:56.2536073+00:00,140146,Interdenominational Theological Center,https://www.itc.edu,itc
0743555460237361152,2025-08-13T19:43:56.3137281+00:00,136473,Pensacola State College,https://www.pensacolastate.edu,pensacolastate
0743555460493213696,2025-08-13T19:43:56.3740057+00:00,140960,Savannah State University,https://www.savannahstate.edu,savannahstate
0743555460765843456,2025-08-13T19:43:56.4399495+00:00,141839,University of Hawaii Maui College,https://maui.hawaii.edu,hawaii-kahului
0743555461017501696,2025-08-13T19:43:56.4994309+00:00,134608,Indian River State College,https://www.irsc.edu,irsc
0743555461281742848,2025-08-13T19:43:56.5627463+00:00,140562,Morehouse School of Medicine,https://www.msm.edu,msm
0743555461550178304,2025-08-13T19:43:56.6269152+00:00,141963,University of Hawaii System Office,https://www.hawaii.edu,hawaii-honolulu
0743555461810225152,2025-08-13T19:43:56.6889534+00:00,139348,Columbia Theological Seminary,https://www.ctsnet.edu,ctsnet
0743555462057689088,2025-08-13T19:43:56.7479183+00:00,138901,Atlanta Metropolitan State College,https://www.atlm.edu,atlm
0743555462330318848,2025-08-13T19:43:56.8128027+00:00,142887,American Academy of Art College,https://www.aaart.edu,aaart
0743555462586171392,2025-08-13T19:43:56.8730516+00:00,143659,Catholic Theological Union at Chicago,https://www.ctu.edu,ctu
0743555462858801152,2025-08-13T19:43:56.9385646+00:00,142276,Idaho State University,https://www.isu.edu,isu
0743555463123042304,2025-08-13T19:43:57.0011319+00:00,143297,Blessing Rieman College of Nursing and Health Sciences,https://www.brcn.edu,brcn
0743555463387283456,2025-08-13T19:43:57.0648211+00:00,144014,Chicago Theological Seminary,https://www.ctschicago.edu,ctschicago
0743555463647330304,2025-08-13T19:43:57.1266009+00:00,144883,East-West University,https://www.eastwest.edu,eastwest
0743555463907377152,2025-08-13T19:43:57.1881192+00:00,139621,East Georgia State College,https://www.ega.edu,ega
0743555464171618304,2025-08-13T19:43:57.2518101+00:00,145275,Garrett-Evangelical Theological Seminary,https://www.garrett.edu,garrett
0743555464435859456,2025-08-13T19:43:57.3146008+00:00,144777,DeVry University-Administrative Office,https://www.devry.edu,devry-lisle
0743555464687517696,2025-08-13T19:43:57.3746094+00:00,145886,Institute for Clinical Social Work,https://www.icsw.edu,icsw
0743555464951758848,2025-08-13T19:43:57.4372862+00:00,140571,Morris Brown College,https://www.morrisbrown.edu,morrisbrown
0743555465216000000,2025-08-13T19:43:57.5003542+00:00,145628,Illinois College of Optometry,https://www.ico.edu,ico
0743555465484435456,2025-08-13T19:43:57.5641276+00:00,137281,Saint Johns River State College,https://www.sjrstate.edu,sjrstate
0743555465757065216,2025-08-13T19:43:57.6298051+00:00,146490,Lake Forest Graduate School of Management,https://lfgsm.edu,lfgsm
0743555466017112064,2025-08-13T19:43:57.6917999+00:00,146533,Lakeview College of Nursing,https://lcn.edu,lcn
0743555466293936128,2025-08-13T19:43:57.7576637+00:00,146667,Lincoln Christian University,https://www.lincolnchristian.edu,lincolnchristian
0743555466549788672,2025-08-13T19:43:57.8185675+00:00,146755,Trinity College of Nursing & Health Sciences,https://www.trinitycollegeqc.edu/default.aspx,trinitycollegeqc
0743555466822418432,2025-08-13T19:43:57.8832248+00:00,145558,Rosalind Franklin University of Medicine and Science,https://www.rosalindfranklin.edu,rosalindfranklin
0743555467082465280,2025-08-13T19:43:57.9450482+00:00,143233,Bethany Theological Seminary,https://www.bethanyseminary.edu,bethanyseminary
0743555467342512128,2025-08-13T19:43:58.0074954+00:00,142559,College of Southern Idaho,https://www.csi.edu,csi
0743555467589976064,2025-08-13T19:43:58.0669096+00:00,147590,National University of Health Sciences,https://www.nuhs.edu,nuhs
0743555467862605824,2025-08-13T19:43:58.1314947+00:00,148511,Rush University,https://www.rushu.rush.edu,rush
0743555468101681152,2025-08-13T19:43:58.1882928+00:00,148593,St. John's College-Department of Nursing,https://www.hshs.org/stjohnscollege,hshs
0743555468361728000,2025-08-13T19:43:58.2503997+00:00,148885,University of Saint Mary of the Lake,https://usml.edu,usml
0743555468617580544,2025-08-13T19:43:58.3117458+00:00,148876,St. Augustine College,https://www.staugustine.edu,staugustine
0743555468877627392,2025-08-13T19:43:58.3734628+00:00,148982,Spertus College,https://www.spertus.edu,spertus
0743555469146062848,2025-08-13T19:43:58.4373241+00:00,149240,Southern Illinois University-System Office,https://siusystem.edu,siusystem
0743555469406109696,2025-08-13T19:43:58.4991590+00:00,142832,Adler University,https://www.adler.edu,adler
0743555469670350848,2025-08-13T19:43:58.5629702+00:00,149028,Saint Anthony College of Nursing,https://www.sacn.edu,sacn
0743555469934592000,2025-08-13T19:43:58.6253016+00:00,148575,Saint Francis Medical Center College of Nursing,https://www.sfmccon.edu,sfmccon
0743555470194638848,2025-08-13T19:43:58.6873018+00:00,150288,Concordia Theological Seminary,https://ctsfw.edu,ctsfw
0743555470454685696,2025-08-13T19:43:58.7491929+00:00,149587,University of Illinois System Offices,https://www.uillinois.edu,uillinois
0743555470714732544,2025-08-13T19:43:58.8110292+00:00,143853,Midwestern University-Downers Grove,https://www.midwestern.edu,midwestern
0743555470983168000,2025-08-13T19:43:58.8751531+00:00,151865,Anabaptist Mennonite Biblical Seminary,https://www.ambs.edu,ambs
0743555471247409152,2025-08-13T19:43:58.9387943+00:00,152451,Saint Meinrad School of Theology,https://www.saintmeinrad.edu,saintmeinrad
0743555471507456000,2025-08-13T19:43:59.0002495+00:00,147031,Meadville Theological School of Lombard College,https://www.meadville.edu,meadville
0743555471763308544,2025-08-13T19:43:59.0619126+00:00,147697,Northern Baptist Theological Seminary,https://www.seminary.edu,seminary
0743555472019161088,2025-08-13T19:43:59.1227017+00:00,151962,Mid-America College of Funeral Service,https://www.mid-america.edu,mid-america
0743555472275013632,2025-08-13T19:43:59.1834565+00:00,150172,Calumet College of Saint Joseph,https://www.ccsj.edu,ccsj
0743555472535060480,2025-08-13T19:43:59.2452837+00:00,151810,Martin University,https://www.martin.edu,martin
0743555472799301632,2025-08-13T19:43:59.3087926+00:00,154156,Des Moines University-Osteopathic Medical Center,https://www.dmu.edu,dmu
0743555473050959872,2025-08-13T19:43:59.3689981+00:00,153241,Divine Word College,https://www.dwci.edu,dwci
0743555473323589632,2025-08-13T19:43:59.4331432+00:00,146728,Lutheran School of Theology at Chicago,https://www.lstc.edu,lstc
0743555473579442176,2025-08-13T19:43:59.4942884+00:00,154174,Palmer College of Chiropractic,https://www.palmer.edu,palmer
0743555473843683328,2025-08-13T19:43:59.5572937+00:00,152992,Briar Cliff University,https://www.briarcliff.edu,briarcliff
0743555474103730176,2025-08-13T19:43:59.6190905+00:00,150215,Christian Theological Seminary,https://www.cts.edu,cts
0743555474367971328,2025-08-13T19:43:59.6826555+00:00,146977,McCormick Theological Seminary,https://www.mccormick.edu,mccormick
0743555474636406784,2025-08-13T19:43:59.7469994+00:00,152798,Allen College,https://www.allencollege.edu,allencollege
0743555474904842240,2025-08-13T19:43:59.8103010+00:00,153144,Coe College,https://www.coe.edu,coe
0743555475164889088,2025-08-13T19:43:59.8725412+00:00,152637,Vincennes University,https://www.vinu.edu,vinu
0743555475424935936,2025-08-13T19:43:59.9347660+00:00,155007,Donnelly College,https://www.donnelly.edu,donnelly
0743555475693371392,2025-08-13T19:43:59.9988145+00:00,155308,Kansas Christian College,https://www.kansaschristian.edu,kansaschristian
0743555475957612544,2025-08-13T19:44:00.0616593+00:00,154022,Ashford University,https://www.uagc.edu,uagc
0743555476217659392,2025-08-13T19:44:00.1234702+00:00,153427,Orion Technical College,https://orion.edu/iowa,orion
0743555476481900544,2025-08-13T19:44:00.1864838+00:00,155636,Ottawa University-Kansas City,https://www.ottawa.edu,ottawa-overland-park
0743555476737753088,2025-08-13T19:44:00.2476665+00:00,154536,Wartburg Theological Seminary,https://www.wartburgseminary.edu,wartburgseminary
0743555476997799936,2025-08-13T19:44:00.3093354+00:00,154855,Central Christian College of Kansas,https://www.centralchristian.edu,centralchristian
0743555477249458176,2025-08-13T19:44:00.3692147+00:00,156727,Frontier Nursing University,https://www.frontier.edu,frontier
0743555477505310720,2025-08-13T19:44:00.4307913+00:00,156417,Clear Creek Baptist Bible College,https://ccbbc.edu,ccbbc
0743555477765357568,2025-08-13T19:44:00.4928994+00:00,157216,Lindsey Wilson College,https://www.lindsey.edu,lindsey
0743555478025404416,2025-08-13T19:44:00.5541859+00:00,156222,Asbury Theological Seminary,https://www.asburyseminary.edu,asburyseminary
0743555478281256960,2025-08-13T19:44:00.6151819+00:00,156365,Campbellsville University,https://www.campbellsville.edu,campbellsville
0743555478541303808,2025-08-13T19:44:00.6771021+00:00,157298,Louisville Presbyterian Theological Seminary,https://www.lpts.edu,lpts
0743555478801350656,2025-08-13T19:44:00.7394966+00:00,159373,Louisiana State University Health Sciences Center-New Orleans,https://www.lsuhsc.edu,lsuhsc
0743555479069786112,2025-08-13T19:44:00.8031571+00:00,157535,University of Pikeville,https://www.upike.edu,upike
0743555479338221568,2025-08-13T19:44:00.8671791+00:00,157793,Sullivan University,https://www.sullivan.edu,sullivan
0743555479589879808,2025-08-13T19:44:00.9279892+00:00,160409,Saint Joseph Seminary College,https://www.sjasc.edu,sjasc
0743555479854120960,2025-08-13T19:44:00.9907937+00:00,159948,New Orleans Baptist Theological Seminary,https://www.nobts.edu,nobts
0743555480114167808,2025-08-13T19:44:01.0523676+00:00,157021,American National University-Pikeville,https://www.an.edu/locations,an
0743555480374214656,2025-08-13T19:44:01.1150007+00:00,161280,University of Maine-System Central Office,https://www.maine.edu,maine-orono
0743555480638455808,2025-08-13T19:44:01.1777236+00:00,163259,"University of Maryland, Baltimore",https://www.umaryland.edu,umaryland
0743555480894308352,2025-08-13T19:44:01.2389299+00:00,161217,University of Maine at Augusta,https://www.uma.edu,uma
0743555481158549504,2025-08-13T19:44:01.3019090+00:00,164085,Maryland University of Integrative Health,https://www.muih.edu,muih
0743555481418596352,2025-08-13T19:44:01.3636171+00:00,163204,University of Maryland Global Campus,https://www.umgc.edu,umgc
0743555481678643200,2025-08-13T19:44:01.4251676+00:00,164872,Boston Architectural College,https://www.the-bac.edu,the-bac
0743555481942884352,2025-08-13T19:44:01.4888009+00:00,155177,Hesston College,https://www.hesston.edu,hesston
0743555482202931200,2025-08-13T19:44:01.5506495+00:00,157207,Lexington Theological Seminary,https://www.lextheo.edu,lextheo
0743555482462978048,2025-08-13T19:44:01.6125329+00:00,164915,Boston Graduate School of Psychoanalysis Inc,https://www.bgsp.edu,bgsp
0743555482727219200,2025-08-13T19:44:01.6758671+00:00,160995,Beal University,https://www.beal.edu,beal
0743555482987266048,2025-08-13T19:44:01.7373226+00:00,165884,Benjamin Franklin Cummings Institute of Technology,https://www.bfit.edu,bfit
0743555483243118592,2025-08-13T19:44:01.7988317+00:00,166708,University of Massachusetts Chan Medical School,https://www.umassmed.edu,umassmed
0743555483507359744,2025-08-13T19:44:01.8615954+00:00,165495,Conway School of Landscape Design,https://www.csld.edu,csld
0743555483767406592,2025-08-13T19:44:01.9238569+00:00,165167,Cambridge College,https://www.cambridgecollege.edu,cambridgecollege
0743555484027453440,2025-08-13T19:44:01.9854095+00:00,156082,Washburn University,https://www.washburn.edu,washburn
0743555484295888896,2025-08-13T19:44:02.0493367+00:00,156471,Galen College of Nursing-Louisville,https://www.galencollege.edu/louisville,galencollege
0743555484560130048,2025-08-13T19:44:02.1123566+00:00,166911,Montserrat College of Art,https://www.montserrat.edu,montserrat
0743555484820176896,2025-08-13T19:44:02.1749402+00:00,166717,William James College,https://www.williamjames.edu,williamjames
0743555485092806656,2025-08-13T19:44:02.2391384+00:00,167093,New England College of Optometry,https://www.neco.edu,neco
0743555485352853504,2025-08-13T19:44:02.3015520+00:00,164146,University System of Maryland,https://www.usmd.edu,usmd
0743555485608706048,2025-08-13T19:44:02.3624596+00:00,166045,Hebrew College,https://www.hebrewcollege.edu,hebrewcollege
0743555485864558592,2025-08-13T19:44:02.4234416+00:00,165945,Gordon-Conwell Theological Seminary,https://www.gordonconwell.edu,gordonconwell
0743555486132994048,2025-08-13T19:44:02.4875272+00:00,169424,Cranbrook Academy of Art,https://cranbrookart.edu,cranbrookart
0743555486380457984,2025-08-13T19:44:02.5465671+00:00,169220,Michigan School of Psychology,https://msp.edu,msp
0743555486640504832,2025-08-13T19:44:02.6088244+00:00,167525,Quincy College,https://www.quincycollege.edu,quincycollege
0743555486900551680,2025-08-13T19:44:02.6707419+00:00,169099,Calvin Theological Seminary,https://www.calvinseminary.edu,calvinseminary
0743555487168987136,2025-08-13T19:44:02.7347190+00:00,167677,Saint John's Seminary,https://www.sjs.edu,sjs
0743555487424839680,2025-08-13T19:44:02.7955619+00:00,168607,Alpena Community College,https://www.alpenacc.edu,alpenacc
0743555487684886528,2025-08-13T19:44:02.8576892+00:00,170444,Jackson College,https://www.jccmi.edu,jccmi
0743555487953321984,2025-08-13T19:44:02.9212652+00:00,172477,Thomas M Cooley Law School,https://cooley.edu,cooley
0743555488221757440,2025-08-13T19:44:02.9850072+00:00,166869,MGH Institute of Health Professions,https://www.mghihp.edu,mghihp
0743555488477609984,2025-08-13T19:44:03.0464586+00:00,172608,Walsh College,https://walshcollege.edu,walshcollege
0743555488741851136,2025-08-13T19:44:03.1097603+00:00,170240,Henry Ford College,https://www.hfcc.edu,hfcc
0743555488993509376,2025-08-13T19:44:03.1695671+00:00,172705,Western Theological Seminary,https://www.westernsem.edu,westernsem
0743555489257750528,2025-08-13T19:44:03.2329538+00:00,172866,Academy College,https://www.academycollege.edu,academycollege
0743555489526185984,2025-08-13T19:44:03.2963923+00:00,171483,Northwestern Michigan College,https://www.nmc.edu,nmc
0743555489786232832,2025-08-13T19:44:03.3584274+00:00,173896,Luther Seminary,https://www.luthersem.edu,luthersem
0743555490046279680,2025-08-13T19:44:03.4209429+00:00,167215,New England Law-Boston,https://www.nesl.edu,nesl
0743555490314715136,2025-08-13T19:44:03.4846524+00:00,173683,Hazelden Betty Ford Graduate School,https://www.hazeldenbettyford.org/education/graduate-school-addiction-studies,hazeldenbettyford
0743555490570567680,2025-08-13T19:44:03.5456446+00:00,172200,Schoolcraft Community College District,https://www.schoolcraft.edu,schoolcraft
0743555490830614528,2025-08-13T19:44:03.6077143+00:00,170091,Great Lakes Christian College,https://www.glcc.edu,glcc
0743555491094855680,2025-08-13T19:44:03.6702211+00:00,160533,Southern University-Board and System,https://www.sus.edu,sus
0743555491359096832,2025-08-13T19:44:03.7336314+00:00,174507,Northwestern Health Sciences University,https://www.nwhealth.edu,nwhealth
0743555491610755072,2025-08-13T19:44:03.7936686+00:00,175281,Mitchell Hamline School of Law,https://www.mitchellhamline.edu,mitchellhamline
0743555491879190528,2025-08-13T19:44:03.8572186+00:00,166665,University of Massachusetts-Central Office,https://www.massachusetts.edu,massachusetts
0743555492143431680,2025-08-13T19:44:03.9200817+00:00,174525,Oak Hills Christian College,https://www.oakhills.edu,oakhills
0743555492416061440,2025-08-13T19:44:03.9856807+00:00,175014,Rasmussen University-Minnesota,https://rasmussen.edu,rasmussen-st-cloud
0743555492659331072,2025-08-13T19:44:04.0434489+00:00,176910,Central Christian College of the Bible,https://www.cccb.edu,cccb
0743555492936155136,2025-08-13T19:44:04.1094866+00:00,177092,Concordia Seminary,https://www.csl.edu,csl
0743555493183619072,2025-08-13T19:44:04.1685091+00:00,176336,Southeastern Baptist College,https://www.southeasternbaptist.edu,southeasternbaptist
0743555493447860224,2025-08-13T19:44:04.2310146+00:00,177126,Covenant Theological Seminary,https://www.covenantseminary.edu,covenantseminary
0743555493703712768,2025-08-13T19:44:04.2922913+00:00,175139,United Theological Seminary of the Twin Cities,https://www.unitedseminary.edu,unitedseminary
0743555493963759616,2025-08-13T19:44:04.3544026+00:00,177278,Eden Theological Seminary,https://www.eden.edu,eden
0743555494223806464,2025-08-13T19:44:04.4164201+00:00,177551,Harris-Stowe State University,https://www.hssu.edu,hssu
0743555494500630528,2025-08-13T19:44:04.4822427+00:00,177472,Ozarks Technical Community College,https://www.otc.edu,otc
0743555494769065984,2025-08-13T19:44:04.5465453+00:00,177834,A T Still University of Health Sciences,https://www.atsu.edu,atsu
0743555495012335616,2025-08-13T19:44:04.6048506+00:00,177065,Columbia College,https://www.ccis.edu,ccis
0743555495280771072,2025-08-13T19:44:04.6686872+00:00,175999,Board of Trustees-Mississippi State Institutions of Higher Learning,https://www.mississippi.edu,mississippi
0743555495545012224,2025-08-13T19:44:04.7313969+00:00,178721,Park University,https://www.park.edu,park
0743555495796670464,2025-08-13T19:44:04.7913189+00:00,178891,Ranken Technical College,https://www.ranken.edu,ranken
0743555496065105920,2025-08-13T19:44:04.8553587+00:00,178439,University of Missouri-System Office,https://www.umsystem.edu,umsystem
0743555496316764160,2025-08-13T19:44:04.9150731+00:00,176600,Aquinas Institute of Theology,https://www.ai.edu,ai
0743555496576811008,2025-08-13T19:44:04.9778456+00:00,177719,Barnes-Jewish College Goldfarb School of Nursing,https://www.barnesjewishcollege.edu,barnesjewishcollege
0743555496832663552,2025-08-13T19:44:05.0389297+00:00,167464,Pope St John XXIII National Seminary,https://www.psjs.edu,psjs
0743555497101099008,2025-08-13T19:44:05.1022877+00:00,179308,Saint Louis Community College,https://www.stlcc.edu,stlcc
0743555497361145856,2025-08-13T19:44:05.1648470+00:00,177940,Lincoln University,https://www.lincolnu.edu,lincolnu
0743555497616998400,2025-08-13T19:44:05.2258165+00:00,178387,Missouri Western State University,https://www.missouriwestern.edu,missouriwestern
0743555497885433856,2025-08-13T19:44:05.2896502+00:00,178989,Research College of Nursing,https://researchcollege.edu,researchcollege
0743555498145480704,2025-08-13T19:44:05.3519576+00:00,180179,Montana State University Billings,https://www.msubillings.edu,msubillings
0743555498422304768,2025-08-13T19:44:05.4179898+00:00,180203,Aaniiih Nakoda College,https://www.ancollege.edu,ancollege
0743555498678157312,2025-08-13T19:44:05.4787853+00:00,180054,Blackfeet Community College,https://bfcc.edu,bfcc
0743555498946592768,2025-08-13T19:44:05.5428030+00:00,176664,Mission University,https://www.mission.edu,mission
0743555499198251008,2025-08-13T19:44:05.6021197+00:00,180814,Bellevue University,https://www.bellevue.edu,bellevue
0743555499458297856,2025-08-13T19:44:05.6646862+00:00,178518,Nazarene Theological Seminary,https://www.nts.edu,nts
0743555499714150400,2025-08-13T19:44:05.7259325+00:00,181428,University of Nebraska Medical Center,https://www.unmc.edu,unmc
0743555499978391552,2025-08-13T19:44:05.7889096+00:00,179317,Saint Paul School of Theology,https://www.spst.edu,spst
0743555500242632704,2025-08-13T19:44:05.8510575+00:00,181534,Peru State College,https://www.peru.edu,peru
0743555500502679552,2025-08-13T19:44:05.9137946+00:00,177816,Kenrick Glennon Seminary,https://www.kenrick.edu,kenrick
0743555500771115008,2025-08-13T19:44:05.9775550+00:00,181747,University of Nebraska-Central Administration System Office,https://www.nebraska.edu,nebraska
0743555501026967552,2025-08-13T19:44:06.0385409+00:00,182148,Las Vegas College,https://lvcollege.edu,lvcollege
0743555501295403008,2025-08-13T19:44:06.1020397+00:00,180647,Salish Kootenai College,https://www.skc.edu,skc
0743555501559644160,2025-08-13T19:44:06.1659509+00:00,182005,College of Southern Nevada,https://www.csn.edu,csn
0743555501828079616,2025-08-13T19:44:06.2292954+00:00,181419,Nebraska Indian Community College,https://www.thenicc.edu,thenicc
0743555502083932160,2025-08-13T19:44:06.2906672+00:00,181783,Wayne State College,https://www.wsc.edu,wsc
0743555502339784704,2025-08-13T19:44:06.3510630+00:00,181145,CHI Health School of Radiologic Technology,https://www.chihealth.com/school-of-radiologic-technology,chihealth
0743555502591442944,2025-08-13T19:44:06.4112120+00:00,182519,Nevada System of Higher Education-System Office,https://nshe.nevada.edu,nevada
0743555503107342336,2025-08-13T19:44:06.5344065+00:00,182564,Western Nevada College,https://www.wnc.edu,wnc
0743555503359000576,2025-08-13T19:44:06.5944561+00:00,183327,University System of New Hampshire System Office,https://www.usnh.edu,usnh
0743555503631630336,2025-08-13T19:44:06.6595336+00:00,182829,University of New Hampshire-Franklin Pierce School of Law,https://law.unh.edu,unh-concord
0743555503904260096,2025-08-13T19:44:06.7243561+00:00,180948,Chadron State College,https://www.csc.edu,csc
0743555504147529728,2025-08-13T19:44:06.7829037+00:00,183804,Beth Medrash Govoha,https://yeshivanotices.org,yeshivanotices
0743555504403382272,2025-08-13T19:44:06.8439704+00:00,183275,Thomas More College of Liberal Arts,https://www.thomasmorecollege.edu,thomasmorecollege
0743555504663429120,2025-08-13T19:44:06.9053146+00:00,185758,New Brunswick Theological Seminary,https://www.nbts.edu,nbts
0743555504923475968,2025-08-13T19:44:06.9675631+00:00,182500,Truckee Meadows Community College,https://www.tmcc.edu,tmcc
0743555505183522816,2025-08-13T19:44:07.0291937+00:00,187046,Thomas Edison State University,https://www.tesu.edu,tesu
0743555505443569664,2025-08-13T19:44:07.0916567+00:00,186122,Princeton Theological Seminary,https://www.ptsem.edu,ptsem
0743555505649090560,2025-08-13T19:44:07.1403046+00:00,183257,University of New Hampshire College of Professional Studies Online,https://cps.unh.edu/online,unh-cps-online
0743555505699422208,2025-08-13T19:44:07.1528815+00:00,183488,Eastwick College-Hackensack,https://www.eastwickcollege.edu,eastwickcollege
0743555505967857664,2025-08-13T19:44:07.2165531+00:00,187596,Navajo Technical University,https://www.navajotech.edu,navajotech
0743555506232098816,2025-08-13T19:44:07.2797946+00:00,183789,Berkeley College-Woodland Park,https://berkeleycollege.edu,berkeleycollege
0743555506500534272,2025-08-13T19:44:07.3431892+00:00,187897,New Mexico Highlands University,https://www.nmhu.edu,nmhu
0743555506768969728,2025-08-13T19:44:07.4079218+00:00,188517,Bryant & Stratton College-Albany,https://www.bryantstratton.edu,bryantstratton
0743555507024822272,2025-08-13T19:44:07.4689972+00:00,188304,Western New Mexico University,https://www.wnmu.edu,wnmu
0743555507284869120,2025-08-13T19:44:07.5303159+00:00,182306,Great Basin College,https://www.gbcnv.edu,gbcnv
0743555507540721664,2025-08-13T19:44:07.5917201+00:00,188535,Albany Law School,https://www.albanylaw.edu,albanylaw
0743555507800768512,2025-08-13T19:44:07.6537223+00:00,180522,Montana State University-Northern,https://www.msun.edu,msun
0743555508065009664,2025-08-13T19:44:07.7167249+00:00,188340,Vaughn College of Aeronautics and Technology,https://www.vaughn.edu,vaughn
0743555508329250816,2025-08-13T19:44:07.7793043+00:00,188182,University of the Southwest,https://www.usw.edu,usw
0743555508597686272,2025-08-13T19:44:07.8433048+00:00,189228,Berkeley College-New York,https://berkeleycollege.edu,berkeleycollege-new-york
0743555508853538816,2025-08-13T19:44:07.9047202+00:00,189282,Mount Sinai Phillips School of Nursing,https://www.pson.edu,pson
0743555509126168576,2025-08-13T19:44:07.9695932+00:00,184959,Eastwick College-Ramsey,https://www.eastwickcollege.edu,eastwickcollege-ramsey
0743555509382021120,2025-08-13T19:44:08.0304134+00:00,188580,Albany Medical College,https://www.amc.edu,amc
0743555509637873664,2025-08-13T19:44:08.0917565+00:00,189501,Brooklyn Law School,https://www.brooklaw.edu,brooklaw
0743555509897920512,2025-08-13T19:44:08.1535606+00:00,189583,Bryant & Stratton College-Buffalo,https://www.bryantstratton.edu,bryantstratton-buffalo
0743555510149578752,2025-08-13T19:44:08.2136989+00:00,179812,Kansas City University,https://www.kansascity.edu,kansascity
0743555510678061056,2025-08-13T19:44:08.3395376+00:00,190080,Colgate Rochester Crozer Divinity School,https://www.crcds.edu,crcds
0743555510950690816,2025-08-13T19:44:08.4045268+00:00,189592,Bryant & Stratton College-Greece,https://www.bryantstratton.edu,bryantstratton-rochester
0743555511210737664,2025-08-13T19:44:08.4668549+00:00,189565,Bryant & Stratton College-Syracuse North,https://www.bryantstratton.edu,bryantstratton-liverpool
0743555511458201600,2025-08-13T19:44:08.5255907+00:00,192165,Kehilath Yakov Rabbinical Seminary,https://kehilathyakov.com,kehilathyakov
0743555511726637056,2025-08-13T19:44:08.5892670+00:00,193405,Icahn School of Medicine at Mount Sinai,https://icahn.mssm.edu,mssm
0743555511978295296,2025-08-13T19:44:08.6490606+00:00,193821,New York Law School,https://www.nyls.edu,nyls
0743555512234147840,2025-08-13T19:44:08.7104319+00:00,189413,Boricua College,https://www.boricuacollege.edu,boricuacollege
0743555512502583296,2025-08-13T19:44:08.7747798+00:00,190682,CUNY School of Law,https://www.law.cuny.edu,cuny-long-island-city
0743555512754241536,2025-08-13T19:44:08.8344308+00:00,189015,Bank Street College of Education,https://www.bankstreet.edu,bankstreet
0743555513039454208,2025-08-13T19:44:08.9024002+00:00,190424,Weill Medical College of Cornell University,https://weill.cornell.edu,cornell-new-york
0743555513282723840,2025-08-13T19:44:08.9600078+00:00,194666,Rabbinical College Bobover Yeshiva Bnei Zion,https://rabbinicalcollegeboboveryeshiva.edu,rabbinicalcollegeboboveryeshiva
0743555513496633344,2025-08-13T19:44:09.0118905+00:00,190035,CUNY System Office,https://www2.cuny.edu,cuny-nyc-office
0743555513538576384,2025-08-13T19:44:09.0218458+00:00,193751,Northeast College of Health Sciences,https://www.northeastcollege.edu,northeastcollege
0743555513794428928,2025-08-13T19:44:09.0827320+00:00,194073,New York College of Podiatric Medicine,https://www.nycpm.edu,nycpm
0743555514054475776,2025-08-13T19:44:09.1447166+00:00,196228,SUNY College of Optometry,https://www.sunyopt.edu,sunyopt
0743555514318716928,2025-08-13T19:44:09.2071118+00:00,195155,St Bernard's School of Theology and Ministry,https://www.stbernards.edu,stbernards
0743555514582958080,2025-08-13T19:44:09.2704495+00:00,188207,Southwestern College,https://www.swc.edu,swc
0743555514851393536,2025-08-13T19:44:09.3340888+00:00,195580,Saint Vladimirs Orthodox Theological Seminary,https://www.svots.edu,svots
0743555515119828992,2025-08-13T19:44:09.3985242+00:00,196255,SUNY Downstate Health Sciences University,https://www.downstate.edu,downstate
0743555515384070144,2025-08-13T19:44:09.4612356+00:00,195049,The Rockefeller University,https://www.rockefeller.edu,rockefeller
0743555515644116992,2025-08-13T19:44:09.5238100+00:00,193830,New York Medical College,https://www.nymc.edu,nymc
0743555515912552448,2025-08-13T19:44:09.5877573+00:00,196468,Teachers College at Columbia University,https://www.tc.columbia.edu,columbia-new-york
0743555516164210688,2025-08-13T19:44:09.6473813+00:00,196264,Empire State University,https://www.sunyempire.edu,sunyempire
0743555516428451840,2025-08-13T19:44:09.7102441+00:00,196884,Union Theological Seminary in the City of New York,https://utsnyc.edu,utsnyc
0743555516701081600,2025-08-13T19:44:09.7750805+00:00,197018,United Talmudical Seminary,https://utsny.edu,utsny
0743555516948545536,2025-08-13T19:44:09.8346423+00:00,188058,Northern New Mexico College,https://nnmc.edu,nnmc
0743555517212786688,2025-08-13T19:44:09.8973470+00:00,196307,Upstate Medical University,https://www.upstate.edu,upstate
0743555517485416448,2025-08-13T19:44:09.9622784+00:00,198677,Heritage Bible College,https://www.heritagebiblecollege.edu,heritagebiblecollege
0743555517737074688,2025-08-13T19:44:10.0229824+00:00,190558,College of Staten Island CUNY,https://www.csi.cuny.edu,cuny-staten-island
0743555517992927232,2025-08-13T19:44:10.0832329+00:00,196680,Excelsior University,https://www.excelsior.edu,excelsior
0743555518252974080,2025-08-13T19:44:10.1456625+00:00,197674,Yeshiva of Nitra Rabbinical College,https://yeshivaofnitra.org,yeshivaofnitra
0743555518517215232,2025-08-13T19:44:10.2089299+00:00,197601,Yeshiva Karlin Stolin,https://yeshivakarlinstolin.org,yeshivakarlinstolin
0743555518777262080,2025-08-13T19:44:10.2700690+00:00,200086,Nueta Hidatsa Sahnish College,https://www.nhsc.edu,nhsc
0743555519041503232,2025-08-13T19:44:10.3336587+00:00,199883,Watts College of Nursing,https://wattscollegeofnursing.edu,wattscollegeofnursing
0743555519293161472,2025-08-13T19:44:10.3930772+00:00,200466,Sitting Bull College,https://www.sittingbull.edu,sittingbull
0743555519557402624,2025-08-13T19:44:10.4568602+00:00,200527,Turtle Mountain Community College,https://www.tm.edu,tm
0743555519817449472,2025-08-13T19:44:10.5189481+00:00,200554,United Tribes Technical College,https://uttc.edu,uttc
0743555520081690624,2025-08-13T19:44:10.5810753+00:00,200022,Bismarck State College,https://bismarckstate.edu,bismarckstate
0743555520333348864,2025-08-13T19:44:10.6418578+00:00,195827,SUNY-System Office,https://www.suny.edu,suny
0743555520601784320,2025-08-13T19:44:10.7051220+00:00,199175,University of North Carolina System,https://www.northcarolina.edu,northcarolina
0743555520874414080,2025-08-13T19:44:10.7701321+00:00,201432,Bowling Green State University-Firelands,https://www.firelands.bgsu.edu,bgsu-huron
0743555521142849536,2025-08-13T19:44:10.8344309+00:00,201469,Bryant & Stratton College-Parma,https://www.bryantstratton.edu,bryantstratton-parma
0743555521394507776,2025-08-13T19:44:10.8942867+00:00,198978,Miller-Motte College-Wilmington,https://www.miller-motte.edu,miller-motte
0743555521658748928,2025-08-13T19:44:10.9575245+00:00,200697,Air Force Institute of Technology-Graduate School of Engineering & Management,https://www.afit.edu,afit
0743555521931378688,2025-08-13T19:44:11.0220620+00:00,201928,Cincinnati State Technical and Community College,https://www.cincinnatistate.edu,cincinnatistate
0743555522195619840,2025-08-13T19:44:11.0852211+00:00,201672,Central Ohio Technical College,https://www.cotc.edu,cotc
0743555522447278080,2025-08-13T19:44:11.1456254+00:00,201946,University of Cincinnati-Clermont College,https://www.ucclermont.edu,ucclermont
0743555522703130624,2025-08-13T19:44:11.2061848+00:00,201964,Ohio Christian University,https://www.ohiochristian.edu,ohiochristian
0743555522958983168,2025-08-13T19:44:11.2670960+00:00,201973,Clark State College,https://www.clarkstate.edu,clarkstate
0743555523223224320,2025-08-13T19:44:11.3304267+00:00,193894,New York Theological Seminary,https://www.nyts.edu,nyts
0743555523483271168,2025-08-13T19:44:11.3922762+00:00,203067,Hebrew Union College-Jewish Institute of Religion,https://www.huc.edu,huc
0743555523755900928,2025-08-13T19:44:11.4573990+00:00,203456,Kent State University at East Liverpool,https://www.kent.edu/columbiana,kent-east-liverpool
0743555524020142080,2025-08-13T19:44:11.5205111+00:00,202806,Franklin University,https://www.franklin.edu,franklin
0743555524271800320,2025-08-13T19:44:11.5803593+00:00,200873,Allegheny Wesleyan College,https://awc.edu,awc
0743555524531847168,2025-08-13T19:44:11.6429434+00:00,203483,Kent State University at Tuscarawas,https://www.kent.edu/tusc,kent-new-philadelphia
0743555524787699712,2025-08-13T19:44:11.7033459+00:00,203465,Kent State University at Stark,https://www.kent.edu/stark,kent-north-canton
0743555525039357952,2025-08-13T19:44:11.7637784+00:00,201867,Cincinnati College of Mortuary Science,https://www.ccms.edu,ccms
0743555525299404800,2025-08-13T19:44:11.8257513+00:00,199971,Carolina Christian College,https://www.carolina.edu,carolina
0743555525563645952,2025-08-13T19:44:11.8883738+00:00,202435,Davis College,https://www.daviscollege.edu,daviscollege
0743555525823692800,2025-08-13T19:44:11.9504738+00:00,203447,Kent State University at Ashtabula,https://www.kent.edu/ashtabula,kent-ashtabula
0743555526083739648,2025-08-13T19:44:12.0123124+00:00,203474,Kent State University at Trumbull,https://www.kent.edu/trumbull,kent-warren
0743555526343786496,2025-08-13T19:44:12.0743523+00:00,203678,James A. Rhodes State College,https://www.rhodesstate.edu,rhodesstate
0743555526599639040,2025-08-13T19:44:12.1352143+00:00,203881,Marion Technical College,https://www.mtc.edu,mtc
0743555526863880192,2025-08-13T19:44:12.1984836+00:00,204015,Miami University-Middletown,https://miamioh.edu/regionals,miamioh-middletown
0743555527128121344,2025-08-13T19:44:12.2617423+00:00,204006,Miami University-Hamilton,https://miamioh.edu/regionals,miamioh-hamilton
0743555527388168192,2025-08-13T19:44:12.3239119+00:00,203997,Methodist Theological School in Ohio,https://www.mtso.edu,mtso
0743555527644020736,2025-08-13T19:44:12.3840748+00:00,203492,Kent State University at Salem,https://www.kent.edu/columbiana,kent-salem
0743555527912456192,2025-08-13T19:44:12.4481879+00:00,200013,Rasmussen University-North Dakota,https://rasmussen.edu,rasmussen-fargo
0743555528172503040,2025-08-13T19:44:12.5107355+00:00,204255,Zane State College,https://www.zanestate.edu,zanestate
0743555528436744192,2025-08-13T19:44:12.5734305+00:00,201140,Athenaeum of Ohio,https://www.athenaeum.edu,athenaeum
0743555528705179648,2025-08-13T19:44:12.6370193+00:00,204699,Ohio State University-Marion Campus,https://osumarion.osu.edu,osu-marion
0743555528973615104,2025-08-13T19:44:12.7012619+00:00,203526,Kent State University at Geauga,https://www.kent.edu/geauga,kent-burton
0743555529237856256,2025-08-13T19:44:12.7644569+00:00,204802,Ohio University-Eastern Campus,https://www.ohio.edu/eastern,ohio-saint-clairsville
0743555529489514496,2025-08-13T19:44:12.8244924+00:00,201955,University of Cincinnati-Blue Ash College,https://www.ucblueash.edu,ucblueash
0743555529749561344,2025-08-13T19:44:12.8869725+00:00,204671,Ohio State University-Lima Campus,https://lima.osu.edu,osu-lima
0743555530017996800,2025-08-13T19:44:12.9501299+00:00,204848,Ohio University-Lancaster Campus,https://www.ohio.edu/lancaster,ohio-lancaster
0743555530282237952,2025-08-13T19:44:13.0137525+00:00,204680,Ohio State University-Mansfield Campus,https://mansfield.osu.edu,osu-mansfield
0743555530538090496,2025-08-13T19:44:13.0746584+00:00,203748,Lorain County Community College,https://www.lorainccc.edu,lorainccc
0743555530798137344,2025-08-13T19:44:13.1360750+00:00,204705,Ohio State University-Newark Campus,https://newark.osu.edu,osu-newark
0743555531066572800,2025-08-13T19:44:13.2001912+00:00,204422,North Central State College,https://www.ncstatecollege.edu,ncstatecollege
0743555531335008256,2025-08-13T19:44:13.2644555+00:00,204820,Ohio University-Chillicothe Campus,https://www.ohio.edu/chillicothe,ohio-chillicothe
0743555531582472192,2025-08-13T19:44:13.3236674+00:00,205203,University of Rio Grande,https://www.rio.edu,rio
0743555531855101952,2025-08-13T19:44:13.3888832+00:00,204839,Ohio University-Southern Campus,https://www.ohio.edu/southern,ohio-ironton
0743555532119343104,2025-08-13T19:44:13.4515570+00:00,205470,Sinclair Community College,https://www.sinclair.edu,sinclair
0743555532391972864,2025-08-13T19:44:13.5160418+00:00,204866,Ohio University-Zanesville Campus,https://www.ohio.edu/zanesville,ohio-zanesville
0743555532643631104,2025-08-13T19:44:13.5766380+00:00,204486,University of Northwestern Ohio,https://www.unoh.edu,unoh
0743555532912066560,2025-08-13T19:44:13.6409461+00:00,204990,Payne Theological Seminary,https://payneseminary.edu,payneseminary
0743555533180502016,2025-08-13T19:44:13.7040159+00:00,206817,Bacone College,https://www.bacone.edu,bacone
0743555533444743168,2025-08-13T19:44:13.7671955+00:00,205443,Shawnee State University,https://www.shawnee.edu,shawnee
0743555533708984320,2025-08-13T19:44:13.8301045+00:00,204477,Northeast Ohio Medical University,https://www.neomed.edu,neomed
0743555533973225472,2025-08-13T19:44:13.8936888+00:00,206154,Tri-State Bible College,https://tsbc.edu,tsbc
0743555534241660928,2025-08-13T19:44:13.9577684+00:00,207315,Oklahoma State University Center for Health Sciences,https://medicine.okstate.edu,okstate-tulsa
0743555534493319168,2025-08-13T19:44:14.0170172+00:00,206914,Cameron University,https://www.cameron.edu,cameron
0743555534753366016,2025-08-13T19:44:14.0796879+00:00,207351,Oklahoma Panhandle State University,https://www.opsu.edu,opsu
0743555535017607168,2025-08-13T19:44:14.1420134+00:00,206279,Union Institute & University,https://www.myunion.edu,myunion
0743555535277654016,2025-08-13T19:44:14.2045893+00:00,207254,Spartan College of Aeronautics and Technology,https://www.spartan.edu,spartan
0743555535541895168,2025-08-13T19:44:14.2675045+00:00,206516,Winebrenner Theological Seminary,https://winebrenner.edu,winebrenner
0743555535797747712,2025-08-13T19:44:14.3290005+00:00,207564,Oklahoma State University Institute of Technology,https://osuit.edu,osuit
0743555536057794560,2025-08-13T19:44:14.3904348+00:00,207661,Rogers State University,https://www.rsu.edu,rsu
0743555536309452800,2025-08-13T19:44:14.4503407+00:00,209250,Mt Hood Community College,https://www.mhcc.edu,mhcc
0743555536569499648,2025-08-13T19:44:14.5124946+00:00,206288,United Theological Seminary,https://www.united.edu,united
0743555536829546496,2025-08-13T19:44:14.5746651+00:00,207397,Oklahoma State University-Oklahoma City,https://www.osuokc.edu,osuokc
0743555537089593344,2025-08-13T19:44:14.6363331+00:00,206862,Southern Nazarene University,https://www.snu.edu,snu
0743555537353834496,2025-08-13T19:44:14.6993209+00:00,208390,Chemeketa Community College,https://www.chemeketa.edu,chemeketa
0743555537605492736,2025-08-13T19:44:14.7591389+00:00,210368,Western Seminary,https://www.westernseminary.edu,westernseminary
0743555537865539584,2025-08-13T19:44:14.8215225+00:00,209490,Oregon Health & Science University,https://www.ohsu.edu,ohsu
0743555538121392128,2025-08-13T19:44:14.8826064+00:00,210438,University of Western States,https://www.uws.edu,uws
0743555538389827584,2025-08-13T19:44:14.9468964+00:00,210508,Academy of Vocal Arts,https://www.avaopera.org,avaopera
0743555538649874432,2025-08-13T19:44:15.0082421+00:00,207856,Southwestern Christian University,https://www.swcu.edu,swcu
0743555538914115584,2025-08-13T19:44:15.0712924+00:00,206446,Washington State Community College,https://www.wscc.edu,wscc
0743555539178356736,2025-08-13T19:44:15.1340582+00:00,213376,Lackawanna College,https://www.lackawanna.edu,lackawanna
0743555539442597888,2025-08-13T19:44:15.1976562+00:00,214564,Salus University,https://www.salus.edu,salus
0743555539711033344,2025-08-13T19:44:15.2615157+00:00,211608,Cheyney University of Pennsylvania,https://www.cheyney.edu,cheyney
0743555539975274496,2025-08-13T19:44:15.3249140+00:00,214582,Pennsylvania Institute of Technology,https://www.pit.edu,pit
0743555540235321344,2025-08-13T19:44:15.3866992+00:00,207342,University of Oklahoma-Health Sciences Center,https://ouhsc.edu,ouhsc
0743555540495368192,2025-08-13T19:44:15.4489077+00:00,207209,Langston University,https://www.langston.edu,langston
0743555540759609344,2025-08-13T19:44:15.5119539+00:00,213631,United Lutheran Seminary,https://www.unitedlutheranseminary.edu,unitedlutheranseminary
0743555541044822016,2025-08-13T19:44:15.5794602+00:00,211130,Missio Theological Seminary,https://www.missio.edu,missio
0743555541288091648,2025-08-13T19:44:15.6378295+00:00,213446,Lancaster Theological Seminary,https://www.lancasterseminary.edu,lancasterseminary
0743555541548138496,2025-08-13T19:44:15.6993944+00:00,210809,American College of Financial Services,https://www.theamericancollege.edu,theamericancollege
0743555541803991040,2025-08-13T19:44:15.7605564+00:00,212771,Gratz College,https://www.gratz.edu,gratz
0743555542068232192,2025-08-13T19:44:15.8230723+00:00,215415,Pittsburgh Technical College,https://www.ptcollege.edu,ptcollege
0743555542319890432,2025-08-13T19:44:15.8835036+00:00,215813,Saint Vincent Seminary,https://www.saintvincentseminary.edu,saintvincentseminary
0743555542588325888,2025-08-13T19:44:15.9476963+00:00,214607,Pennsylvania State University-Penn State Great Valley,https://greatvalley.psu.edu,psu-malvern
0743555542856761344,2025-08-13T19:44:16.0111079+00:00,209296,National University of Natural Medicine,https://www.nunm.edu,nunm
0743555543116808192,2025-08-13T19:44:16.0739904+00:00,215424,Pittsburgh Theological Seminary,https://www.pts.edu,pts
0743555543372660736,2025-08-13T19:44:16.1345526+00:00,216348,Theological Seminary of the Reformed Episcopal Church,https://reseminary.edu,reseminary
0743555543628513280,2025-08-13T19:44:16.1955391+00:00,217749,Bob Jones University,https://www.bju.edu,bju
0743555543892754432,2025-08-13T19:44:16.2582102+00:00,217606,Northpoint Bible College,https://www.northpoint.edu,northpoint
0743555544156995584,2025-08-13T19:44:16.3219584+00:00,217891,Clinton College,https://www.clintoncollege.edu,clintoncollege
0743555544429625344,2025-08-13T19:44:16.3860312+00:00,215123,Philadelphia College of Osteopathic Medicine,https://www.pcom.edu,pcom
0743555544681283584,2025-08-13T19:44:16.4466037+00:00,218335,Medical University of South Carolina,https://web.musc.edu,musc
0743555544932941824,2025-08-13T19:44:16.5069503+00:00,218751,Sherman College of Chiropractic,https://www.sherman.edu,sherman
0743555545188794368,2025-08-13T19:44:16.5676037+00:00,216816,Westminster Theological Seminary,https://www.wts.edu,wts
0743555545448841216,2025-08-13T19:44:16.6295002+00:00,219374,Sinte Gleska University,https://www.sintegleska.edu,sintegleska
0743555545717276672,2025-08-13T19:44:16.6933101+00:00,218919,Voorhees University,https://www.voorhees.edu,voorhees
0743555545981517824,2025-08-13T19:44:16.7568512+00:00,218399,Morris College,https://www.morris.edu,morris
0743555546249953280,2025-08-13T19:44:16.8203587+00:00,219277,Oglala Lakota College,https://www.olc.edu,olc
0743555546510000128,2025-08-13T19:44:16.8823378+00:00,216463,Trinity Episcopal School for Ministry,https://www.tsm.edu,tsm
0743555546761658368,2025-08-13T19:44:16.9425831+00:00,219204,National American University-Rapid City,https://www.national.edu/locations/campuses/rapid-city,national
0743555547021705216,2025-08-13T19:44:17.0046710+00:00,214883,Peirce College,https://www.peirce.edu,peirce
0743555547285946368,2025-08-13T19:44:17.0675321+00:00,220552,South College,https://www.south.edu,south
0743555547545993216,2025-08-13T19:44:17.1293600+00:00,215619,Reconstructionist Rabbinical College,https://www.rrc.edu,rrc
0743555547814428672,2025-08-13T19:44:17.1933135+00:00,218113,Greenville Technical College,https://www.gvltec.edu,gvltec
0743555548074475520,2025-08-13T19:44:17.2550390+00:00,220206,Welch College,https://www.welch.edu,welch
0743555548338716672,2025-08-13T19:44:17.3182810+00:00,220871,Memphis Theological Seminary,https://www.memphisseminary.edu,memphisseminary
0743555548602957824,2025-08-13T19:44:17.3813388+00:00,219505,American Baptist College,https://www.abcnash.edu,abcnash
0743555548863004672,2025-08-13T19:44:17.4433748+00:00,220996,Middle Tennessee School of Anesthesia Inc,https://mtsa.edu,mtsa
0743555549139828736,2025-08-13T19:44:17.5097202+00:00,220792,Meharry Medical College,https://www.mmc.edu,mmc
0743555549387292672,2025-08-13T19:44:17.5682175+00:00,219842,Pentecostal Theological Seminary,https://www.ptseminary.edu,ptseminary
0743555549659922432,2025-08-13T19:44:17.6331049+00:00,214661,Pennsylvania State System of Higher Education-Central Office,https://www.passhe.edu,passhe
0743555549915774976,2025-08-13T19:44:17.6948539+00:00,222497,Alamo Community College District Central Office,https://alamo.edu/district,alamo
0743555550171627520,2025-08-13T19:44:17.7558007+00:00,219408,Sisseton Wahpeton College,https://www.swcollege.edu,swcollege
0743555550423285760,2025-08-13T19:44:17.8158064+00:00,222992,Austin Community College District,https://www.austincc.edu,austincc
0743555550683332608,2025-08-13T19:44:17.8771153+00:00,223001,Austin Presbyterian Theological Seminary,https://www.austinseminary.edu,austinseminary
0743555550943379456,2025-08-13T19:44:17.9394750+00:00,220598,Lane College,https://www.lanecollege.edu,lanecollege
0743555551207620608,2025-08-13T19:44:18.0029961+00:00,223083,Baptist Health System School of Health Professions,https://www.bshp.edu,bshp
0743555551471861760,2025-08-13T19:44:18.0651045+00:00,224305,Dallas Theological Seminary,https://www.dts.edu,dts
0743555551731908608,2025-08-13T19:44:18.1271327+00:00,221670,Southern College of Optometry,https://www.sco.edu,sco
0743555552000344064,2025-08-13T19:44:18.1916309+00:00,222877,Arlington Baptist University,https://abu.edu,abu
0743555552256196608,2025-08-13T19:44:18.2529152+00:00,223463,Remington College-Dallas Campus,https://www.remingtoncollege.edu/locations/dallas,remingtoncollege
0743555552512049152,2025-08-13T19:44:18.3138669+00:00,224660,Western Technical College,https://www.westerntech.edu,westerntech
0743555552772096000,2025-08-13T19:44:18.3751408+00:00,223223,Baylor College of Medicine,https://www.bcm.edu,bcm
0743555553023754240,2025-08-13T19:44:18.4359158+00:00,224712,Episcopal Theological Seminary of the Southwest,https://ssw.edu,ssw
0743555553296384000,2025-08-13T19:44:18.5000999+00:00,224350,Del Mar College,https://www.delmar.edu,delmar
0743555553552236544,2025-08-13T19:44:18.5618113+00:00,224961,Galveston College,https://www.gc.edu,gc
0743555553879392256,2025-08-13T19:44:18.6399673+00:00,221838,Tennessee State University,https://www.tnstate.edu,tnstate
0743555554177187840,2025-08-13T19:44:18.7107300+00:00,224679,Western Technical College,https://www.westerntech.edu,westerntech-el-paso
0743555554386903040,2025-08-13T19:44:18.7603202+00:00,219790,Bryan College-Dayton,https://www.bryan.edu,bryan
0743555554655338496,2025-08-13T19:44:18.8245002+00:00,223506,Brazosport College,https://www.brazosport.edu,brazosport
0743555554927968256,2025-08-13T19:44:18.8891871+00:00,224615,Dallas College,https://www.dallascollege.edu/pages/default.aspx,dallascollege
0743555555192209408,2025-08-13T19:44:18.9524026+00:00,226806,Midland College,https://www.midland.edu,midland
0743555555443867648,2025-08-13T19:44:19.0121983+00:00,222628,Amberton University,https://www.amberton.edu,amberton
0743555555657777152,2025-08-13T19:44:19.0637692+00:00,226134,Laredo College,https://www.laredo.edu,laredo
0743555555976544256,2025-08-13T19:44:19.1394475+00:00,225423,Houston Community College,https://www.hccs.edu,hccs
0743555556232396800,2025-08-13T19:44:19.2003887+00:00,225308,Trinity Valley Community College,https://www.tvcc.edu,tvcc
0743555556496637952,2025-08-13T19:44:19.2633915+00:00,227146,Navarro College,https://www.navarrocollege.edu,navarrocollege
0743555556702158848,2025-08-13T19:44:19.3122733+00:00,227289,Oblate School of Theology,https://www.ost.edu,ost
0743555557016731648,2025-08-13T19:44:19.3878283+00:00,227304,Odessa College,https://www.odessa.edu,odessa
0743555557268389888,2025-08-13T19:44:19.4475799+00:00,226408,College of the Mainland,https://www.com.edu,com
0743555557561991168,2025-08-13T19:44:19.5172241+00:00,227924,San Antonio College,https://www.alamo.edu/sac,alamo-san-antonio
0743555557738151936,2025-08-13T19:44:19.5596873+00:00,228486,Southwestern Christian College,https://www.swcc.edu,swcc
0743555558061113344,2025-08-13T19:44:19.6367858+00:00,228194,South Texas College of Law Houston,https://www.stcl.edu,stcl
0743555558316965888,2025-08-13T19:44:19.6979402+00:00,227182,Lone Star College System,https://www.lonestar.edu,lonestar
0743555558577012736,2025-08-13T19:44:19.7599376+00:00,225885,Jarvis Christian University,https://www.jarvis.edu,jarvis
0743555558803505152,2025-08-13T19:44:19.8132576+00:00,228635,University of Texas Southwestern Medical Center,https://www.utsouthwestern.edu,utsouthwestern
0743555559109689344,2025-08-13T19:44:19.8861903+00:00,227979,San Jacinto Community College,https://www.sanjac.edu,sanjac
0743555559373930496,2025-08-13T19:44:19.9496512+00:00,225070,Grayson College,https://grayson.edu,grayson
0743555559617200128,2025-08-13T19:44:20.0072793+00:00,228884,Texas College,https://www.texascollege.edu,texascollege
0743555559826915328,2025-08-13T19:44:20.0575486+00:00,229090,The University of Texas System Office,https://www.utsystem.edu,utsystem
0743555560149876736,2025-08-13T19:44:20.1348852+00:00,228909,University of North Texas Health Science Center,https://www.unthsc.edu,unthsc
0743555560401534976,2025-08-13T19:44:20.1943633+00:00,229300,The University of Texas Health Science Center at Houston,https://www.uth.edu,uth
0743555560695136256,2025-08-13T19:44:20.2649822+00:00,229407,University of Houston-System Administration,https://www.uh.edu,uh-houston
0743555560875491328,2025-08-13T19:44:20.3072002+00:00,229337,Texas Tech University Health Sciences Center,https://www.ttuhsc.edu,ttuhsc
0743555561194258432,2025-08-13T19:44:20.3837595+00:00,229799,Weatherford College,https://www.wc.edu,wc
0743555561450110976,2025-08-13T19:44:20.4442432+00:00,229887,Wiley University,https://wileyc.edu,wileyc
0743555561705963520,2025-08-13T19:44:20.5056896+00:00,230171,Utah Tech University,https://utahtech.edu,utahtech
0743555561915678720,2025-08-13T19:44:20.5554590+00:00,226879,Wade College,https://www.wadecollege.edu,wadecollege
0743555562238640128,2025-08-13T19:44:20.6324289+00:00,228644,The University of Texas Health Science Center at San Antonio,https://www.uthscsa.edu,uthscsa
0743555562502881280,2025-08-13T19:44:20.6958520+00:00,228653,The University of Texas Medical Branch at Galveston,https://www.utmb.edu,utmb
0743555562754539520,2025-08-13T19:44:20.7550211+00:00,228866,Texas Chiropractic College Foundation Inc,https://www.txchiro.edu,txchiro
0743555562968449024,2025-08-13T19:44:20.8066713+00:00,230418,Ensign College,https://www.ensign.edu,ensign
0743555563291410432,2025-08-13T19:44:20.8831308+00:00,230737,Utah Valley University,https://www.uvu.edu,uvu
0743555563551457280,2025-08-13T19:44:20.9456790+00:00,230782,Weber State University,https://www.weber.edu,weber
0743555563811504128,2025-08-13T19:44:21.0070456+00:00,227331,Our Lady of the Lake University,https://www.ollusa.edu,ollusa
0743555564017025024,2025-08-13T19:44:21.0564109+00:00,230597,Snow College,https://www.snow.edu,snow
0743555564352569344,2025-08-13T19:44:21.1362039+00:00,231970,Eastern Virginia Medical School,https://www.evms.edu,evms
0743555564595838976,2025-08-13T19:44:21.1943924+00:00,231156,Vermont State Colleges-Office of the Chancellor,https://www.vsc.edu,vsc
0743555564864274432,2025-08-13T19:44:21.2589214+00:00,231068,SIT Graduate Institute,https://www.sit.edu,sit
0743555565073989632,2025-08-13T19:44:21.3088967+00:00,231147,Vermont Law and Graduate School,https://www.vermontlaw.edu,vermontlaw
0743555565434699776,2025-08-13T19:44:21.3945871+00:00,231785,Bryant & Stratton College-Virginia Beach,https://www.bryantstratton.edu,bryantstratton-virginia-beach
0743555565665386496,2025-08-13T19:44:21.4491595+00:00,228732,Texas A & M University-System Office,https://tamus.edu,tamus
0743555565917044736,2025-08-13T19:44:21.5092536+00:00,233602,Southeastern Free Will Baptist Bible College,https://www.sfwbc.edu,sfwbc
0743555566126759936,2025-08-13T19:44:21.5596856+00:00,234669,Bellevue College,https://bellevuecollege.edu,bellevuecollege
0743555566445527040,2025-08-13T19:44:21.6352660+00:00,230366,Eagle Gate College-Murray,https://eaglegatecollege.edu,eaglegatecollege
0743555566709768192,2025-08-13T19:44:21.6983557+00:00,229355,Tyler Junior College,https://www.tjc.edu,tjc
0743555566961426432,2025-08-13T19:44:21.7583139+00:00,234845,Centralia College,https://www.centralia.edu,centralia
0743555567166947328,2025-08-13T19:44:21.8079151+00:00,234711,Big Bend Community College,https://www.bigbend.edu,bigbend
0743555567481520128,2025-08-13T19:44:21.8825692+00:00,234137,Virginia University of Lynchburg,https://www.vul.edu,vul
0743555567741566976,2025-08-13T19:44:21.9449711+00:00,232672,Mary Baldwin University,https://www.marybaldwin.edu,marybaldwin
0743555568010002432,2025-08-13T19:44:22.0083779+00:00,235103,Edmonds College,https://www.edmonds.edu,edmonds
0743555568219717632,2025-08-13T19:44:22.0589842+00:00,234915,City University of Seattle,https://www.cityu.edu,cityu
0743555568580427776,2025-08-13T19:44:22.1441253+00:00,232797,American National University,https://www.an.edu/locations,an-salem
0743555568823697408,2025-08-13T19:44:22.2021580+00:00,233684,Strayer University-Virginia,https://www.strayer.edu/campus-locations/virginia/arlington,strayer-arlington
0743555569045995520,2025-08-13T19:44:22.2555049+00:00,235149,Everett Community College,https://www.everettcc.edu,everettcc
0743555569255710720,2025-08-13T19:44:22.3059929+00:00,234951,Clover Park Technical College,https://www.cptc.edu,cptc
0743555569561894912,2025-08-13T19:44:22.3786533+00:00,233356,Bon Secours Memorial College of Nursing,https://www.bsmcon.edu,bsmcon
0743555569842913280,2025-08-13T19:44:22.4455709+00:00,235343,Green River College,https://www.greenriver.edu,greenriver
0743555570098765824,2025-08-13T19:44:22.5064870+00:00,235422,Heritage University,https://www.heritage.edu,heritage
0743555570304286720,2025-08-13T19:44:22.5553699+00:00,235334,Grays Harbor College,https://www.ghc.edu,ghc
0743555570564333568,2025-08-13T19:44:22.6172127+00:00,235431,Highline College,https://www.highline.edu,highline
0743555570824380416,2025-08-13T19:44:22.6792569+00:00,234979,Columbia Basin College,https://www.columbiabasin.edu,columbiabasin
0743555571080232960,2025-08-13T19:44:22.7409470+00:00,235237,Pierce College District,https://www.pierce.ctc.edu,ctc
0743555571348668416,2025-08-13T19:44:22.8044650+00:00,235699,Lake Washington Institute of Technology,https://www.lwtech.edu,lwtech
0743555571617103872,2025-08-13T19:44:22.8689648+00:00,236188,Olympic College,https://www.olympic.edu,olympic
0743555571885539328,2025-08-13T19:44:22.9321919+00:00,234696,Bellingham Technical College,https://www.btc.edu,btc
0743555572153974784,2025-08-13T19:44:22.9960792+00:00,236513,Seattle Central College,https://seattlecentral.edu,seattlecentral
0743555572414021632,2025-08-13T19:44:23.0581128+00:00,233842,Union Presbyterian Seminary,https://www.upsem.edu,upsem
0743555572678262784,2025-08-13T19:44:23.1212237+00:00,232885,Sentara College of Health Sciences,https://www.sentara.edu,sentara
0743555572929921024,2025-08-13T19:44:23.1819789+00:00,236638,Skagit Valley College,https://www.skagit.edu,skagit
0743555573194162176,2025-08-13T19:44:23.2441370+00:00,236258,Peninsula College,https://www.pencol.edu,pencol
0743555573454209024,2025-08-13T19:44:23.3065661+00:00,235547,Bastyr University,https://www.bastyr.edu,bastyr
0743555573718450176,2025-08-13T19:44:23.3693075+00:00,236887,Walla Walla Community College,https://www.wwcc.edu,wwcc
0743555573986885632,2025-08-13T19:44:23.4337737+00:00,236382,Renton Technical College,https://www.rtc.edu,rtc
0743555574255321088,2025-08-13T19:44:23.4979169+00:00,237039,Whatcom Community College,https://whatcom.edu,whatcom
0743555574519562240,2025-08-13T19:44:23.5606461+00:00,236692,Spokane Community College,https://scc.spokane.edu,spokane
0743555574787997696,2025-08-13T19:44:23.6241107+00:00,237109,Yakima Valley College,https://www.yvcc.edu,yvcc
0743555575073210368,2025-08-13T19:44:23.6927424+00:00,236708,Spokane Falls Community College,https://sfcc.spokane.edu,spokane-spokane
0743555575312285696,2025-08-13T19:44:23.7491764+00:00,236975,Wenatchee Valley College,https://www.wvc.edu,wvc
0743555575568138240,2025-08-13T19:44:23.8107423+00:00,235750,Lower Columbia College,https://lowercolumbia.edu,lowercolumbia
0743555575836573696,2025-08-13T19:44:23.8749095+00:00,236896,Walla Walla University,https://www.wallawalla.edu,wallawalla
0743555576096620544,2025-08-13T19:44:23.9368312+00:00,237686,West Virginia University at Parkersburg,https://www.wvup.edu,wvup
0743555576365056000,2025-08-13T19:44:24.0007359+00:00,237701,Potomac State College of West Virginia University,https://www.potomacstatecollege.edu,potomacstatecollege
0743555576633491456,2025-08-13T19:44:24.0646775+00:00,236504,South Seattle College,https://southseattle.edu,southseattle
0743555576901926912,2025-08-13T19:44:24.1286241+00:00,237880,West Virginia School of Osteopathic Medicine,https://www.wvsom.edu,wvsom
0743555577174556672,2025-08-13T19:44:24.1933467+00:00,237905,West Virginia University Hospital Departments of Rad Tech and Nutrition,https://wvumedicine.org/radtech,wvumedicine
0743555577434603520,2025-08-13T19:44:24.2553974+00:00,237996,West Virginia Junior College-Morgantown,https://www.wvjc.edu,wvjc
0743555577703038976,2025-08-13T19:44:24.3193556+00:00,237385,Glenville State University,https://www.glenville.edu,glenville
0743555577967280128,2025-08-13T19:44:24.3821180+00:00,239424,Nashotah House,https://www.nashotah.edu,nashotah
0743555578227326976,2025-08-13T19:44:24.4447692+00:00,239637,Sacred Heart Seminary and School of Theology,https://www.shsst.edu,shsst
0743555578487373824,2025-08-13T19:44:24.5066809+00:00,237783,Salem University,https://www.salemu.edu,salemu
0743555578747420672,2025-08-13T19:44:24.5683428+00:00,240657,Northwest College,https://www.nwc.edu,nwc
0743555579003273216,2025-08-13T19:44:24.6297816+00:00,239169,Medical College of Wisconsin,https://www.mcw.edu,mcw
0743555579263320064,2025-08-13T19:44:24.6915093+00:00,234933,Clark College,https://www.clark.edu,clark
0743555579523366912,2025-08-13T19:44:24.7532893+00:00,238263,Madison Area Technical College,https://madisoncollege.edu,madisoncollege
0743555579779219456,2025-08-13T19:44:24.8145792+00:00,240213,Wisconsin School of Professional Psychology,https://www.wspp.edu,wspp
0743555580043460608,2025-08-13T19:44:24.8772435+00:00,240736,American Samoa Community College,https://www.amsamoa.edu,amsamoa
0743555580303507456,2025-08-13T19:44:24.9395404+00:00,240745,Guam Community College,https://www.guamcc.edu,guamcc
0743555580555165696,2025-08-13T19:44:24.9994650+00:00,240620,Laramie County Community College,https://www.lccc.wy.edu,wy
0743555580811018240,2025-08-13T19:44:25.0606074+00:00,240693,Western Wyoming Community College,https://www.westernwyoming.edu,westernwyoming
0743555581075259392,2025-08-13T19:44:25.1233262+00:00,240435,University of Wisconsin-System Administration,https://www.wisconsin.edu,wisconsin-madison
0743555581343694848,2025-08-13T19:44:25.1878014+00:00,236753,Tacoma Community College,https://www.tacomacc.edu,tacomacc
0743555581603741696,2025-08-13T19:44:25.2495519+00:00,241304,Columbia Central University-Caguas,https://columbiacentral.edu,columbiacentral
0743555581867982848,2025-08-13T19:44:25.3129978+00:00,241128,American University of Puerto Rico,https://aupr.edu,aupr
0743555582123835392,2025-08-13T19:44:25.3736949+00:00,241386,Caribbean University-Carolina,https://www.caribbean.edu,caribbean
0743555582404853760,2025-08-13T19:44:25.4400823+00:00,241517,CEM College-San Juan,https://www.cemcollege.edu/cem,cemcollege
0743555582664900608,2025-08-13T19:44:25.5025322+00:00,241739,Universidad Ana G. Mendez-Cupey Campus,https://uagm.edu,uagm
0743555582924947456,2025-08-13T19:44:25.5642845+00:00,240514,Central Wyoming College,https://www.cwc.edu,cwc
0743555583172411392,2025-08-13T19:44:25.6239307+00:00,241216,Atlantic University,https://www.atlanticu.edu,atlanticu
0743555583440846848,2025-08-13T19:44:25.6870272+00:00,236072,North Seattle College,https://www.northseattle.edu,northseattle
0743555583696699392,2025-08-13T19:44:25.7482431+00:00,240754,University of Guam,https://www.uog.edu,uog
0743555583977717760,2025-08-13T19:44:25.8152609+00:00,241377,Caribbean University-Bayamon,https://www.caribbean.edu,caribbean-bayamon
0743555584237764608,2025-08-13T19:44:25.8771618+00:00,241100,American University of Puerto Rico,https://aupr.edu,aupr-bayamon
0743555584489422848,2025-08-13T19:44:25.9375083+00:00,240790,Northern Marianas College,https://www.marianas.edu,marianas
0743555584736886784,2025-08-13T19:44:25.9966944+00:00,242121,Humacao Community College,https://www.hccpr.edu,hccpr
0743555584992739328,2025-08-13T19:44:26.0575310+00:00,241793,Center for Advanced Studies On Puerto Rico and the Caribbean,https://ceaprc.edu,ceaprc
0743555585256980480,2025-08-13T19:44:26.1206535+00:00,242972,NUC University,https://www.nuc.edu,nuc
0743555585533804544,2025-08-13T19:44:26.1862891+00:00,241614,Universidad Teologica del Caribe,https://utcpr.edu,utcpr
0743555585802240000,2025-08-13T19:44:26.2501300+00:00,242671,Inter American University of Puerto Rico-Central Office,https://www.inter.edu,inter-san-juan
0743555586074869760,2025-08-13T19:44:26.3153515+00:00,242060,Sistema Universitario Ana G. Mendez,https://www.uagm.edu,uagm-rio-piedras
0743555586334916608,2025-08-13T19:44:26.3777595+00:00,243346,Universidad Ana G. Mendez-Carolina Campus,https://uagm.edu,uagm-carolina
0743555586594963456,2025-08-13T19:44:26.4391260+00:00,243498,Seminario Evangelico de Puerto Rico,https://www.se-pr.edu,se-pr
0743555587106668544,2025-08-13T19:44:26.5615235+00:00,245838,Antioch University-Los Angeles,https://www.antiochla.edu,antiochla
0743555587375104000,2025-08-13T19:44:26.6257448+00:00,243160,University of Puerto Rico-Central Administration,https://www.upr.edu,upr-san-juan
0743555587630956544,2025-08-13T19:44:26.6869484+00:00,243577,Universidad Politecnica de Puerto Rico,https://www.pupr.edu,pupr
0743555587895197696,2025-08-13T19:44:26.7490234+00:00,245865,Antioch University-New England,https://www.antiochne.edu,antiochne
0743555588402708480,2025-08-13T19:44:26.8709977+00:00,243601,Universidad Ana G. Mendez-Gurabo Campus,https://uagm.edu,uagm-gurabo
0743555588662755328,2025-08-13T19:44:26.9325146+00:00,245892,Antioch University,https://www.antioch.edu,antioch
0743555588926996480,2025-08-13T19:44:26.9958012+00:00,245847,Antioch University-Santa Barbara,https://www.antiochsb.edu,antiochsb
0743555589463867392,2025-08-13T19:44:27.1237975+00:00,243081,Ponce Health Sciences University,https://www.psm.edu,psm-ponce
0743555589556142080,2025-08-13T19:44:27.1459608+00:00,242723,Inter American University of Puerto Rico-School of Law,https://www.derecho.inter.edu,interamerican-law-sanjuan
0743555589707137024,2025-08-13T19:44:27.1819866+00:00,247162,Ecumenical Theological Seminary,https://www.etseminary.edu,etseminary
0743555589979766784,2025-08-13T19:44:27.2461915+00:00,245953,Mid-America Christian University,https://www.macu.edu,macu
0743555590244007936,2025-08-13T19:44:27.3098985+00:00,242112,Huertas College,https://www.huertas.edu,huertas
0743555590508249088,2025-08-13T19:44:27.3727978+00:00,260372,Lac Courte Oreilles Ojibwe University,https://www.lco.edu,lco
0743555590772490240,2025-08-13T19:44:27.4359284+00:00,251312,South University-Columbia,"https://www.southuniversity.edu/columbia#location=Columbia, SC",southuniversity-columbia
0743555591045120000,2025-08-13T19:44:27.5002793+00:00,247834,Collin County Community College District,https://www.collin.edu,collin
0743555591120617472,2025-08-13T19:44:27.5185783+00:00,243203,University of Puerto Rico-Medical Sciences,https://www.rcm.upr.edu,upr-medical-sanjuan
0743555591292583936,2025-08-13T19:44:27.5599396+00:00,245883,Antioch University-Seattle,https://www.antiochseattle.edu,antiochseattle
0743555591561019392,2025-08-13T19:44:27.6235106+00:00,247065,Beckfield College-Florence,https://www.beckfield.edu,beckfield
0743555591812677632,2025-08-13T19:44:27.6837600+00:00,262165,Montana Bible College,https://montanabiblecollege.edu,montanabiblecollege
0743555592081113088,2025-08-13T19:44:27.7477273+00:00,363907,Caribbean University-Ponce,https://www.caribbean.edu,caribbean-ponce
0743555592404074496,2025-08-13T19:44:27.8242318+00:00,363712,Yeshivah Gedolah Rabbinical College,https://www.lecfl.com,lecfl
0743555592613789696,2025-08-13T19:44:27.8745810+00:00,260789,Platt College-Los Angeles,https://www.plattcollege.edu,plattcollege
0743555592873836544,2025-08-13T19:44:27.9369966+00:00,243823,Parker University,https://www.parker.edu,parker
0743555593133883392,2025-08-13T19:44:27.9981107+00:00,366252,Pennsylvania College of Technology,https://www.pct.edu,pct
0743555593398124544,2025-08-13T19:44:28.0616741+00:00,366340,Stone Child College,https://www.stonechild.edu,stonechild
0743555593653977088,2025-08-13T19:44:28.1221648+00:00,246789,HJ International Graduate School for Peace and Public Leadership,https://www.uts.edu,uts
0743555593909829632,2025-08-13T19:44:28.1836255+00:00,366368,New York Academy of Art,https://nyaa.edu,nyaa
0743555594169876480,2025-08-13T19:44:28.2458078+00:00,260992,Northwestern College,https://www.nc.edu,nc
0743555594434117632,2025-08-13T19:44:28.3084830+00:00,247083,University of Louisiana-System Administration,https://www.ulsystem.edu,ulsystem
0743555594694164480,2025-08-13T19:44:28.3708702+00:00,367884,Hodges University,https://www.hodges.edu,hodges
0743555594962599936,2025-08-13T19:44:28.4347725+00:00,369002,Massachusetts School of Law,https://www.mslaw.edu,mslaw
0743555595222646784,2025-08-13T19:44:28.4969716+00:00,366003,South Florida Bible College and Theological Seminary,https://www.sfbc.edu,sfbc
0743555595495276544,2025-08-13T19:44:28.5613708+00:00,369516,Bryan University,https://www.bryanu.edu,bryanu
0743555595755323392,2025-08-13T19:44:28.6238733+00:00,372073,Fremont University,https://www.fremont.edu,fremont
0743555596015370240,2025-08-13T19:44:28.6852133+00:00,369659,Oregon College of Oriental Medicine,https://ocom.edu,ocom
0743555596267028480,2025-08-13T19:44:28.7451146+00:00,374024,Adler Graduate School,https://www.alfredadler.edu,alfredadler
0743555596527075328,2025-08-13T19:44:28.8076264+00:00,376224,CEM College-Humacao,https://www.cemcollege.edu/cem,cemcollege-humacao
0743555596778733568,2025-08-13T19:44:28.8675706+00:00,364016,Paradise Valley Community College,https://www.paradisevalley.edu,paradisevalley
0743555597047169024,2025-08-13T19:44:28.9315941+00:00,376385,Universal Technology College of Puerto Rico,https://www.unitecpr.edu,unitecpr
0743555597311410176,2025-08-13T19:44:28.9943716+00:00,380377,Northwest Indian College,https://www.nwic.edu,nwic
0743555597567262720,2025-08-13T19:44:29.0554833+00:00,375230,Yeshiva Gedolah Imrei Yosef D'spinka,https://spinka58st.com,spinka58st
0743555597827309568,2025-08-13T19:44:29.1176426+00:00,378576,Pacific College of Health and Science,https://www.pacificcollege.edu,pacificcollege
0743555598091550720,2025-08-13T19:44:29.1806591+00:00,367954,University of St. Augustine for Health Sciences,https://www.usa.edu,usa
0743555598364180480,2025-08-13T19:44:29.2453784+00:00,381459,Phoenix Seminary,https://www.ps.edu,ps
0743555598620033024,2025-08-13T19:44:29.3069576+00:00,262086,University of Massachusetts Global,https://www.umassglobal.edu,umassglobal
0743555598875885568,2025-08-13T19:44:29.3678641+00:00,377661,Valley College-Martinsburg,https://www.valley.edu,valley
0743555599135932416,2025-08-13T19:44:29.4293893+00:00,383020,Midwest College of Oriental Medicine-Racine,https://www.acupuncture.edu,acupuncture
0743555599404367872,2025-08-13T19:44:29.4931923+00:00,385415,Albert Einstein College of Medicine,https://www.einsteinmed.edu,einsteinmed
0743555599672803328,2025-08-13T19:44:29.5573047+00:00,376695,College of the Marshall Islands,https://www.cmi.edu,cmi
0743555599924461568,2025-08-13T19:44:29.6177111+00:00,380359,Bay Mills Community College,https://www.bmcc.edu,bmcc
0743555600188702720,2025-08-13T19:44:29.6802217+00:00,392257,The College of Health Care Professions-Northwest,https://www.chcp.edu,chcp
0743555600448749568,2025-08-13T19:44:29.7428729+00:00,380438,Provo College,https://www.provocollege.edu,provocollege
0743555600708796416,2025-08-13T19:44:29.8046222+00:00,363916,Caribbean University-Vega Baja,https://www.caribbean.edu,caribbean-vega-baja
0743555600964648960,2025-08-13T19:44:29.8655387+00:00,380368,Fond du Lac Tribal and Community College,https://www.fdltcc.edu,fdltcc
0743555601228890112,2025-08-13T19:44:29.9281280+00:00,384306,Acupuncture and Integrative Medicine College-Berkeley,https://www.aimc.edu,aimc
0743555601497325568,2025-08-13T19:44:29.9926741+00:00,404055,Brookline College-Tempe,https://www.brooklinecollege.edu,brooklinecollege-tempe
0743555601753178112,2025-08-13T19:44:30.0535807+00:00,384412,University of the Potomac-Washington DC Campus,https://www.potomac.edu,potomac
0743555602009030656,2025-08-13T19:44:30.1148952+00:00,405854,Rabbinical College of Ohr Shimon Yisroel,https://ohr-sy.com,ohr-sy
0743555602285854720,2025-08-13T19:44:30.1801872+00:00,404338,Schiller International University,https://www.schiller.edu,schiller
0743555602533318656,2025-08-13T19:44:30.2399774+00:00,401250,Yo San University of Traditional Chinese Medicine,https://yosan.edu,yosan
0743555602797559808,2025-08-13T19:44:30.3027368+00:00,401223,World Mission University,https://www.wmu.edu,wmu
0743555603057606656,2025-08-13T19:44:30.3649446+00:00,399869,Southern California Institute of Technology,https://www.scitech.edu,scitech
0743555603313459200,2025-08-13T19:44:30.4258492+00:00,407610,Pacific Bible College,https://pacificbible.edu,pacificbible
0743555603569311744,2025-08-13T19:44:30.4868502+00:00,381352,Colorado Chinese Medicine University,https://www.ccmu.edu,ccmu
0743555603837747200,2025-08-13T19:44:30.5504421+00:00,409254,Erikson Institute,https://www.erikson.edu,erikson
0743555604378812416,2025-08-13T19:44:30.6795784+00:00,406033,Galen College of Nursing-San Antonio,https://www.galencollege.edu/sanantonio,galencollege-san-antonio
0743555604638859264,2025-08-13T19:44:30.7417250+00:00,413413,Capella University,https://www.capella.edu,capella
0743555604890517504,2025-08-13T19:44:30.8016674+00:00,388520,College of Biblical Studies-Houston,https://cbshouston.edu,cbshouston
0743555605146370048,2025-08-13T19:44:30.8626494+00:00,414966,Phillips Theological Seminary,https://www.ptstulsa.edu,ptstulsa
0743555605410611200,2025-08-13T19:44:30.9250591+00:00,416801,The University of Texas MD Anderson Cancer Center,https://www.mdanderson.org,mdanderson
0743555605666463744,2025-08-13T19:44:30.9863810+00:00,418126,New York College of Health Professions,https://www.nycollege.edu,nycollege
0743555605930704896,2025-08-13T19:44:31.0491305+00:00,404480,University System of Maryland-Research Centers,https://www.usmd.edu,usmd-baltimore
0743555606186557440,2025-08-13T19:44:31.1107322+00:00,420024,Centura College-Chesapeake,https://www.centuracollege.edu/campuses/chesapeake,centuracollege
0743555606459187200,2025-08-13T19:44:31.1759979+00:00,406024,Galen College of Nursing-Tampa Bay,https://www.galencollege.edu/tampabay,galencollege-saint-petersburg
0743555606710845440,2025-08-13T19:44:31.2353292+00:00,408844,Florida National University-Main Campus,https://www.fnu.edu,fnu
0743555606970892288,2025-08-13T19:44:31.2973474+00:00,420705,Bakke Graduate University,https://www.bgu.edu,bgu
0743555607226744832,2025-08-13T19:44:31.3587549+00:00,407629,Lake Erie College of Osteopathic Medicine,https://www.lecom.edu,lecom
0743555607486791680,2025-08-13T19:44:31.4207152+00:00,414595,Pacific College of Health and Science,https://www.pacificcollege.edu,pacificcollege-new-york
0743555607725867008,2025-08-13T19:44:31.4779240+00:00,413617,College of Menominee Nation,https://www.menominee.edu,menominee
0743555607994302464,2025-08-13T19:44:31.5412324+00:00,420246,Sonoran University of Health Sciences,https://www.sonoran.edu,sonoran
0743555608258543616,2025-08-13T19:44:31.6044761+00:00,429094,AOMA Graduate School of Integrative Medicine,https://aoma.edu,aoma
0743555608526979072,2025-08-13T19:44:31.6680823+00:00,409616,Roger Williams University School of Law,https://law.rwu.edu,rwu-bristol
0743555608795414528,2025-08-13T19:44:31.7324822+00:00,430704,Texas Health and Science University,https://thsu.edu,thsu
0743555609068044288,2025-08-13T19:44:31.7977343+00:00,430184,Strayer University-Maryland,https://www.strayer.edu/campus-locations/maryland/prince-georges,strayer-suitland
0743555609323896832,2025-08-13T19:44:31.8587037+00:00,429085,American College of Acupuncture and Oriental Med,https://www.acaom.edu,acaom
0743555609583943680,2025-08-13T19:44:31.9202368+00:00,420802,Arizona Board of Regents,https://www.azregents.edu,azregents
0743555609835601920,2025-08-13T19:44:31.9809974+00:00,433004,American University of Health Sciences,https://www.auhs.edu,auhs
0743555610104037376,2025-08-13T19:44:32.0443970+00:00,420042,University of Phoenix-Hawaii,https://www.phoenix.edu,phoenix
0743555610359889920,2025-08-13T19:44:32.1052261+00:00,433013,Career Networks Institute,https://www.cnicollege.edu,cnicollege
0743555610624131072,2025-08-13T19:44:32.1684325+00:00,428453,Minnesota State Colleges and Universities System Office,https://www.minnstate.edu,minnstate
0743555610875789312,2025-08-13T19:44:32.2287332+00:00,433387,Western Governors University,https://www.wgu.edu,wgu
0743555611131641856,2025-08-13T19:44:32.2896662+00:00,432348,Appalachian School of Law,https://www.asl.edu,asl
0743555611395883008,2025-08-13T19:44:32.3521653+00:00,434584,Ilisagvik College,https://www.ilisagvik.edu,ilisagvik
0743555611664318464,2025-08-13T19:44:32.4161885+00:00,409315,South Texas College,https://www.southtexascollege.edu,southtexascollege
0743555611936948224,2025-08-13T19:44:32.4818146+00:00,423643,Midwestern University-Glendale,https://www.midwestern.edu,midwestern-glendale
0743555612188606464,2025-08-13T19:44:32.5418755+00:00,433420,California Aeronautical University,https://www.calaero.edu,calaero
0743555612444459008,2025-08-13T19:44:32.6029897+00:00,436614,International Baptist College and Seminary,https://www.ibcs.edu/ibc,ibcs
0743555612704505856,2025-08-13T19:44:32.6646850+00:00,437097,University of Management and Technology,https://www.umtweb.edu,umtweb
0743555612964552704,2025-08-13T19:44:32.7261585+00:00,438586,American InterContinental University-Atlanta,https://www.aiuniv.edu/online-campus/campus-locations/atlanta,aiuniv
0743555613228793856,2025-08-13T19:44:32.7894368+00:00,435000,Louisiana State University Health Sciences Center-Shreveport,https://www.lsuhs.edu,lsuhs
0743555613484646400,2025-08-13T19:44:32.8505061+00:00,431983,Yeshiva of the Telshe Alumni,https://yeshivatelshealumni.com,yeshivatelshealumni
0743555613761470464,2025-08-13T19:44:32.9162201+00:00,434937,Yeshiva College of the Nations Capital,https://ycnc.org,ycnc
0743555614008934400,2025-08-13T19:44:32.9751862+00:00,439367,CBD College,https://www.cbd.edu,cbd
0743555614277369856,2025-08-13T19:44:33.0397799+00:00,428259,Ottawa University-Milwaukee,https://www.ottawa.edu,ottawa-brookfield
0743555614533222400,2025-08-13T19:44:33.1001865+00:00,432384,Platt College-Ontario,https://www.plattcollege.edu,plattcollege-ontario
0743555614793269248,2025-08-13T19:44:33.1622079+00:00,436429,Los Angeles Film School,https://www.lafilm.edu,lafilm
0743555615057510400,2025-08-13T19:44:33.2259226+00:00,439817,Northeastern Seminary,https://www.nes.edu,nes
0743555615325945856,2025-08-13T19:44:33.2891083+00:00,439446,Atlantic Institute of Oriental Medicine,https://www.atom.edu,atom
0743555615590187008,2025-08-13T19:44:33.3520183+00:00,439871,PCI College,https://www.pci-ed.com,pci-ed
0743555615850233856,2025-08-13T19:44:33.4149741+00:00,438665,Rancho Santiago Community College District Office,https://www.rsccd.edu,rsccd
0743555616118669312,2025-08-13T19:44:33.4786507+00:00,439154,Texas Tech University System Administration,https://www.texastech.edu,texastech
0743555616378716160,2025-08-13T19:44:33.5407549+00:00,439394,East West College of Natural Medicine,https://www.ewcollege.edu,ewcollege
0743555616647151616,2025-08-13T19:44:33.6045855+00:00,439020,Midwest College of Oriental Medicine-Skokie,https://www.acupuncture.edu,acupuncture-skokie
0743555616903004160,2025-08-13T19:44:33.6655195+00:00,439914,Seattle Institute of East Asian Medicine,https://www.sieam.edu,sieam
0743555617158856704,2025-08-13T19:44:33.7263003+00:00,439190,Cascadia College,https://www.cascadia.edu,cascadia
0743555617423097856,2025-08-13T19:44:33.7899175+00:00,440031,Keck Graduate Institute,https://www.kgi.edu,kgi
0743555617683144704,2025-08-13T19:44:33.8516661+00:00,440794,Pillar College,https://www.pillar.edu,pillar
0743555617955774464,2025-08-13T19:44:33.9164344+00:00,440138,Antioch University-System Administration,https://www.antioch.edu,antioch-yellow-springs
0743555618203238400,2025-08-13T19:44:33.9756369+00:00,440004,Upper Valley Educators Institute,https://www.uvei.edu,uvei
0743555618463285248,2025-08-13T19:44:34.0378079+00:00,441131,The Seattle School of Theology & Psychology,https://theseattleschool.edu,theseattleschool
0743555618723332096,2025-08-13T19:44:34.0993891+00:00,434441,Florida College of Integrative Medicine,https://www.fcim.edu,fcim
0743555618974990336,2025-08-13T19:44:34.1590161+00:00,441229,Smith Chason College,https://wcui.edu,wcui
0743555619235037184,2025-08-13T19:44:34.2211672+00:00,434900,Dewey University-Carolina,https://dewey.edu,dewey
0743555619499278336,2025-08-13T19:44:34.2847346+00:00,441238,Irell & Manella Graduate School of Biological Sciences at City of Hope,https://www.cityofhope.org/grad-school,cityofhope
0743555619771908096,2025-08-13T19:44:34.3498758+00:00,442639,University of the Potomac-VA Campus,https://www.potomac.edu,potomac-falls-church
0743555620027760640,2025-08-13T19:44:34.4105054+00:00,441690,Universidad Pentecostal Mizpa,https://mizpa.edu,mizpa
0743555620292001792,2025-08-13T19:44:34.4735086+00:00,439969,Acupuncture and Massage College,https://www.amcollege.edu,amcollege
0743555620547854336,2025-08-13T19:44:34.5349358+00:00,442806,Edward Via College of Osteopathic Medicine,https://www.vcom.edu,vcom
0743555620824678400,2025-08-13T19:44:34.6009128+00:00,439783,New York College of Traditional Chinese Medicine,https://www.nyctcm.edu,nyctcm
0743555621093113856,2025-08-13T19:44:34.6644931+00:00,442842,Pacific College of Health and Science,https://www.pacificcollege.edu,pacificcollege-chicago
0743555621344772096,2025-08-13T19:44:34.7242368+00:00,442930,University of Antelope Valley,https://www.uav.edu,uav
0743555621604818944,2025-08-13T19:44:34.7865578+00:00,443331,West Coast University-Los Angeles,https://westcoastuniversity.edu,westcoastuniversity
0743555621873254400,2025-08-13T19:44:34.8500112+00:00,443049,Faith International University,https://www.faithiu.edu,faithiu
0743555622129106944,2025-08-13T19:44:34.9118844+00:00,441104,Richmont Graduate University,https://www.richmont.edu,richmont
0743555622397542400,2025-08-13T19:44:34.9750391+00:00,440651,Atenas College,https://www.atenascollege.edu,atenascollege
0743555622674366464,2025-08-13T19:44:35.0413269+00:00,443340,Williamson Christian College,https://www.williamsoncc.edu,williamsoncc
0743555622942801920,2025-08-13T19:44:35.1054957+00:00,443562,Dewey University-Hato Rey,https://dewey.edu,dewey-hato-rey
0743555623186071552,2025-08-13T19:44:35.1636927+00:00,443571,InterCoast Colleges-West Covina,https://www.intercoast.edu,intercoast
0743555623450312704,2025-08-13T19:44:35.2264564+00:00,443030,NorthShore University HealthSystem School of Nurse Anesthesia,https://www.northshore.org/academics/other-programs/school-of-nurse-anesthesia,northshore
0743555623710359552,2025-08-13T19:44:35.2885989+00:00,443076,Hood Theological Seminary,https://www.hoodseminary.edu,hoodseminary
0743555623987183616,2025-08-13T19:44:35.3542513+00:00,443784,Strayer University-Pennsylvania,https://www.strayer.edu/campus-locations/pennsylvania/lower-bucks-county,strayer-trevose
0743555624247230464,2025-08-13T19:44:35.4164366+00:00,442569,University of Arkansas Grantham,https://www.uagrantham.edu,uagrantham
0743555624507277312,2025-08-13T19:44:35.4783747+00:00,443766,Strayer University-Tennessee,https://www.strayer.edu/campus-locations/tennessee/thousand-oaks,strayer-memphis
0743555624767324160,2025-08-13T19:44:35.5402115+00:00,444398,Baptist University of the Americas,https://www.bua.edu,bua
0743555625027371008,2025-08-13T19:44:35.6029459+00:00,444325,ATI College-Whittier,https://www.ati.edu,ati
0743555625304195072,2025-08-13T19:44:35.6683448+00:00,443650,Miller-Motte College-Chattanooga,https://www.miller-motte.edu,miller-motte-chattanooga
0743555625572630528,2025-08-13T19:44:35.7320786+00:00,444130,Northcentral University,https://www.nu.edu,nu-san-diego
0743555625828483072,2025-08-13T19:44:35.7939833+00:00,442064,Won Institute of Graduate Studies,https://www.woninstitute.edu,woninstitute
0743555626088529920,2025-08-13T19:44:35.8554494+00:00,443702,"Bexley Hall Seabury Western Theological Seminary Federation, Inc.",https://www.bexleyseabury.edu,bexleyseabury
0743555626361159680,2025-08-13T19:44:35.9207332+00:00,444088,Brookline College-Albuquerque,https://www.brooklinecollege.edu,brooklinecollege-albuquerque
0743555626621206528,2025-08-13T19:44:35.9820219+00:00,444787,Nightingale College,https://www.nightingale.edu,nightingale
0743555626877059072,2025-08-13T19:44:36.0435992+00:00,444103,Byzantine Catholic Seminary of Saints Cyril and Methodius,https://www.bcs.edu,bcs
0743555627149688832,2025-08-13T19:44:36.1081852+00:00,442295,Ave Maria School of Law,https://www.avemarialaw.edu,avemarialaw
0743555627422318592,2025-08-13T19:44:36.1736626+00:00,445869,Divine Mercy University,https://www.divinemercy.edu,divinemercy
0743555627690754048,2025-08-13T19:44:36.2371076+00:00,444778,Charlotte Christian College and Theological Seminary,https://www.charlottechristian.edu,charlottechristian
0743555627959189504,2025-08-13T19:44:36.3010543+00:00,440916,Southern University Law Center,https://www.sulc.edu,sulc
0743555628215042048,2025-08-13T19:44:36.3620872+00:00,443711,University of North Texas System,https://untsystem.unt.edu,unt-dallas
0743555628475088896,2025-08-13T19:44:36.4244364+00:00,444699,Institute of Clinical Acupuncture & Oriental Med,https://www.orientalmedicine.edu,orientalmedicine
0743555628743524352,2025-08-13T19:44:36.4881131+00:00,445735,Roseman University of Health Sciences,https://www.roseman.edu,roseman
0743555629003571200,2025-08-13T19:44:36.5500382+00:00,446127,ATA Career Education,https://www.atafl.edu,atafl
0743555629263618048,2025-08-13T19:44:36.6128922+00:00,446002,American Academy of Health and Wellness,https://www.acupunctureschoolusa.com,acupunctureschoolusa
0743555629523664896,2025-08-13T19:44:36.6746955+00:00,446978,Colorado State University-System Office,https://www.csusystem.edu,csusystem
0743555629792100352,2025-08-13T19:44:36.7383840+00:00,445054,Toyota Technological Institute at Chicago,https://www.ttic.edu,ttic
0743555630052147200,2025-08-13T19:44:36.8005276+00:00,446224,Eastern School of Acupuncture and Traditional Medicine,https://www.esatm.edu,esatm
0743555630316388352,2025-08-13T19:44:36.8636949+00:00,445133,American InterContinental University-Houston,https://www.aiuniv.edu/online-campus/campus-locations/houston,aiuniv-houston
0743555630580629504,2025-08-13T19:44:36.9261703+00:00,446604,Uta Mesivta of Kiryas Joel,https://utam.edu,utam
0743555630849064960,2025-08-13T19:44:36.9902994+00:00,447801,University of East-West Medicine,https://www.uewm.edu,uewm
0743555631109111808,2025-08-13T19:44:37.0525892+00:00,447713,California Career College,https://www.californiacareercollege.edu,californiacareercollege
0743555631377547264,2025-08-13T19:44:37.1161986+00:00,446525,SAE Institute of Technology-Nashville,https://usa.sae.edu,sae
0743555631629205504,2025-08-13T19:44:37.1765680+00:00,447847,Aviator College of Aeronautical Science and Technology,https://www.aviator.edu,aviator
0743555631893446656,2025-08-13T19:44:37.2394801+00:00,447698,Phoenix Institute of Herbal Medicine & Acupuncture,https://www.pihma.edu,pihma
0743555632161882112,2025-08-13T19:44:37.3038319+00:00,447050,United States University,https://www.usuniversity.edu,usuniversity
0743555632430317568,2025-08-13T19:44:37.3678634+00:00,448381,San Joaquin Valley College-Central Administrative Office,https://www.sjvc.edu,sjvc-visalia
0743555632719724544,2025-08-13T19:44:37.4363132+00:00,449135,Dewey University-Juana Díaz,https://dewey.edu,dewey-juana-diaz
0743555632958799872,2025-08-13T19:44:37.4935088+00:00,447014,Daytona College,https://daytonacollege.edu,daytonacollege
0743555633235623936,2025-08-13T19:44:37.5592668+00:00,448691,International Institute for Restorative Practices,https://iirp.edu,iirp
0743555633483087872,2025-08-13T19:44:37.6189583+00:00,448336,Arkansas State University System,https://www.asusystem.edu,asusystem
0743555633755717632,2025-08-13T19:44:37.6838841+00:00,449898,South University-Tampa,"https://www.southuniversity.edu/tampa#location=Tampa, FL",southuniversity-tampa
0743555634011570176,2025-08-13T19:44:37.7443865+00:00,449038,Strayer University-Florida,https://www.strayer.edu/campus-locations/florida/tampa-east,strayer-tampa
0743555634271617024,2025-08-13T19:44:37.8060511+00:00,449481,Dragon Rises College of Oriental Medicine,https://www.dragonrises.edu,dragonrises
0743555634535858176,2025-08-13T19:44:37.8697669+00:00,450298,Strayer University-Delaware,https://www.strayer.edu/campus-locations/delaware/wilmington,strayer-wilmington
0743555634783322112,2025-08-13T19:44:37.9287841+00:00,448239,Careers Unlimited,https://www.ucdh.edu,ucdh
0743555635064340480,2025-08-13T19:44:37.9954645+00:00,447421,Eagle Gate College-Layton,https://www.eaglegatecollege.edu,eaglegatecollege-layton
0743555635303415808,2025-08-13T19:44:38.0522444+00:00,449348,Huntsville Bible College,https://www.huntsvillebiblecollege.org,huntsvillebiblecollege
0743555635576045568,2025-08-13T19:44:38.1178360+00:00,449889,American College of Education,https://www.ace.edu,ace
0743555635831898112,2025-08-13T19:44:38.1782408+00:00,445027,American InterContinental University System,https://www.aius.education,aius
0743555636096139264,2025-08-13T19:44:38.2419457+00:00,450377,Strayer University-Alabama,https://www.strayer.edu/campus-locations/alabama/birmingham,strayer-birmingham
0743555636356186112,2025-08-13T19:44:38.3034951+00:00,451103,Miami Regional University,https://www.mru.edu,mru
0743555636620427264,2025-08-13T19:44:38.3663116+00:00,451510,Charleston School of Law,https://www.charlestonlaw.edu,charlestonlaw
0743555636876279808,2025-08-13T19:44:38.4278521+00:00,450304,Brite Divinity School,https://www.brite.edu,brite
0743555637144715264,2025-08-13T19:44:38.4913845+00:00,451079,Academy for Five Element Acupuncture,https://www.acupuncturist.edu,acupuncturist
0743555637408956416,2025-08-13T19:44:38.5548227+00:00,450571,Rasmussen University-Wisconsin,https://rasmussen.edu,rasmussen-green-bay
0743555637669003264,2025-08-13T19:44:38.6166817+00:00,451556,Southwest University at El Paso,https://southwestuniversity.edu,southwestuniversity
0743555637929050112,2025-08-13T19:44:38.6785370+00:00,446039,Arizona School of Acupuncture and Oriental Medicine,https://www.asaom.edu,asaom
0743555638201679872,2025-08-13T19:44:38.7439005+00:00,451866,Remington College-Shreveport Campus,https://www.remingtoncollege.edu/locations/shreveport,remingtoncollege-shreveport
0743555638478503936,2025-08-13T19:44:38.8098032+00:00,453163,Strayer University-North Carolina,https://www.strayer.edu/campus-locations/north-carolina/greensboro,strayer-greensboro
0743555638734356480,2025-08-13T19:44:38.8704664+00:00,454218,Chamberlain University-Administrative Office,https://www.chamberlain.edu,chamberlain-chicago
0743555638977626112,2025-08-13T19:44:38.9286201+00:00,452948,Galen College of Nursing-Cincinnati,https://www.galencollege.edu/cincinnati,galencollege-cincinnati
0743555639229284352,2025-08-13T19:44:38.9889236+00:00,450933,Columbia Southern University,https://www.columbiasouthern.edu,columbiasouthern
0743555639485136896,2025-08-13T19:44:39.0499822+00:00,454786,Laurus College,https://www.lauruscollege.edu,lauruscollege
0743555639753572352,2025-08-13T19:44:39.1134789+00:00,449922,Appalachian College of Pharmacy,https://www.acp.edu,acp
0743555640022007808,2025-08-13T19:44:39.1778732+00:00,452373,ATA College-Cincinnati,https://www.ata.edu,ata
0743555640269471744,2025-08-13T19:44:39.2360745+00:00,449339,American Public University System,https://www.apus.edu,apus
0743555640525324288,2025-08-13T19:44:39.2971086+00:00,454865,Cambridge College of Healthcare & Technology,https://www.cambridgehealth.edu,cambridgehealth
0743555640793759744,2025-08-13T19:44:39.3619177+00:00,454838,Institute of Taoist Education and Acupuncture,https://www.itea.edu,itea
0743555641049612288,2025-08-13T19:44:39.4225672+00:00,455178,Daoist Traditions College of Chinese Medical Arts,https://daoisttraditions.edu,daoisttraditions
0743555641326436352,2025-08-13T19:44:39.4880331+00:00,454829,Aspen University,https://www.aspen.edu,aspen
0743555641586483200,2025-08-13T19:44:39.5502529+00:00,451750,Bryant & Stratton College-Wauwatosa,https://www.bryantstratton.edu,bryantstratton-wauwatosa
0743555641842335744,2025-08-13T19:44:39.6112122+00:00,453215,Strayer University-New Jersey,https://www.strayer.edu/campus-locations/new-jersey/piscataway,strayer-piscataway
0743555642098188288,2025-08-13T19:44:39.6721308+00:00,455813,Pontifical John Paul II Institute for Studies on Marriage and Family,https://www.johnpaulii.edu,johnpaulii
0743555642354040832,2025-08-13T19:44:39.7337754+00:00,456171,Urbana Theological Seminary,https://www.urbanatheologicalseminary.org,urbanatheologicalseminary
0743555642614087680,2025-08-13T19:44:39.7956299+00:00,454856,Denver College of Nursing,https://www.denvercollegeofnursing.edu,denvercollegeofnursing
0743555642882523136,2025-08-13T19:44:39.8595313+00:00,454689,Taft University System,https://www.taftu.edu,taftu
0743555643142569984,2025-08-13T19:44:39.9218964+00:00,455992,Vermont College of Fine Arts,https://www.vcfa.edu,vcfa
0743555643939487744,2025-08-13T19:44:40.1114827+00:00,456621,Strayer University-West Virginia,https://www.strayer.edu/campus-locations/west-virginia/teays-valley,strayer-scott-depot
0743555644203728896,2025-08-13T19:44:40.1749634+00:00,457086,Homestead Schools,https://www.homesteadschools.net,homesteadschools
0743555644476358656,2025-08-13T19:44:40.2393255+00:00,456490,Polytechnic University of Puerto Rico-Orlando,https://www.pupr.edu/orlando,pupr-orlando
0743555644732211200,2025-08-13T19:44:40.3001751+00:00,455804,Institute of World Politics,https://www.iwp.edu,iwp
0743555645004840960,2025-08-13T19:44:40.3658133+00:00,457226,Horizon University,https://www.horizonuniversity.edu,horizonuniversity
0743555645256499200,2025-08-13T19:44:40.4252223+00:00,455099,Urshan Graduate School of Theology,https://ugst.edu,ugst
0743555645516546048,2025-08-13T19:44:40.4877501+00:00,457299,Angeles College,https://www.angelescollege.edu,angelescollege
0743555645776592896,2025-08-13T19:44:40.5499352+00:00,457484,Pacific Rim Christian University,https://www.pacrim.edu/#home,pacrim
0743555646040834048,2025-08-13T19:44:40.6127179+00:00,457271,Academy for Jewish Religion California,https://www.ajrca.edu,ajrca
0743555646300880896,2025-08-13T19:44:40.6746389+00:00,457402,University of Fort Lauderdale,https://uftl.edu,uftl
0743555646560927744,2025-08-13T19:44:40.7367427+00:00,455406,Pacific Northwest University of Health Sciences,https://www.pnwu.edu,pnwu
0743555646825168896,2025-08-13T19:44:40.7996948+00:00,457527,Ambria College of Nursing,https://ambria.edu,ambria
0743555647097798656,2025-08-13T19:44:40.8640601+00:00,455433,The Chicago School at Anaheim,https://www.thechicagoschool.edu/in-the-community/locations,thechicagoschool-anaheim
0743555647353651200,2025-08-13T19:44:40.9257955+00:00,458210,West Coast University-Orange County,https://westcoastuniversity.edu,westcoastuniversity-anaheim
0743555647399788544,2025-08-13T19:44:40.9369682+00:00,454582,Ottawa University-Online,https://www.ottawa.edu,ottawaonline-ks
0743555647605309440,2025-08-13T19:44:40.9856281+00:00,457697,City Vision University,https://www.cityvision.edu,cityvision
0743555647873744896,2025-08-13T19:44:41.0492796+00:00,458113,Ascent College,https://ascent.edu,ascent
0743555648137986048,2025-08-13T19:44:41.1125459+00:00,458229,West Coast University-Ontario,https://westcoastuniversity.edu,westcoastuniversity-ontario
0743555648414810112,2025-08-13T19:44:41.1789308+00:00,458955,Strayer University-Mississippi,https://www.strayer.edu/campus-locations/mississippi/jackson,strayer-jackson
0743555648670662656,2025-08-13T19:44:41.2395207+00:00,458973,Strayer University-Texas,https://www.strayer.edu/campus-locations,strayer-farmers-branch
0743555648930709504,2025-08-13T19:44:41.3014542+00:00,458885,Strayer University-Arkansas,https://www.strayer.edu/campus-locations/arkansas/little-rock,strayer-little-rock
0743555649199144960,2025-08-13T19:44:41.3653562+00:00,459259,South University-Richmond,"https://www.southuniversity.edu/richmond#location=Richmond, VA",southuniversity-glen-allen
0743555649454997504,2025-08-13T19:44:41.4263967+00:00,459736,Touro University California,https://www.tu.edu,tu
0743555649740210176,2025-08-13T19:44:41.4947557+00:00,456481,Polytechnic University of Puerto Rico-Miami,https://www.pupr.edu/miami,pupr-miami
0743555649966702592,2025-08-13T19:44:41.5486959+00:00,459204,Unitek College,https://unitekcollege.edu,unitekcollege
0743555650226749440,2025-08-13T19:44:41.6105128+00:00,459727,Touro University Worldwide,https://www.tuw.edu,tuw
0743555650499379200,2025-08-13T19:44:41.6752269+00:00,459994,Strayer University-Global Region,https://www.strayer.edu,strayer-washington
0743555650755231744,2025-08-13T19:44:41.7367131+00:00,461120,Omega Graduate School,https://www.ogs.edu,ogs
0743555651015278592,2025-08-13T19:44:41.7989998+00:00,459824,Touro University Nevada,https://www.tun.touro.edu,touro-henderson
0743555651275325440,2025-08-13T19:44:41.8604931+00:00,459268,South University-Virginia Beach,"https://www.southuniversity.edu/virginia-beach#location=Virginia Beach, VA",southuniversity-virginia-beach
0743555651531177984,2025-08-13T19:44:41.9215634+00:00,461139,Jung Tao School of Classical Chinese Medicine,https://www.jungtao.edu,jungtao
0743555651799613440,2025-08-13T19:44:41.9851916+00:00,461032,Carolina College of Biblical Studies,https://ccbs.edu,ccbs
0743555652068048896,2025-08-13T19:44:42.0491302+00:00,461023,National Paralegal College,https://nationalparalegal.edu,nationalparalegal
0743555652332290048,2025-08-13T19:44:42.1124576+00:00,459745,The Chicago School at Washington DC,https://www.thechicagoschool.edu/washington-dc,thechicagoschool-washington
0743555652592336896,2025-08-13T19:44:42.1748419+00:00,461485,Shepherds Theological Seminary,https://shepherds.edu,shepherds
0743555652864966656,2025-08-13T19:44:42.2390046+00:00,462044,Institute for Doctoral Studies in the Visual Arts,https://www.idsva.edu,idsva
0743555653120819200,2025-08-13T19:44:42.3005707+00:00,461281,Jose Maria Vargas University,https://www.jmvu.edu,jmvu
0743555653401837568,2025-08-13T19:44:42.3671855+00:00,458919,Strayer University-Georgia,https://www.strayer.edu/campus-locations/georgia/chamblee,strayer-chamblee
0743555653657690112,2025-08-13T19:44:42.4280708+00:00,461148,New York Film Academy,https://www.nyfa.edu,nyfa
0743555653913542656,2025-08-13T19:44:42.4895741+00:00,461263,American Medical Sciences Center,https://www.amsc.edu,amsc
0743555654173589504,2025-08-13T19:44:42.5519549+00:00,461883,Millennia Atlantic University,https://www.maufl.edu/en/home,maufl
0743555654429442048,2025-08-13T19:44:42.6126191+00:00,475033,Relay Graduate School of Education,https://www.relay.edu,relay
0743555654962118656,2025-08-13T19:44:42.7395189+00:00,458964,Strayer University-South Carolina,https://www.strayer.edu/campus-locations/south-carolina/greenville,strayer-greenville
0743555655226359808,2025-08-13T19:44:42.8025160+00:00,475200,Whitworth University-Adult Degree Programs,https://www.whitworth.edu/cms,whitworth-spokane
0743555655478018048,2025-08-13T19:44:42.8625553+00:00,459213,Gurnick Academy of Medical Arts,https://www.gurnick.edu,gurnick
0743555655742259200,2025-08-13T19:44:42.9256713+00:00,469416,Dewey University-Manati,https://dewey.edu,dewey-manati
0743555656002306048,2025-08-13T19:44:42.9873778+00:00,475237,The University of America,https://ua-edu.us,ua-edu
0743555656262352896,2025-08-13T19:44:43.0497545+00:00,461643,Bergin University of Canine Studies,https://www.berginu.edu,berginu
0743555656526594048,2025-08-13T19:44:43.1124544+00:00,475839,Sessions College for Professional Design,https://www.sessions.edu,sessions
0743555656790835200,2025-08-13T19:44:43.1753569+00:00,475398,Catholic Distance University,https://cdu.edu,cdu
0743555657063464960,2025-08-13T19:44:43.2402968+00:00,475273,"Springfield College-Regional, Online, and Continuing Education",https://springfield.edu/regional-and-online,springfield-springfield
0743555657197682688,2025-08-13T19:44:43.2720039+00:00,475121,South University-Savannah Online,https://www.southuniversity.edu/online#location=Online Programs,southsavannah-online
0743555657315123200,2025-08-13T19:44:43.3007618+00:00,477039,West Coast University-Dallas,https://westcoastuniversity.edu,westcoastuniversity-richardson
0743555657575170048,2025-08-13T19:44:43.3625668+00:00,475495,Rocky Mountain University of Health Professions,https://rm.edu,rm
0743555657839411200,2025-08-13T19:44:43.4257361+00:00,475635,Beverly Hills Design Institute,https://www.bhdi.edu,bhdi
0743555658095263744,2025-08-13T19:44:43.4866165+00:00,475228,The Colleges of Law at Santa Barbara,https://www.collegesoflaw.edu,collegesoflaw-santa-barbara
0743555658380476416,2025-08-13T19:44:43.5542117+00:00,475714,American Medical Academy,https://www.ama.edu,ama
0743555658640523264,2025-08-13T19:44:43.6167773+00:00,480204,Platt College-Riverside,https://www.plattcollege.edu,plattcollege-riverside
0743555658900570112,2025-08-13T19:44:43.6789366+00:00,474863,Los Angeles Pacific University,https://www.lapu.edu,lapu
0743555659169005568,2025-08-13T19:44:43.7420289+00:00,480657,Rasmussen University-Kansas,https://rasmussen.edu,rasmussen-topeka
0743555659433246720,2025-08-13T19:44:43.8055120+00:00,480073,South University-Austin,"https://www.southuniversity.edu/austin#location=Austin, TX",southuniversity-round-rock
0743555659689099264,2025-08-13T19:44:43.8665406+00:00,476717,Be'er Yaakov Talmudic Seminary,https://www.byts.edu,byts
0743555659957534720,2025-08-13T19:44:43.9302473+00:00,481720,South University-High Point,"https://www.southuniversity.edu/high-point#location=High Point, NC",southuniversity-high-point
0743555660213387264,2025-08-13T19:44:43.9911560+00:00,461795,North American University,https://www.na.edu,na
0743555660477628416,2025-08-13T19:44:44.0547220+00:00,480198,Warner Pacific University Professional and Graduate Studies,https://www.warnerpacific.edu,warnerpacific-portland
0743555660729286656,2025-08-13T19:44:44.1141723+00:00,482422,DeVry University-Arizona,https://www.devry.edu,devry-phoenix
0743555660972556288,2025-08-13T19:44:44.1726715+00:00,480790,Rocky Vista University,https://www.rvu.edu,rvu
0743555661245186048,2025-08-13T19:44:44.2374919+00:00,482547,DeVry University-Nevada,https://www.devry.edu,devry-henderson
0743555661496844288,2025-08-13T19:44:44.2974330+00:00,481535,Sanford Burnham Prebys Medical Discovery Institute,https://www.sbpdiscovery.org/education/graduate-school,sbpdiscovery
0743555661752696832,2025-08-13T19:44:44.3584629+00:00,483373,Integrity College of Health,https://ich.edu,ich
0743555662021132288,2025-08-13T19:44:44.4223094+00:00,482699,South Georgia State College,https://www.sgsc.edu,sgsc
0743555662276984832,2025-08-13T19:44:44.4839869+00:00,483221,Learnet Academy Inc,https://learnet.edu,learnet
0743555662558003200,2025-08-13T19:44:44.5503436+00:00,484613,University of Phoenix-Arizona,https://www.phoenix.edu,phoenix-phoenix
0743555662797078528,2025-08-13T19:44:44.6078829+00:00,483780,Washington University of Science and Technology,https://www.wust.edu,wust
0743555663069708288,2025-08-13T19:44:44.6722780+00:00,481401,Grace School of Theology,https://www.gsot.edu,gsot
0743555663329755136,2025-08-13T19:44:44.7346844+00:00,481030,Future Generations University,https://www.future.edu,future
0743555663577219072,2025-08-13T19:44:44.7932859+00:00,481094,Sotheby's Institute of Art-NY,https://www.sothebysinstitute.com/Programmes/PNewyork.aspx,sothebysinstitute
0743555663841460224,2025-08-13T19:44:44.8561330+00:00,480091,Bryant & Stratton College-Online,https://www.bryantstratton.edu,bryantstratton-orchard-park
0743555664105701376,2025-08-13T19:44:44.9199857+00:00,484631,University of Phoenix-California,https://www.phoenix.edu,phoenix-ontario
0743555664361553920,2025-08-13T19:44:44.9803110+00:00,483975,Alabama College of Osteopathic Medicine,https://www.acom.edu,acom
0743555664625795072,2025-08-13T19:44:45.0435908+00:00,483595,Ana G. Mendez University,https://www.agmu.edu,agmu
0743555664894230528,2025-08-13T19:44:45.1072126+00:00,481058,Grace Mission University,https://www.gm.edu,gm
0743555665154277376,2025-08-13T19:44:45.1698753+00:00,482705,Northeastern University Professional Programs,https://www.northeastern.edu,northeastern-boston
0743555665405935616,2025-08-13T19:44:45.2294259+00:00,485403,High Tech High Graduate School of Education,https://hthgse.edu,hthgse
0743555665678565376,2025-08-13T19:44:45.2942797+00:00,485519,Lionel University,https://lionel.edu,lionel
0743555665934417920,2025-08-13T19:44:45.3554756+00:00,484871,Rabbinical College Ohr Yisroel,https://www.rabbinicalcollegeohryisroel.com,rabbinicalcollegeohryisroel
0743555666198659072,2025-08-13T19:44:45.4180215+00:00,485111,Georgia Military College,https://www.gmc.edu,gmc
0743555666458705920,2025-08-13T19:44:45.4808593+00:00,485467,Carrington College-Administrative Office,https://carrington.edu,carrington-sacramento
0743555666710364160,2025-08-13T19:44:45.5409831+00:00,486080,Elmezzi Graduate School of Molecular Medicine,https://www.northwell.edu/education-and-resources/elmezzi-graduate-school-of-molecular-medicine,northwell
0743555666978799616,2025-08-13T19:44:45.6047127+00:00,485546,California Intercontinental University,https://www.caluniversity.edu,caluniversity
0743555667251429376,2025-08-13T19:44:45.6692383+00:00,484710,University of Phoenix-Nevada,https://www.phoenix.edu,phoenix-las-vegas
0743555667511476224,2025-08-13T19:44:45.7319467+00:00,486433,Presidio Graduate School,https://www.presidio.edu,presidio
0743555667767328768,2025-08-13T19:44:45.7924052+00:00,486354,United International College,https://www.uinternational.edu,uinternational
0743555668031569920,2025-08-13T19:44:45.8558437+00:00,486488,California Jazz Conservatory,https://www.cjc.edu,cjc
0743555668300005376,2025-08-13T19:44:45.9198025+00:00,485768,Atlantis University,https://atlantisuniversity.edu,atlantisuniversity
0743555668572635136,2025-08-13T19:44:45.9845214+00:00,487153,The Chicago School at Xavier University of Louisiana,https://www.thechicagoschool.edu/in-the-community/locations,thechicagoschool-new-orleans
0743555668849459200,2025-08-13T19:44:46.0502773+00:00,484756,University of Phoenix-Texas,https://www.phoenix.edu,phoenix-dallas
0743555669096923136,2025-08-13T19:44:46.1093430+00:00,487603,Northwest University-Center for Online and Extended Education,https://www.northwestu.edu,northwestu-kirkland
0743555669348581376,2025-08-13T19:44:46.1698886+00:00,487995,Alhambra Medical University,https://www.amu.edu,amu
0743555669604433920,2025-08-13T19:44:46.2305584+00:00,487649,California Institute of Advanced Management,https://www.ciam.edu,ciam
0743555669864480768,2025-08-13T19:44:46.2927877+00:00,485272,West Coast University-Miami,https://westcoastuniversity.edu,westcoastuniversity-doral
0743555670116139008,2025-08-13T19:44:46.3524911+00:00,488387,Claremont Lincoln University,https://claremontlincoln.edu,claremontlincoln
0743555670371991552,2025-08-13T19:44:46.4136123+00:00,484862,University of West Los Angeles,https://www.uwla.edu,uwla
0743555670632038400,2025-08-13T19:44:46.4753384+00:00,488554,Burrell College of Osteopathic Medicine,https://burrell.edu,burrell
0743555670896279552,2025-08-13T19:44:46.5380956+00:00,486257,Valor Christian College,https://www.valorcollege.edu,valorcollege
0743555671147937792,2025-08-13T19:44:46.5986036+00:00,488527,Arkansas Colleges of Health Education,https://achehealth.edu,achehealth
0743555671412178944,2025-08-13T19:44:46.6613141+00:00,488679,Indiana Wesleyan University-National & Global,https://www.indwes.edu,indwes-marion
0743555671663837184,2025-08-13T19:44:46.7219114+00:00,486053,Bethlehem College & Seminary,https://bcsmn.edu,bcsmn
0743555671923884032,2025-08-13T19:44:46.7834208+00:00,488800,Teachers College of San Joaquin,https://www.teacherscollegesj.edu,teacherscollegesj
0743555672179736576,2025-08-13T19:44:46.8444470+00:00,488721,NationsUniversity,https://www.nationsu.edu,nationsu
0743555672439783424,2025-08-13T19:44:46.9064511+00:00,488004,Central Yeshiva Beth Joseph,https://centralyeshivabethjoseph.com,centralyeshivabethjoseph
0743555672704024576,2025-08-13T19:44:46.9690501+00:00,489779,Purdue University Global,https://www.purdueglobal.edu,purdueglobal
0743555672955682816,2025-08-13T19:44:47.0299304+00:00,488846,University of the People,https://www.uopeople.edu,uopeople
0743555673211535360,2025-08-13T19:44:47.0901375+00:00,488031,Abraham Lincoln University,https://www.alu.edu,alu
0743555673463193600,2025-08-13T19:44:47.1507679+00:00,489335,Institute of Buddhist Studies,https://www.shin-ibs.edu,shin-ibs
0743555673723240448,2025-08-13T19:44:47.2120322+00:00,487010,The University of Tennessee Health Science Center,https://www.uthsc.edu,uthsc
0743555673983287296,2025-08-13T19:44:47.2747017+00:00,490081,America Evangelical University,https://www.aeu.edu,aeu
0743555674243334144,2025-08-13T19:44:47.3362105+00:00,490045,Presbyterian Theological Seminary in America,https://ch.ptsa.edu/en,ptsa
0743555674494992384,2025-08-13T19:44:47.3964525+00:00,488572,California Health Sciences University,https://chsu.edu,chsu
0743555674755039232,2025-08-13T19:44:47.4587351+00:00,488907,Wongu University of Oriental Medicine,https://www.wongu.edu,wongu
0743555675015086080,2025-08-13T19:44:47.5207884+00:00,490106,Virginia University of Integrative Medicine,https://www.vuim.edu,vuim
0743555675270938624,2025-08-13T19:44:47.5818279+00:00,486239,San Ignacio University,https://www.sanignaciouniversity.edu,sanignaciouniversity
0743555675535179776,2025-08-13T19:44:47.6443071+00:00,490285,California Institute of Arts & Technology,https://www.ciat.edu,ciat
0743555675786838016,2025-08-13T19:44:47.7043727+00:00,488448,Seattle Film Institute,https://www.sfi.edu/#fronttable,sfi
0743555676306931712,2025-08-13T19:44:47.8283254+00:00,490124,Los Angeles Academy of Figurative Art,https://laafa.edu,laafa
0743555676558589952,2025-08-13T19:44:47.8884414+00:00,492069,Champion Christian College,https://champion.edu,champion
0743555676814442496,2025-08-13T19:44:47.9497703+00:00,490276,Yeshiva Shaar Ephraim,https://shaarephraim.org,shaarephraim
0743555677066100736,2025-08-13T19:44:48.0094982+00:00,490559,Gwinnett Institute,https://www.gwinnettcollege.edu,gwinnettcollege
0743555677321953280,2025-08-13T19:44:48.0701865+00:00,490328,Mechon L'hoyroa,https://www.mechonlhoyroa.com,mechonlhoyroa
0743555677590388736,2025-08-13T19:44:48.1342471+00:00,489858,West Coast University-Center for Graduate Studies,https://westcoastuniversity.edu,westcoastuniversity-los-angeles
0743555677837852672,2025-08-13T19:44:48.1936807+00:00,490753,Maine Media College,https://www.mainemedia.edu/college,mainemedia
0743555678102093824,2025-08-13T19:44:48.2569199+00:00,492801,Drury University-College of Continuing Professional Studies,https://www.drury.edu/go,drury-springfield
0743555678353752064,2025-08-13T19:44:48.3165369+00:00,493363,Institute of Lutheran Theology,https://ilt.edu,ilt
0743555678609604608,2025-08-13T19:44:48.3777891+00:00,491808,Meridian University,https://meridianuniversity.edu,meridianuniversity
0743555678873845760,2025-08-13T19:44:48.4408392+00:00,490878,Platt College-Anaheim,https://www.plattcollege.edu,plattcollege-anaheim
0743555679129698304,2025-08-13T19:44:48.5012191+00:00,492962,Indiana Institute of Technology-College of Professional Studies,https://cps.indianatech.edu,indianatech-fort-wayne
0743555679356190720,2025-08-13T19:44:48.5557382+00:00,490601,Kansas City University,,kansascityu
0743555679381356544,2025-08-13T19:44:48.5612242+00:00,493673,Professional University Dr. Carlos J. Borrero Rios,https://upcjbr.university,upcjbr
0743555679641403392,2025-08-13T19:44:48.6232290+00:00,492689,Texas Tech University Health Sciences Center-El Paso,https://elpaso.ttuhsc.edu,ttuhsc-el-paso
0743555679888867328,2025-08-13T19:44:48.6829436+00:00,493822,College Unbound,https://collegeunbound.edu,collegeunbound
0743555680148914176,2025-08-13T19:44:48.7449382+00:00,493600,Congregation Talmidei Mesivta Tiferes Shmiel Aleksander,https://yeshivaaleksander.org,yeshivaaleksander
0743555680417349632,2025-08-13T19:44:48.8081651+00:00,492704,Ponce Health Sciences University-Centro Universitario de San Juan,https://www.psm.edu,psm-santurce
0743555680664813568,2025-08-13T19:44:48.8679224+00:00,492263,The University of Tennessee System Office,https://www.tennessee.edu,tennessee
0743555680924860416,2025-08-13T19:44:48.9291963+00:00,490373,Western Michigan University Homer Stryker M.D. School of Medicine,https://wmed.edu,wmed
0743555681184907264,2025-08-13T19:44:48.9919453+00:00,493974,College of Athens,https://collegeofathens.edu,collegeofathens
0743555681440759808,2025-08-13T19:44:49.0527124+00:00,493895,SANS Technology Institute,https://www.sans.edu,sans
0743555681709195264,2025-08-13T19:44:49.1163667+00:00,494542,Sattler College,https://sattler.edu,sattler
0743555681969242112,2025-08-13T19:44:49.1780224+00:00,494010,Ponce Health Sciences University-St Louis,https://stlouis.psm.edu/#,psm-st-louis
0743555682216706048,2025-08-13T19:44:49.2379982+00:00,494551,Glasgow Caledonian New York College,https://www.gcnyc.edu,gcnyc
0743555682476752896,2025-08-13T19:44:49.2991177+00:00,492209,Reiss-Davis Graduate School,https://www.reissdavis.edu,reissdavis
0743555682728411136,2025-08-13T19:44:49.3598809+00:00,494597,Faith Theological Seminary and Christian College,https://www.ftscc.org,ftscc
0743555682988457984,2025-08-13T19:44:49.4218304+00:00,493947,Idaho College of Osteopathic Medicine,https://www.icom.edu,icom
0743555683244310528,2025-08-13T19:44:49.4824944+00:00,494746,North-West College-San Diego,https://nw.edu,nw
0743555683500163072,2025-08-13T19:44:49.5434075+00:00,493512,San Diego Global Knowledge University,https://sdgku.edu,sdgku
0743555683776987136,2025-08-13T19:44:49.6096841+00:00,495192,Alder Graduate School of Education,https://aldergse.edu,aldergse
0743555684041228288,2025-08-13T19:44:49.6726674+00:00,495314,Hackensack Meridian School of Medicine,https://www.hmsom.org,hmsom
0743555684284497920,2025-08-13T19:44:49.7303041+00:00,494630,Christ Mission College,https://cmctx.edu,cmctx
0743555684540350464,2025-08-13T19:44:49.7913420+00:00,496043,California University of Science and Medicine,https://www.cusm.org,cusm
0743555684800397312,2025-08-13T19:44:49.8537303+00:00,495916,Pathways College,https://www.pathwayscollege.edu,pathwayscollege
0743555685064638464,2025-08-13T19:44:49.9163902+00:00,495280,Indian Bible College,https://www.indianbible.org,indianbible
0743555685320491008,2025-08-13T19:44:49.9777337+00:00,492087,The Continents States University,https://www.continents.us,continents
0743555685588926464,2025-08-13T19:44:50.0414457+00:00,496186,California Institute of Arts & Technology-National City,https://www.ciat.edu,ciat-national-city
0743555685840584704,2025-08-13T19:44:50.1017293+00:00,496469,Daybreak University,https://daybreak.edu,daybreak
0743555686096437248,2025-08-13T19:44:50.1622855+00:00,496636,Antigua College International,https://www.antigua.edu,antigua
0743555686360678400,2025-08-13T19:44:50.2254050+00:00,495059,Oak Valley College,https://oakvalley.edu,oakvalley
0743555686624919552,2025-08-13T19:44:50.2888273+00:00,493956,Cal Northern School of Law,https://www.calnorthern.edu,calnorthern
0743555686880772096,2025-08-13T19:44:50.3498189+00:00,497000,Remington College-Online Dallas,https://www.remingtoncollege.edu/locations/online,remingtoncollege-dallas
0743555687136624640,2025-08-13T19:44:50.4106762+00:00,496399,Agape College of Business and Science,https://www.acbscollege.org,acbscollege
0743555687409254400,2025-08-13T19:44:50.4755851+00:00,496991,Galen Health Institutes-Miami Campus,https://galencollege.edu/campuses/miami,galencollege-pembroke-pines
0743555687660912640,2025-08-13T19:44:50.5355556+00:00,496681,Florida Academy of Nursing,https://www.fan.edu,fan
0743555687929348096,2025-08-13T19:44:50.5998044+00:00,496283,Provo College-Idaho Falls Campus,https://www.eaglegatecollege.edu,eaglegatecollege-idaho-falls
0743555688181006336,2025-08-13T19:44:50.6597629+00:00,496706,Lakewood University,https://lakewood.edu,lakewood
0743555688436858880,2025-08-13T19:44:50.7209454+00:00,494737,Yeshiva Yesoda Hatorah Vetz Chaim,https://yeshivayh.org,yeshivayh
0743555688696905728,2025-08-13T19:44:50.7826069+00:00,497693,Kansas Health Science Center,https://kansascom.kansashsc.org,kansashsc
0743555688969535488,2025-08-13T19:44:50.8471564+00:00,496326,Eagle Gate College-Boise Campus,https://www.eaglegatecollege.edu,eaglegatecollege-boise
0743555689225388032,2025-08-13T19:44:50.9085292+00:00,497666,California University-Silicon Valley,https://cusv.edu,cusv
0743555689481240576,2025-08-13T19:44:50.9690654+00:00,497116,Galen Health Institutes-Austin Campus,https://galencollege.edu/campuses/austin,galencollege-round-rock
0743555689741287424,2025-08-13T19:44:51.0310977+00:00,498076,Galen Health Institutes-Sarasota,https://galencollege.edu/campuses/sarasota,galencollege-sarasota
0743555689997139968,2025-08-13T19:44:51.0926212+00:00,498085,Galen Health Institutes-Gainesville,https://galencollege.edu/campuses/gainesville,galencollege-gainesville
0743555690252992512,2025-08-13T19:44:51.1534524+00:00,497453,Jackson Theological Seminary,https://jtseminary.edu,jtseminary
0743555690534010880,2025-08-13T19:44:51.2201767+00:00,498234,Larkin University,https://ularkin.org,ularkin
0743555690785669120,2025-08-13T19:44:51.2809467+00:00,494621,Lotus Professional College,https://lotus.edu,lotus
0743555691058298880,2025-08-13T19:44:51.3457329+00:00,498243,Pathways College-Arizona,https://www.pathwayscollege.edu,pathwayscollege-phoenix
0743555691297374208,2025-08-13T19:44:51.4022161+00:00,498474,Galen Health Institutes-Houston,https://galencollege.edu/campuses/houston,galencollege-houston
0743555691549032448,2025-08-13T19:44:51.4622640+00:00,497408,Bridges Christian College,https://www.bcc.edu,bcc
0743555691809079296,2025-08-13T19:44:51.5242217+00:00,498289,Pontifex University,https://www.pontifex.university,pontifex
0743555692077514752,2025-08-13T19:44:51.5881295+00:00,498809,Yeshiva of Kasho,https://yokny.org,yokny
0743555692341755904,2025-08-13T19:44:51.6510844+00:00,498906,Yeshivas Sanz Klauzenburg,https://yeshivasanzk.org,yeshivasanzk
0743555692597608448,2025-08-13T19:44:51.7128203+00:00,498915,Agora University,https://www.agora.edu,agora
0743555692870238208,2025-08-13T19:44:51.7779973+00:00,497125,Galen Health Institutes-Nashville Campus,https://galencollege.edu/campuses/nashville,galencollege-nashville
0743555693126090752,2025-08-13T19:44:51.8387066+00:00,499273,Galen Health Institutes-Dallas,https://galencollege.edu/campuses/dallas,galencollege-richardson
0743555693386137600,2025-08-13T19:44:51.9004762+00:00,499149,Herzing University-Nashville,https://www.herzing.edu,herzing-nashville
0743555693654573056,2025-08-13T19:44:51.9643227+00:00,497718,Academy for Jewish Religion,https://ajr.edu,ajr
0743555693918814208,2025-08-13T19:44:52.0271997+00:00,499398,Arizona College of Nursing-Cincinnati,https://www.arizonacollege.edu,arizonacollege-cincinnati
0743555694183055360,2025-08-13T19:44:52.0908181+00:00,499495,Gwinnett Institute,https://www.gwinnettcollege.edu,gwinnettcollege-orlando
0743555694443102208,2025-08-13T19:44:52.1520392+00:00,499671,Galen Health Institutes-Las Vegas,https://galencollege.edu,galencollege-las-vegas
0743555694703149056,2025-08-13T19:44:52.2147448+00:00,499635,EDP University of Puerto Rico-Caguas,https://www.edpuniversity.edu,edpuniversity-caguas
0743555694967390208,2025-08-13T19:44:52.2775388+00:00,244437,Georgia State University-Perimeter College,https://perimeter.gsu.edu,gsu-atlanta
0743555695219048448,2025-08-13T19:44:52.3374385+00:00,498119,Galen Health Institutes-Asheville,https://galencollege.edu/campuses/asheville,galencollege-asheville
0743555695504261120,2025-08-13T19:44:52.4051246+00:00,499404,Arizona College of Nursing-Cleveland,https://www.arizonacollege.edu,arizonacollege-beachwood
0743555695751725056,2025-08-13T19:44:52.4642501+00:00,499389,Arizona College of Nursing-Aurora,https://www.arizonacollege.edu,arizonacollege-aurora
0743555696015966208,2025-08-13T19:44:52.5275485+00:00,487092,Emory University-Oxford College,https://www.oxford.emory.edu,emory-oxford
0743555696267624448,2025-08-13T19:44:52.5870234+00:00,499370,Arizona College of Nursing-Sarasota,https://www.arizonacollege.edu,arizonacollege-university-park
0743555696523476992,2025-08-13T19:44:52.6485501+00:00,188696,Joffrey Ballet School,https://www.joffreyballetschool.com,joffreyballetschool
0743555696783523840,2025-08-13T19:44:52.7100205+00:00,216296,Thaddeus Stevens College of Technology,https://stevenscollege.edu,stevenscollege
0743555697131651072,2025-08-13T19:44:52.7932718+00:00,219903,Concorde Career College-Memphis,https://www.concorde.edu/campus/memphis-tennessee,concorde
0743555697312006144,2025-08-13T19:44:52.8360131+00:00,499422,Denver College of Nursing-Houston,https://www.denvercollegeofnursing.edu,denvercollegeofnursing-houston
0743555697563664384,2025-08-13T19:44:52.8964564+00:00,233338,Richard Bland College,https://www.rbc.edu,rbc
0743555697844682752,2025-08-13T19:44:52.9634035+00:00,386153,Seminar L'moros Bais Yaakov,https://seminarlmorosbaisyaakov.com,seminarlmorosbaisyaakov
0743555698096340992,2025-08-13T19:44:53.0230786+00:00,192509,Long Island Business Institute,https://www.libi.edu,libi
0743555698364776448,2025-08-13T19:44:53.0873079+00:00,218672,University of South Carolina-Lancaster,https://www.sc.edu/about/system_and_campuses/lancaster/index.php,sc-lancaster
0743555698608046080,2025-08-13T19:44:53.1455487+00:00,218690,University of South Carolina-Sumter,https://www.sc.edu/about/system_and_campuses/sumter/index.php,sc-sumter
0743555698876481536,2025-08-13T19:44:53.2090273+00:00,497107,University of Silicon Andhra,https://www.uofsa.edu,uofsa
0743555699144916992,2025-08-13T19:44:53.2730520+00:00,123679,Concorde Career College-Garden Grove,https://www.concorde.edu/campus/garden-grove-california,concorde-garden-grove
0743555699392380928,2025-08-13T19:44:53.3322397+00:00,198871,Louisburg College,https://www.louisburg.edu,louisburg
0743555699652427776,2025-08-13T19:44:53.3945398+00:00,365213,Autry Technology Center,https://autrytech.edu,autrytech
0743555699916668928,2025-08-13T19:44:53.4578079+00:00,491817,Seminary Bnos Chaim,https://www.seminarybnoschaim.com,seminarybnoschaim
0743555700185104384,2025-08-13T19:44:53.5215336+00:00,432524,Delaware College of Art and Design,https://www.dcad.edu,dcad
0743555700440956928,2025-08-13T19:44:53.5824721+00:00,124706,Concorde Career College-San Bernardino,https://www.concorde.edu/campus/san-bernardino-california,concorde-san-bernardino
0743555700701003776,2025-08-13T19:44:53.6446557+00:00,231411,Advanced Technology Institute,https://www.auto.edu,auto
0743555700986216448,2025-08-13T19:44:53.7120382+00:00,218681,University of South Carolina-Salkehatchie,https://sc.edu/about/system_and_campuses/salkehatchie/index.php,sc-allendale
0743555701221097472,2025-08-13T19:44:53.7682371+00:00,188669,The Ailey School,https://www.theaileyschool.edu,theaileyschool
0743555701481144320,2025-08-13T19:44:53.8306659+00:00,498924,URBE University,https://urbeuniversity.edu,urbeuniversity
0743555701745385472,2025-08-13T19:44:53.8935179+00:00,441742,Concorde Career College-Grand Prairie,https://www.concorde.edu/campus/grand-prairie-texas,concorde-grand-prairie
0743555702001238016,2025-08-13T19:44:53.9544881+00:00,187912,New Mexico Military Institute,https://www.nmmi.edu,nmmi
0743555702265479168,2025-08-13T19:44:54.0177369+00:00,216940,Williamson College of the Trades,https://www.williamson.edu,williamson
0743555702529720320,2025-08-13T19:44:54.0807862+00:00,200846,University of Akron Wayne College,https://wayne.uakron.edu,uakron-orrville
0743555702798155776,2025-08-13T19:44:54.1443118+00:00,190008,Circle in the Square Theatre School,https://www.circlesquare.org,circlesquare
0743555703045619712,2025-08-13T19:44:54.2031625+00:00,213233,Johnson College,https://www.johnson.edu,johnson
0743555703309860864,2025-08-13T19:44:54.2661983+00:00,188678,American Academy of Dramatic Arts-New York,https://www.aada.edu,aada
0743555703569907712,2025-08-13T19:44:54.3289517+00:00,455196,Jersey College,https://www.jerseycollege.edu,jerseycollege
0743555703834148864,2025-08-13T19:44:54.3917815+00:00,101648,Marion Military Institute,https://www.marionmilitary.edu,marionmilitary
0743555704098390016,2025-08-13T19:44:54.4545869+00:00,107585,University of Arkansas Community College-Morrilton,https://www.uaccm.edu,uaccm
0743555704371019776,2025-08-13T19:44:54.5195085+00:00,218706,University of South Carolina-Union,https://www.sc.edu/about/system_and_campuses/union/index.php,sc-union
0743555704626872320,2025-08-13T19:44:54.5800504+00:00,476939,FVI School of Nursing and Technology,https://www.fvi.edu,fvi
0743555704891113472,2025-08-13T19:44:54.6436342+00:00,120661,Concorde Career College-San Diego,https://www.concorde.edu/campus/san-diego-california,concorde-san-diego
0743555705155354624,2025-08-13T19:44:54.7061265+00:00,494463,Derech Hachaim Seminary,https://derechhachaimseminary.com,derechhachaimseminary
0743555705415401472,2025-08-13T19:44:54.7689870+00:00,460181,Concorde Career College-Dallas,https://www.concorde.edu/campus/dallas-texas,concorde-dallas
0743555705671254016,2025-08-13T19:44:54.8296829+00:00,126359,Bel-Rea Institute of Animal Technology,https://www.belrea.edu,belrea
0743555705939689472,2025-08-13T19:44:54.8934874+00:00,118198,MTI College,https://campus.edu,campus
0743555706203930624,2025-08-13T19:44:54.9562604+00:00,487658,Academy of Interactive Entertainment,https://lafayette.aie.edu,aie
0743555706455588864,2025-08-13T19:44:55.0167557+00:00,421841,New York Conservatory for Dramatic Arts,https://www.nycda.edu,nycda
0743555706724024320,2025-08-13T19:44:55.0809417+00:00,215682,Rosedale Technical College,https://www.rosedaletech.org,rosedaletech
0743555706984071168,2025-08-13T19:44:55.1422884+00:00,451413,Center for Allied Health Education,https://www.cahe.edu,cahe
0743555707248312320,2025-08-13T19:44:55.2055927+00:00,242042,Instituto Tecnologico de Puerto Rico-Recinto de Manati,https://itec.pr/ITPR-Joomla,itec
0743555707508359168,2025-08-13T19:44:55.2679010+00:00,493798,New York Seminary,https://thenyseminary.com,thenyseminary
0743555707776794624,2025-08-13T19:44:55.3319896+00:00,203386,Hondros College of Nursing,https://www.hondros.edu,hondros
0743555708045230080,2025-08-13T19:44:55.3954441+00:00,487588,Concorde Career College-Southaven,https://www.concorde.edu/campus/southaven-mississippi,concorde-southaven
0743555708305276928,2025-08-13T19:44:55.4573100+00:00,208479,Concorde Career College-Portland,https://www.concorde.edu/campus/portland-oregon,concorde-portland
0743555708552740864,2025-08-13T19:44:55.5160416+00:00,169655,MIAT College of Technology,https://miat.edu,miat
0743555708837953536,2025-08-13T19:44:55.5840620+00:00,242556,Instituto Tecnologico de Puerto Rico-Recinto de Guayama,https://www.de.gov/itec-2,de
0743555709085417472,2025-08-13T19:44:55.6434580+00:00,460206,Concorde Career College-San Antonio,https://www.concorde.edu/campus/san-antonio-texas,concorde-san-antonio
0743555709345464320,2025-08-13T19:44:55.7052867+00:00,483814,Standard Healthcare Services-College of Nursing,https://www.standardcollege.edu,standardcollege
0743555709609705472,2025-08-13T19:44:55.7687002+00:00,451352,Southeastern College-Charlotte,https://www.sec.edu,sec-charlotte
0743555709873946624,2025-08-13T19:44:55.8317054+00:00,108852,American Academy of Dramatic Arts-Los Angeles,https://www.aada.edu,aada-los-angeles
0743555710133993472,2025-08-13T19:44:55.8931938+00:00,151467,International Business College-Indianapolis,https://www.ibcindianapolis.edu,ibcindianapolis
0743555710389846016,2025-08-13T19:44:55.9547897+00:00,133845,Concorde Career Institute-Jacksonville,https://www.concorde.edu/campus/jacksonville-florida,concorde-jacksonville
0743555710654087168,2025-08-13T19:44:56.0176311+00:00,486424,Saint Michael College of Allied Health,https://www.smcah.edu,smcah
0743555710922522624,2025-08-13T19:44:56.0814908+00:00,133863,Concorde Career Institute-Tampa,https://www.concorde.edu/campus/tampa-florida,concorde-tampa
0743555711446810624,2025-08-13T19:44:56.2065542+00:00,369668,Central Pennsylvania Institute of Science and Technology,https://www.cpi.edu,cpi
0743555711706857472,2025-08-13T19:44:56.2682476+00:00,493646,Ohel Margulia Seminary,https://ohelmarguliaseminary.com,ohelmarguliaseminary
0743555711975292928,2025-08-13T19:44:56.3325335+00:00,443261,Southeastern College-Charleston,https://www.sec.edu,sec-north-charleston
0743555712222756864,2025-08-13T19:44:56.3919216+00:00,216083,South Hills School of Business & Technology,https://www.southhills.edu,southhills
0743555712499580928,2025-08-13T19:44:56.4577477+00:00,482185,Academy of Interactive Entertainment,https://seattle.aie.edu,aie-seattle
0743555712747044864,2025-08-13T19:44:56.5169526+00:00,133854,Concorde Career Institute-Miramar,https://www.concorde.edu/campus/miramar-florida,concorde-miramar
0743555713007091712,2025-08-13T19:44:56.5785395+00:00,178183,Midwest Institute,https://midwestinstitute.com,midwestinstitute
0743555713258749952,2025-08-13T19:44:56.6388525+00:00,449861,Milwaukee Career College,https://www.mkecc.edu,mkecc
0743555713531379712,2025-08-13T19:44:56.7035967+00:00,444866,Southeastern College-Columbia,https://www.sec.edu,sec-columbia
0743555713783037952,2025-08-13T19:44:56.7631888+00:00,215594,Reading Hospital School of Health Sciences,https://reading.towerhealth.org/academics/health-sciences,towerhealth
0743555714072444928,2025-08-13T19:44:56.8328210+00:00,417327,City College-Altamonte Springs,https://www.citycollege.edu,citycollege
0743555714298937344,2025-08-13T19:44:56.8867055+00:00,491446,Bnos Zion Of Bobov Seminary,https://www.bnoszionbobov.com,bnoszionbobov
0743555714558984192,2025-08-13T19:44:56.9486402+00:00,460190,Concorde Career Institute-Orlando,https://www.concorde.edu/campus/orlando-florida,concorde-orlando
0743555714819031040,2025-08-13T19:44:57.0108857+00:00,124937,Concorde Career College-North Hollywood,https://www.concorde.edu/campus/north-hollywood-california,concorde-north-hollywood
0743555715079077888,2025-08-13T19:44:57.0723790+00:00,145239,Fox College,https://www.foxcollege.edu,foxcollege
0743555715334930432,2025-08-13T19:44:57.1335679+00:00,481137,Shepherds College,https://www.shepherdscollege.edu,shepherdscollege
0743555715594977280,2025-08-13T19:44:57.1955881+00:00,490498,Digital Media Institute,https://www.dmi.edu,dmi
0743555715871801344,2025-08-13T19:44:57.2617170+00:00,242583,Instituto Tecnologico de Puerto Rico-Recinto de San Juan,https://instituto-tecnologico-de-puerto-rico-1.jimdosite.com,jimdosite
0743555716127653888,2025-08-13T19:44:57.3224245+00:00,441858,Eastern Virginia Career College,https://www.evcc.edu,evcc
0743555716375117824,2025-08-13T19:44:57.3812242+00:00,223472,Vet Tech Institute of Houston,https://www.vti.edu,vti
0743555716639358976,2025-08-13T19:44:57.4440365+00:00,441487,Texas County Technical College,https://www.texascountytech.edu,texascountytech
0743555716962320384,2025-08-13T19:44:57.5218398+00:00,250027,Laurel Business Institute,https://laurel.edu,laurel
0743555717163646976,2025-08-13T19:44:57.5697040+00:00,211802,DLP Conemaugh Memorial Medical Center,https://www.conemaugh.org/education,conemaugh
0743555717432082432,2025-08-13T19:44:57.6336314+00:00,477233,Evangel University-James River Assembly of God Church,https://www.evangel.edu,evangel-ozark
0743555717692129280,2025-08-13T19:44:57.6953850+00:00,377218,School of Automotive Machinists & Technology,https://samtech.edu,samtech
0743555717985730560,2025-08-13T19:44:57.7652327+00:00,437732,The Chicago School-College of Nursing,https://www.thechicagoschool.edu/in-the-community/locations,thechicagoschool
0743555718212222976,2025-08-13T19:44:57.8192976+00:00,214892,Penn Commercial Business/Technical School,https://www.penncommercial.edu,penncommercial
0743555718476464128,2025-08-13T19:44:57.8826751+00:00,406547,City College-Gainesville,https://www.citycollege.edu,citycollege-gainesville
0743555718740705280,2025-08-13T19:44:57.9450939+00:00,215390,Pittsburgh Institute of Mortuary Science Inc,https://www.pims.edu,pims
0743555719000752128,2025-08-13T19:44:58.0079969+00:00,449506,SABER College,https://sabercollege.edu,sabercollege
0743555719256604672,2025-08-13T19:44:58.0689358+00:00,446303,Healthcare Training Institute,https://www.htinj.edu,htinj
0743555719546011648,2025-08-13T19:44:58.1379800+00:00,460385,Geisinger-Lewistown Hospital School of Nursing,https://www.geisinger.org/geisinger-school-of-nursing,geisinger
0743555719772504064,2025-08-13T19:44:58.1913717+00:00,461254,Galaxy Medical College,https://www.galaxymedicalcollege.edu,galaxymedicalcollege
0743555720036745216,2025-08-13T19:44:58.2541944+00:00,126784,Colorado School of Trades,https://schooloftrades.edu,schooloftrades
0743555720296792064,2025-08-13T19:44:58.3163543+00:00,437237,IYRS School of Technology & Trades,https://www.iyrs.edu,iyrs
0743555720561033216,2025-08-13T19:44:58.3790431+00:00,476683,Athena Career Academy,https://www.athenacareers.edu,athenacareers
0743555720829468672,2025-08-13T19:44:58.4432332+00:00,215974,UPMC Shadyside School of Nursing,https://www.upmc.com/shyson,upmc
0743555721093709824,2025-08-13T19:44:58.5068744+00:00,215309,University of Pittsburgh-Titusville,https://www.titusville.pitt.edu/home,pitt-titusville
0743555721349562368,2025-08-13T19:44:58.5677385+00:00,493619,Young Americans College of the Performing Arts,https://www.yacollege.edu,yacollege
0743555721617997824,2025-08-13T19:44:58.6317030+00:00,193609,Neighborhood Playhouse School of the Theater,https://www.neighborhoodplayhouse.org,neighborhoodplayhouse
0743555721882238976,2025-08-13T19:44:58.6945709+00:00,369455,Worsham College of Mortuary Science,https://www.worsham.edu,worsham
0743555722142285824,2025-08-13T19:44:58.7569371+00:00,190707,CVPH Medical Center School of Radiologic Technology,https://www.cvph.org/Residency-and-Education/School-of-Radiology,cvph
0743555722406526976,2025-08-13T19:44:58.8190925+00:00,188915,Arnot Ogden Medical Center,https://www.arnothealth.org,arnothealth
0743555722674962432,2025-08-13T19:44:58.8835685+00:00,431600,UPMC Mercy School of Nursing,https://www.upmc.com/mercyson,upmc-pittsburgh
0743555722930814976,2025-08-13T19:44:58.9443726+00:00,225991,KD Conservatory College of Film and Dramatic Arts,https://www.kdstudio.com,kdstudio
0743555723211833344,2025-08-13T19:44:59.0115883+00:00,184968,Holy Name Medical Center-Sister Claire Tynan School of Nursing,https://holyname.org/SchoolofNursing,holyname
0743555723467685888,2025-08-13T19:44:59.0725329+00:00,190451,Pomeroy College of Nursing at Crouse Hospital,https://www.crouse.org/nursing,crouse
0743555723719344128,2025-08-13T19:44:59.1324070+00:00,149310,Taylor Business Institute,https://www.tbiil.edu,tbiil
0743555723979390976,2025-08-13T19:44:59.1943503+00:00,106546,Baptist Health College Little Rock,https://www.bhclr.edu,bhclr
0743555724243632128,2025-08-13T19:44:59.2577461+00:00,449612,Louisiana Culinary Institute,https://www.lci.edu,lci
0743555724503678976,2025-08-13T19:44:59.3190857+00:00,165060,Signature Healthcare Brockton Hospital School of Nursing,https://www.bhson.org,bhson
0743555724759531520,2025-08-13T19:44:59.3804893+00:00,488563,California College of Music,https://ccmla.edu,ccmla
0743555725027966976,2025-08-13T19:44:59.4444404+00:00,152497,Saint Elizabeth School of Nursing,https://www.steson.org,steson
0743555725292208128,2025-08-13T19:44:59.5076925+00:00,185679,JFK Muhlenberg Harold B. and Dorothy A. Snyder Schools,https://www.jfkmuhlenbergschools.org,jfkmuhlenbergschools
0743555725556449280,2025-08-13T19:44:59.5703324+00:00,213163,UPMC Jameson School of Nursing,https://www.upmc.com/healthcare-professionals/education/schools-of-nursing/campuses/jameson,upmc-new-castle
0743555726076542976,2025-08-13T19:44:59.6945807+00:00,190956,Belanger School of Nursing,https://www.ellismedicine.org/school-of-nursing,ellismedicine
0743555726328201216,2025-08-13T19:44:59.7544486+00:00,211635,Citizens School of Nursing,https://www.ahn.org/education/citizens-school-nursing,ahn
0743555726588248064,2025-08-13T19:44:59.8168802+00:00,214023,ASPIRA City College,https://aspiracitycollege.edu,aspiracitycollege
0743555726856683520,2025-08-13T19:44:59.8802238+00:00,195289,Samaritan Hospital School of Nursing,https://www.sphp.com/careers/schools-of-nursing,sphp
0743555727116730368,2025-08-13T19:44:59.9427206+00:00,220464,John A Gupton College,https://www.guptoncollege.edu,guptoncollege
0743555727376777216,2025-08-13T19:45:00.0041487+00:00,131830,National Conservatory of Dramatic Arts,https://www.theconservatory.org,theconservatory
0743555727645212672,2025-08-13T19:45:00.0689663+00:00,192961,St. Peter's Hospital College of Nursing,https://www.sphp.com/careers/schools-of-nursing,sphp-albany
0743555727896870912,2025-08-13T19:45:00.1289605+00:00,195702,Saint Elizabeth College of Nursing,https://www.secon.edu,secon
0743555728169500672,2025-08-13T19:45:00.1937077+00:00,145354,Graham Hospital School of Nursing,https://grahamschoolofnursing.org,grahamschoolofnursing
0743555728433741824,2025-08-13T19:45:00.2563669+00:00,100760,Central Alabama Community College,https://www.cacc.edu,cacc
0743555728689594368,2025-08-13T19:45:00.3175993+00:00,458034,Houston International College Cardiotech Ultrasound School,https://www.cardiotech.org,cardiotech
0743555728949641216,2025-08-13T19:45:00.3798910+00:00,101028,Chattahoochee Valley Community College,https://www.cv.edu,cv
0743555729209688064,2025-08-13T19:45:00.4414236+00:00,485856,Studio Incamminati,https://www.studioincamminati.edu,studioincamminati
0743555729473929216,2025-08-13T19:45:00.5045075+00:00,101240,Gadsden State Community College,https://www.gadsdenstate.edu,gadsdenstate
0743555729733976064,2025-08-13T19:45:00.5664126+00:00,457925,Portland Actors Conservatory,https://pac.edu,pac
0743555729994022912,2025-08-13T19:45:00.6280601+00:00,101161,Coastal Alabama Community College,https://www.coastalalabama.edu,coastalalabama
0743555730254069760,2025-08-13T19:45:00.6909225+00:00,195191,St. Joseph's College of Nursing,https://www.sjhcon.edu,sjhcon
0743555730518310912,2025-08-13T19:45:00.7538097+00:00,101286,George C Wallace Community College-Dothan,https://www.wallace.edu,wallace
0743555730778357760,2025-08-13T19:45:00.8157639+00:00,101301,George C Wallace State Community College-Selma,https://www.wccs.edu,wccs
0743555731042598912,2025-08-13T19:45:00.8787162+00:00,101462,J. F. Drake State Community and Technical College,https://drakestate.edu,drakestate
0743555731315228672,2025-08-13T19:45:00.9432582+00:00,216773,Western Pennsylvania Hospital School of Nursing,https://www.ahn.org/health-care-professionals/education/nursing/schools/west-penn-hospital,ahn-pittsburgh
0743555731562692608,2025-08-13T19:45:01.0025574+00:00,101143,Enterprise State Community College,https://www.escc.edu,escc
0743555731826933760,2025-08-13T19:45:01.0650259+00:00,101514,John C Calhoun State Community College,https://calhoun.edu,calhoun
0743555731906625536,2025-08-13T19:45:01.0843968+00:00,213622,UPMC St. Margaret School of Nursing,https://www.upmc.com/stmargson,stmargaret-nursing-pgh
0743555732086980608,2025-08-13T19:45:01.1271692+00:00,101569,Lawson State Community College,https://www.lawsonstate.edu,lawsonstate
0743555732334444544,2025-08-13T19:45:01.1866439+00:00,101602,Lurleen B Wallace Community College,https://www.lbwcc.edu,lbwcc
0743555732594491392,2025-08-13T19:45:01.2486478+00:00,204893,Trinity Health System School of Nursing,https://trinityson.com,trinityson
0743555732850343936,2025-08-13T19:45:01.3090320+00:00,101505,Jefferson State Community College,https://www.jeffersonstate.edu,jeffersonstate
0743555733106196480,2025-08-13T19:45:01.3701071+00:00,101897,Northeast Alabama Community College,https://www.nacc.edu,nacc
0743555733366243328,2025-08-13T19:45:01.4325190+00:00,101994,Reid State Technical College,https://www.rstc.edu,rstc
0743555733630484480,2025-08-13T19:45:01.4951751+00:00,102076,Snead State Community College,https://www.snead.edu,snead
0743555733886337024,2025-08-13T19:45:01.5568286+00:00,102313,H Councill Trenholm State Community College,https://www.trenholmstate.edu,trenholmstate
0743555734146383872,2025-08-13T19:45:01.6182848+00:00,103501,Alaska Career College,https://www.alaskacareercollege.edu,alaskacareercollege
0743555734419013632,2025-08-13T19:45:01.6835549+00:00,103893,Carrington College-Phoenix North,https://carrington.edu,carrington-phoenix
0743555734674866176,2025-08-13T19:45:01.7443664+00:00,102030,Bishop State Community College,https://www.bishop.edu,bishop
0743555734951690240,2025-08-13T19:45:01.8105356+00:00,103927,Carrington College-Tucson,https://carrington.edu,carrington-tucson
0743555735203348480,2025-08-13T19:45:01.8702975+00:00,461953,Colorado Academy of Veterinary Technology,https://www.cavt.edu,cavt
0743555735463395328,2025-08-13T19:45:01.9325187+00:00,102067,Shelton State Community College,https://www.sheltonstate.edu,sheltonstate
0743555735727636480,2025-08-13T19:45:01.9958193+00:00,104346,Central Arizona College,https://www.centralaz.edu,centralaz
0743555735996071936,2025-08-13T19:45:02.0596037+00:00,104160,Arizona Western College,https://www.azwestern.edu,azwestern
0743555736260313088,2025-08-13T19:45:02.1225239+00:00,103909,Carrington College-Mesa,https://carrington.edu,carrington-mesa
0743555736524554240,2025-08-13T19:45:02.1859759+00:00,105136,Maricopa Community College System Office,https://www.maricopa.edu,maricopa-tempe
0743555736780406784,2025-08-13T19:45:02.2469178+00:00,101295,George C Wallace State Community College-Hanceville,https://www.wallacestate.edu,wallacestate
0743555737032065024,2025-08-13T19:45:02.3069837+00:00,102429,Bevill State Community College,https://www.bscc.edu,bscc
0743555737292111872,2025-08-13T19:45:02.3688640+00:00,105154,Mesa Community College,https://www.mesacc.edu,mesacc
0743555737552158720,2025-08-13T19:45:02.4309255+00:00,103963,Miller-Motte College-Arizona Automotive Institute,https://www.aai.edu,aai
0743555737820594176,2025-08-13T19:45:02.4941901+00:00,105215,Universal Technical Institute of Arizona Inc-Motorcycle Mechanics Institute Division,https://www.uti.edu,uti
0743555738101612544,2025-08-13T19:45:02.5616252+00:00,105543,Pima Medical Institute-Albuquerque,https://pmi.edu,pmi-albuquerque
0743555738344882176,2025-08-13T19:45:02.6193286+00:00,104425,Cochise County Community College District,https://www.cochise.edu,cochise
0743555738617511936,2025-08-13T19:45:02.6840473+00:00,104577,Eastern Arizona College,https://www.eac.edu,eac
0743555738881753088,2025-08-13T19:45:02.7477424+00:00,105792,South Mountain Community College,https://www.southmountaincc.edu,southmountaincc
0743555739137605632,2025-08-13T19:45:02.8087446+00:00,106041,Universal Technical Institute of Arizona Inc,https://www.uti.edu,uti-avondale
0743555739401846784,2025-08-13T19:45:02.8713663+00:00,106449,Arkansas State University-Beebe,https://www.asub.edu,asub
0743555739661893632,2025-08-13T19:45:02.9332064+00:00,101736,Northwest Shoals Community College,https://www.nwscc.edu,nwscc
0743555739905163264,2025-08-13T19:45:02.9918263+00:00,106625,Black River Technical College,https://www.blackrivertech.edu,blackrivertech
0743555740169404416,2025-08-13T19:45:03.0546595+00:00,105747,Scottsdale Community College,https://www.scottsdalecc.edu,scottsdalecc
0743555740437839872,2025-08-13T19:45:03.1182789+00:00,105659,Refrigeration School Inc,https://www.rsi.edu,rsi
0743555740693692416,2025-08-13T19:45:03.1796160+00:00,105428,Phoenix College,https://www.phoenixcollege.edu,phoenixcollege
0743555740953739264,2025-08-13T19:45:03.2416400+00:00,106883,East Arkansas Community College,https://www.eacc.edu,eacc
0743555741217980416,2025-08-13T19:45:03.3046297+00:00,107327,Arkansas Northeastern College,https://www.anc.edu,anc
0743555741473832960,2025-08-13T19:45:03.3652951+00:00,107318,Arkansas State University Mid-South,https://www.asumidsouth.edu,asumidsouth
0743555741729685504,2025-08-13T19:45:03.4264115+00:00,107123,Jefferson Regional School of Nursing,https://www.jrmc.org,jrmc
0743555741989732352,2025-08-13T19:45:03.4884374+00:00,105206,Mohave Community College,https://www.mohave.edu,mohave
0743555742245584896,2025-08-13T19:45:03.5493708+00:00,107460,North Arkansas College,https://www.northark.edu,northark
0743555742501437440,2025-08-13T19:45:03.6104730+00:00,107549,Ozarka College,https://www.ozarka.edu,ozarka
0743555742748901376,2025-08-13T19:45:03.6698172+00:00,107619,Phillips Community College of the University of Arkansas,https://www.pccua.edu,pccua
0743555743008948224,2025-08-13T19:45:03.7310583+00:00,107664,University of Arkansas-Pulaski Technical College,https://uaptc.edu,uaptc
0743555743273189376,2025-08-13T19:45:03.7943846+00:00,107743,University of Arkansas Community College Rich Mountain,https://www.uarichmountain.edu,uarichmountain
0743555743529041920,2025-08-13T19:45:03.8551707+00:00,107725,University of Arkansas Hope-Texarkana,https://www.uaht.edu,uaht
0743555743784894464,2025-08-13T19:45:03.9161769+00:00,106980,National Park College,https://www.np.edu,np
0743555744053329920,2025-08-13T19:45:03.9805697+00:00,107974,South Arkansas College,https://www.southark.edu,southark
0743555744304988160,2025-08-13T19:45:04.0408324+00:00,106795,Cossatot Community College of the University of Arkansas,https://www.cccua.edu,cccua
0743555744569229312,2025-08-13T19:45:04.1030233+00:00,107992,Southern Arkansas University Tech,https://www.sautech.edu,sautech
0743555744837664768,2025-08-13T19:45:04.1671594+00:00,108667,College of Alameda,https://alameda.edu,alameda
0743555745101905920,2025-08-13T19:45:04.2308452+00:00,109040,American Career College-Los Angeles,https://americancareercollege.edu,americancareercollege
0743555745370341376,2025-08-13T19:45:04.2941617+00:00,109208,American River College,https://www.arc.losrios.edu,losrios
0743555745634582528,2025-08-13T19:45:04.3578659+00:00,106999,University of Arkansas Community College-Batesville,https://www.uaccb.edu,uaccb
0743555745915600896,2025-08-13T19:45:04.4244202+00:00,105349,Northland Pioneer College,https://www.npc.edu,npc
0743555746163064832,2025-08-13T19:45:04.4835993+00:00,109907,Barstow Community College,https://www.barstow.edu,barstow
0743555746439888896,2025-08-13T19:45:04.5492811+00:00,108807,Allan Hancock College,https://www.hancockcollege.edu,hancockcollege
0743555746687352832,2025-08-13T19:45:04.6085656+00:00,107637,Southeast Arkansas College,https://www.seark.edu,seark
0743555746939011072,2025-08-13T19:45:04.6686108+00:00,107521,Arkansas State University Three Rivers,https://www.asutr.edu,asutr
0743555747199057920,2025-08-13T19:45:04.7306093+00:00,111434,Canada College,https://canadacollege.edu,canadacollege
0743555747454910464,2025-08-13T19:45:04.7919999+00:00,105525,Pima Community College,https://www.pima.edu,pima
0743555747727540224,2025-08-13T19:45:04.8563051+00:00,110246,Butte College,https://www.butte.edu,butte
0743555747991781376,2025-08-13T19:45:04.9193999+00:00,452106,Escuela De Troqueleria Y Herramentaje,https://escuelatroqueleria.jimdo.com,jimdo
0743555748251828224,2025-08-13T19:45:04.9815285+00:00,107840,Shorter College,https://www.shortercollege.edu,shortercollege
0743555748520263680,2025-08-13T19:45:05.0450560+00:00,111939,Chaffey College,https://www.chaffey.edu,chaffey
0743555748776116224,2025-08-13T19:45:05.1066123+00:00,110334,Cabrillo College,https://www.cabrillo.edu,cabrillo
0743555749044551680,2025-08-13T19:45:05.1700568+00:00,112561,Columbia College,https://www.gocolumbia.edu,gocolumbia
0743555749308792832,2025-08-13T19:45:05.2337427+00:00,112172,Citrus College,https://www.citruscollege.edu,citruscollege
0743555749577228288,2025-08-13T19:45:05.2976274+00:00,111920,Chabot College,https://www.chabotcollege.edu,chabotcollege
0743555749833080832,2025-08-13T19:45:05.3580258+00:00,112376,Coast Community College District Office,https://www.cccd.edu,cccd
0743555750097321984,2025-08-13T19:45:05.4215427+00:00,112826,Contra Costa College,https://www.contracosta.edu,contracosta
0743555750348980224,2025-08-13T19:45:05.4813621+00:00,112686,Compton College,https://www.compton.edu,compton
0743555750604832768,2025-08-13T19:45:05.5425722+00:00,111896,Cerro Coso Community College,https://cerrocoso.edu,cerrocoso
0743555750877462528,2025-08-13T19:45:05.6074062+00:00,113096,Cosumnes River College,https://www.crc.losrios.edu,losrios-sacramento
0743555751137509376,2025-08-13T19:45:05.6690108+00:00,113193,Cuesta College,https://www.cuesta.edu,cuesta
0743555751397556224,2025-08-13T19:45:05.7318286+00:00,113333,De Anza College,https://www.deanza.edu,deanza
0743555751649214464,2025-08-13T19:45:05.7915150+00:00,112817,Contra Costa Community College District Office,https://www.4cd.edu,4cd
0743555751909261312,2025-08-13T19:45:05.8531704+00:00,113218,Cuyamaca College,https://www.cuyamaca.edu,cuyamaca
0743555752177696768,2025-08-13T19:45:05.9174115+00:00,113111,Crafton Hills College,https://www.craftonhills.edu,craftonhills
0743555752437743616,2025-08-13T19:45:05.9798338+00:00,113980,El Camino Community College District,https://www.elcamino.edu,elcamino
0743555752693596160,2025-08-13T19:45:06.0405441+00:00,109934,Bellus Academy-Chula Vista,https://www.bellusacademy.edu,bellusacademy
0743555752949448704,2025-08-13T19:45:06.1017190+00:00,112385,Coastline Community College,https://www.coastline.edu,coastline
0743555753222078464,2025-08-13T19:45:06.1662414+00:00,112190,City College of San Francisco,https://www.ccsf.edu,ccsf
0743555753498902528,2025-08-13T19:45:06.2322361+00:00,114859,Fullerton College,https://www.fullcoll.edu,fullcoll
0743555753746366464,2025-08-13T19:45:06.2913896+00:00,114938,Gavilan College,https://www.gavilan.edu,gavilan
0743555754014801920,2025-08-13T19:45:06.3554494+00:00,114266,Evergreen Valley College,https://www.evc.edu,evc
0743555754274848768,2025-08-13T19:45:06.4173738+00:00,111887,Cerritos College,https://www.cerritos.edu,cerritos
0743555754539089920,2025-08-13T19:45:06.4806117+00:00,115126,Golden West College,https://www.goldenwestcollege.edu,goldenwestcollege
0743555754794942464,2025-08-13T19:45:06.5413679+00:00,113634,Diablo Valley College,https://www.dvc.edu,dvc
0743555755059183616,2025-08-13T19:45:06.6046594+00:00,115296,Grossmont College,https://www.grossmont.edu,grossmont
0743555755310841856,2025-08-13T19:45:06.6648229+00:00,114789,Fresno City College,https://www.fresnocitycollege.edu,fresnocitycollege
0743555755575083008,2025-08-13T19:45:06.7270857+00:00,113856,East Los Angeles College,https://www.elac.edu,elac
0743555755830935552,2025-08-13T19:45:06.7885133+00:00,115861,Imperial Valley College,https://www.imperial.edu,imperial
0743555756095176704,2025-08-13T19:45:06.8515186+00:00,116563,Bellus Academy-El Cajon,https://www.bellusacademy.edu,bellusacademy-el-cajon
0743555756359417856,2025-08-13T19:45:06.9144127+00:00,117052,Reedley College,https://www.reedleycollege.edu,reedleycollege
0743555756615270400,2025-08-13T19:45:06.9757159+00:00,117247,Laney College,https://laney.edu,laney
0743555756879511552,2025-08-13T19:45:07.0387511+00:00,115931,Institute for Business and Technology,https://ibt.edu,ibt
0743555757143752704,2025-08-13T19:45:07.1016141+00:00,115393,Hartnell College,https://www.hartnell.edu,hartnell
0743555757412188160,2025-08-13T19:45:07.1650686+00:00,115001,Glendale Community College,https://www.glendale.edu,glendale
0743555757676429312,2025-08-13T19:45:07.2283382+00:00,117690,Los Angeles Harbor College,https://www.lahc.edu,lahc
0743555757919698944,2025-08-13T19:45:07.2865597+00:00,117274,Lassen Community College,https://www.lassencollege.edu,lassencollege
0743555758188134400,2025-08-13T19:45:07.3506828+00:00,117715,Los Angeles Southwest College,https://www.lasc.edu,lasc
0743555758439792640,2025-08-13T19:45:07.4103896+00:00,117724,Los Angeles Trade Technical College,https://www.lattc.edu,lattc
0743555758708228096,2025-08-13T19:45:07.4746565+00:00,117645,Long Beach City College,https://www.lbcc.edu,lbcc
0743555758959886336,2025-08-13T19:45:07.5346279+00:00,113573,College of the Desert,https://www.collegeofthedesert.edu,collegeofthedesert
0743555759211544576,2025-08-13T19:45:07.5949986+00:00,117706,Los Angeles Pierce College,https://www.lapc.edu,lapc
0743555759467397120,2025-08-13T19:45:07.6554662+00:00,117867,Los Angeles Mission College,https://www.lamission.edu,lamission
0743555759727443968,2025-08-13T19:45:07.7173650+00:00,117788,Los Angeles City College,https://www.lacitycollege.edu,lacitycollege
0743555759995879424,2025-08-13T19:45:07.7818707+00:00,111461,College of the Canyons,https://www.canyons.edu,canyons
0743555760515973120,2025-08-13T19:45:07.9059436+00:00,118718,Merced College,https://www.mccd.edu,mccd
0743555760776019968,2025-08-13T19:45:07.9670307+00:00,117195,Lake Tahoe Community College,https://www.ltcc.edu,ltcc
0743555761036066816,2025-08-13T19:45:08.0293163+00:00,118347,College of Marin,https://www.marin.edu,marin
0743555761296113664,2025-08-13T19:45:08.0912377+00:00,116439,Irvine Valley College,https://www.ivc.edu,ivc
0743555761560354816,2025-08-13T19:45:08.1545537+00:00,117894,Los Medanos College,https://www.losmedanos.edu,losmedanos
0743555761820401664,2025-08-13T19:45:08.2162964+00:00,118930,Mission College,https://www.missioncollege.edu,missioncollege
0743555762080448512,2025-08-13T19:45:08.2783602+00:00,117733,Los Angeles Valley College,https://www.lavc.edu,lavc
0743555762340495360,2025-08-13T19:45:08.3408270+00:00,119164,Mt San Antonio College,https://www.mtsac.edu,mtsac
0743555762608930816,2025-08-13T19:45:08.4042196+00:00,119137,Moorpark College,https://www.moorparkcollege.edu/index.shtml,moorparkcollege
0743555762881560576,2025-08-13T19:45:08.4690699+00:00,120290,Ohlone College,https://www.ohlone.edu,ohlone
0743555763141607424,2025-08-13T19:45:08.5314401+00:00,115287,Grossmont-Cuyamaca Community College District,https://www.gcccd.edu,gcccd
0743555763401654272,2025-08-13T19:45:08.5934793+00:00,117803,Los Angeles County College of Nursing and Allied Health,https://dhs.lacounty.gov/college-of-nursing-and-allied-health,lacounty
0743555763657506816,2025-08-13T19:45:08.6547190+00:00,120342,Orange Coast College,https://orangecoastcollege.edu,orangecoastcollege
0743555763921747968,2025-08-13T19:45:08.7172230+00:00,119331,Napa Valley College,https://www.napavalley.edu,napavalley
0743555763938525184,2025-08-13T19:45:08.7214296+00:00,117900,Los Rios Community College District Office,https://www.losrios.edu,losrios-sacramento-district
0743555764198572032,2025-08-13T19:45:08.7837452+00:00,120078,North-West College-West Covina,https://www.nw.edu/locations/west-covina-campus,nw-west-covina
0743555764454424576,2025-08-13T19:45:08.8442735+00:00,118772,Merritt College,https://www.merritt.edu,merritt
0743555764718665728,2025-08-13T19:45:08.9074279+00:00,121363,Porterville College,https://www.portervillecollege.edu,portervillecollege
0743555764966129664,2025-08-13T19:45:08.9667887+00:00,118684,Mendocino College,https://www.mendocino.edu,mendocino
0743555765238759424,2025-08-13T19:45:09.0311662+00:00,121044,Pasadena City College,https://pasadena.edu,pasadena
0743555765750464512,2025-08-13T19:45:09.1535288+00:00,121901,Riverside City College,https://www.rcc.edu,rcc
0743555766018899968,2025-08-13T19:45:09.2179815+00:00,122205,Saddleback College,https://www.saddleback.edu,saddleback
0743555766270558208,2025-08-13T19:45:09.2778115+00:00,121707,College of the Redwoods,https://www.redwoods.edu,redwoods
0743555766547382272,2025-08-13T19:45:09.3432929+00:00,119067,Monterey Peninsula College,https://www.mpc.edu,mpc
0743555766815817728,2025-08-13T19:45:09.4076467+00:00,122384,San Diego Miramar College,https://www.sdmiramar.edu,sdmiramar
0743555767080058880,2025-08-13T19:45:09.4701540+00:00,122737,San Jose-Evergreen Community College District,https://www.sjeccd.edu,sjeccd
0743555767340105728,2025-08-13T19:45:09.5327304+00:00,121178,Peralta Community College System Office,https://www.peralta.edu,peralta
0743555767587569664,2025-08-13T19:45:09.5912083+00:00,122791,College of San Mateo,https://www.collegeofsanmateo.edu,collegeofsanmateo
0743555767851810816,2025-08-13T19:45:09.6542378+00:00,122658,San Joaquin Delta College,https://www.deltacollege.edu,deltacollege
0743555768099274752,2025-08-13T19:45:09.7130521+00:00,122180,Sacramento City College,https://www.scc.losrios.edu,scc-sacramento
0743555768111857664,2025-08-13T19:45:09.7161082+00:00,122339,San Diego City College,https://www.sdcity.edu,sdcity
0743555768380293120,2025-08-13T19:45:09.7804691+00:00,123013,Santa Rosa Junior College,https://www.santarosa.edu,santarosa
0743555768648728576,2025-08-13T19:45:09.8449606+00:00,123484,College of the Siskiyous,https://www.siskiyous.edu,siskiyous
0743555768921358336,2025-08-13T19:45:09.9098607+00:00,122694,San Joaquin Valley College-Bakersfield,https://www.sjvc.edu,sjvc-bakersfield
0743555769181405184,2025-08-13T19:45:09.9711691+00:00,123217,College of the Sequoias,https://www.cos.edu,cos
0743555769433063424,2025-08-13T19:45:10.0312601+00:00,123527,San Bernardino Valley College,https://www.valleycollege.edu,valleycollege
0743555769693110272,2025-08-13T19:45:10.0939909+00:00,123800,Southwestern College,https://www.swccd.edu,swccd
0743555769953157120,2025-08-13T19:45:10.1552758+00:00,120971,Palomar College,https://www2.palomar.edu,palomar
0743555770225786880,2025-08-13T19:45:10.2206801+00:00,123642,South Coast College,https://www.southcoastcollege.edu,southcoastcollege
0743555770477445120,2025-08-13T19:45:10.2808033+00:00,124113,Taft College,https://www.taftcollege.edu,taftcollege
0743555770741686272,2025-08-13T19:45:10.3439598+00:00,125019,Ventura County Community College System Office,https://www.vcccd.edu,vcccd
0743555771010121728,2025-08-13T19:45:10.4072459+00:00,123925,State Center Community College District,https://www.scccd.edu,scccd
0743555771274362880,2025-08-13T19:45:10.4705883+00:00,123341,Sierra College,https://www.sierracollege.edu,sierracollege
0743555771546992640,2025-08-13T19:45:10.5357500+00:00,122746,San Jose City College,https://www.sjcc.edu,sjcc
0743555771794456576,2025-08-13T19:45:10.5942149+00:00,125170,Berkeley City College,https://www.berkeleycitycollege.edu,berkeleycitycollege
0743555772054503424,2025-08-13T19:45:10.6568863+00:00,120953,Palo Verde College,https://www.paloverde.edu,paloverde
0743555772322938880,2025-08-13T19:45:10.7200962+00:00,120421,Oxnard College,https://www.oxnardcollege.edu,oxnardcollege
0743555772666871808,2025-08-13T19:45:10.8022843+00:00,125222,West Valley Mission Community College District Office,https://westvalley.edu,westvalley
0743555772859809792,2025-08-13T19:45:10.8482854+00:00,122889,Santa Barbara City College,https://www.sbcc.edu,sbcc
0743555773124050944,2025-08-13T19:45:10.9110835+00:00,125499,West Valley College,https://www.westvalley.edu,westvalley-saratoga
0743555773388292096,2025-08-13T19:45:10.9743420+00:00,125091,Victor Valley College,https://www.vvc.edu,vvc
0743555773627367424,2025-08-13T19:45:11.0319954+00:00,126119,Yuba College,https://yc.yccd.edu,yccd
0743555773891608576,2025-08-13T19:45:11.0948026+00:00,125028,Ventura College,https://www.venturacollege.edu,venturacollege
0743555774147461120,2025-08-13T19:45:11.1555394+00:00,125462,Coalinga College,https://www.westhillscollege.com/coalinga,westhillscollege
0743555774411702272,2025-08-13T19:45:11.2189689+00:00,127732,Northeastern Junior College,https://www.njc.edu,njc
0743555774667554816,2025-08-13T19:45:11.2791839+00:00,127389,Lamar Community College,https://www.lamarcc.edu,lamarcc
0743555774927601664,2025-08-13T19:45:11.3416895+00:00,119216,Mt San Jacinto Community College District,https://www.msjc.edu,msjc
0743555775187648512,2025-08-13T19:45:11.4037635+00:00,128151,Pickens Technical College,https://www.pickenstech.org,pickenstech
0743555775456083968,2025-08-13T19:45:11.4672978+00:00,128188,Intellitec College-Grand Junction,https://intellitec.edu,intellitec
0743555775720325120,2025-08-13T19:45:11.5309483+00:00,128577,Asnuntuck Community College,https://www.asnuntuck.edu,asnuntuck
0743555775988760576,2025-08-13T19:45:11.5943103+00:00,126748,Colorado Northwestern Community College,https://www.cncc.edu,cncc
0743555776257196032,2025-08-13T19:45:11.6587172+00:00,129482,American Institute-West Hartford,https://americaninstitute.edu,americaninstitute
0743555776517242880,2025-08-13T19:45:11.7201512+00:00,129367,Connecticut State Community College,https://ctstate.edu,ctstate
0743555776777289728,2025-08-13T19:45:11.7820854+00:00,126951,Lincoln College of Technology-Denver,https://www.lincolntech.edu/campus/denver-co,lincolntech
0743555777037336576,2025-08-13T19:45:11.8440989+00:00,126863,Community College of Aurora,https://www.ccaurora.edu,ccaurora
0743555777309966336,2025-08-13T19:45:11.9091203+00:00,129729,Naugatuck Valley Community College,https://nv.edu,nv
0743555777557430272,2025-08-13T19:45:11.9689030+00:00,127778,Otero College,https://www.otero.edu,otero
0743555777834254336,2025-08-13T19:45:12.0341918+00:00,129756,Middlesex Community College,https://www.mxcc.edu,mxcc
0743555778090106880,2025-08-13T19:45:12.0959895+00:00,130004,Connecticut State Community College Norwalk,https://ctstate.edu,ctstate-norwalk
0743555778362736640,2025-08-13T19:45:12.1604308+00:00,129808,Three Rivers Community College,https://www.threerivers.edu,threerivers
0743555778828304384,2025-08-13T19:45:12.2712780+00:00,130040,Northwestern Connecticut Community College,https://www.nwcc.commnet.edu,commnet
0743555778840887296,2025-08-13T19:45:12.2740565+00:00,129181,Lincoln Technical Institute-East Windsor,https://www.lincolntech.edu/campus/east-windsor-ct,lincolntech-east-windsor
0743555779067379712,2025-08-13T19:45:12.3288337+00:00,129543,Connecticut State Community College Housatonic,https://ctstate.edu/housatonic,ctstate-bridgeport
0743555779394535424,2025-08-13T19:45:12.4067685+00:00,130606,Connecticut State Community College Tunxis,https://www.tunxis.edu,tunxis
0743555779587473408,2025-08-13T19:45:12.4525391+00:00,130396,Connecticut State Community College Gateway,https://ctstate.edu/gateway,ctstate-new-haven
0743555779914629120,2025-08-13T19:45:12.5309359+00:00,128179,Intellitec College-Colorado Springs,https://intellitec.edu,intellitec-colorado-springs
0743555780099178496,2025-08-13T19:45:12.5746500+00:00,134291,George Stone Technical College,https://www.georgestonecollege.edu,georgestonecollege
0743555780489248768,2025-08-13T19:45:12.6679821+00:00,133997,Florida Career College-Miami,https://www.floridacareercollege.edu,floridacareercollege
0743555780623466496,2025-08-13T19:45:12.6990486+00:00,135294,Lindsey Hopkins Technical College,https://www.lindseyhopkins.edu,lindseyhopkins
0743555780963205120,2025-08-13T19:45:12.7800156+00:00,135407,Manatee Technical College,https://www.manateetech.edu,manateetech
0743555781156143104,2025-08-13T19:45:12.8261187+00:00,130217,Quinebaug Valley Community College,https://qvcc.edu,qvcc
0743555781529436160,2025-08-13T19:45:12.9154381+00:00,135647,Miami Lakes Educational Center and Technical College,https://miamilakes.edu,miamilakes
0743555781655265280,2025-08-13T19:45:12.9458541+00:00,136826,Robert Morgan Educational Center and Technical College,https://www.robertmorgantech.net,robertmorgantech
0743555781986615296,2025-08-13T19:45:13.0245041+00:00,129695,Manchester Community College,https://www.manchestercc.edu,manchestercc
0743555782171164672,2025-08-13T19:45:13.0680860+00:00,137087,Pinellas Technical College-St. Petersburg,https://www.myptc.edu,myptc
0743555782515097600,2025-08-13T19:45:13.1502172+00:00,135735,Orange Technical College-South Campus,https://www.orangetechcollege.net,orangetechcollege
0743555782695452672,2025-08-13T19:45:13.1932709+00:00,129923,Lincoln Technical Institute-New Britain,https://www.lincolntech.edu/campus/new-britain-ct,lincolntech-new-britain
0743555783135854592,2025-08-13T19:45:13.2985670+00:00,137120,Suncoast Technical College,https://www.sarasotacountyschools.net/suncoasttechnicalcollege,sarasotacountyschools
0743555783223934976,2025-08-13T19:45:13.3199261+00:00,137713,Riveroak Technical College,https://rtc.suwannee.k12.fl.us,fl-live-oak
0743555783576256512,2025-08-13T19:45:13.4034097+00:00,136491,Pinellas Technical College-Clearwater,https://www.myptc.edu,myptc-clearwater
0743555783744028672,2025-08-13T19:45:13.4430789+00:00,132374,Atlantic Technical College,https://www.atlantictechnicalcollege.edu,atlantictechnicalcollege
0743555784075378688,2025-08-13T19:45:13.5226197+00:00,126605,Spartan College of Aeronautics and Technology,https://www.spartan.edu,spartan-broomfield
0743555784268316672,2025-08-13T19:45:13.5682589+00:00,138488,Orange Technical College-East Campus,https://www.orangetechcollege.net/campuses/east_campus,orangetechcollege-winter-park
0743555784662581248,2025-08-13T19:45:13.6622745+00:00,134422,Key College,https://www.keycollege.edu,keycollege
0743555784788410368,2025-08-13T19:45:13.6925405+00:00,138655,Interactive College of Technology-Chamblee,https://www.ict.edu,ict
0743555785119760384,2025-08-13T19:45:13.7718173+00:00,138479,William T McFatter Technical College,https://www.mcfattertechnicalcollege.edu,mcfattertechnicalcollege
0743555785300115456,2025-08-13T19:45:13.8142500+00:00,138682,Albany Technical College,https://www.albanytech.edu,albanytech
0743555785627271168,2025-08-13T19:45:13.8921603+00:00,135267,Fort Myers Technical College,https://www.fortmyerstech.edu,fortmyerstech
0743555785824403456,2025-08-13T19:45:13.9396024+00:00,138956,Augusta Technical College,https://www.augustatech.edu,augustatech
0743555786151559168,2025-08-13T19:45:14.0174961+00:00,139357,Columbus Technical College,https://www.columbustech.edu,columbustech
0743555786357080064,2025-08-13T19:45:14.0666369+00:00,138664,Interactive College of Technology-Morrow,https://ict.edu,ict-morrow
0743555786680041472,2025-08-13T19:45:14.1430155+00:00,139278,West Georgia Technical College,https://www.westgatech.edu,westgatech
0743555786872979456,2025-08-13T19:45:14.1895278+00:00,139384,Georgia Northwestern Technical College,https://www.gntc.edu,gntc
0743555787204329472,2025-08-13T19:45:14.2681363+00:00,139746,Grady Health System Professional Schools,https://www.gradyhealth.org,gradyhealth
0743555787397267456,2025-08-13T19:45:14.3142501+00:00,139986,Southern Crescent Technical College,https://www.sctech.edu,sctech
0743555787762171904,2025-08-13T19:45:14.4010121+00:00,140003,Gwinnett College-Lilburn,https://www.gwinnettcollege.edu,gwinnettcollege-lilburn
0743555787929944064,2025-08-13T19:45:14.4419914+00:00,138497,Withlacoochee Technical College,https://www.wtcollege.org,wtcollege
0743555788290654208,2025-08-13T19:45:14.5275694+00:00,140331,Chattahoochee Technical College,https://www.chattahoocheetech.edu,chattahoocheetech
0743555788454232064,2025-08-13T19:45:14.5664896+00:00,139995,Gupton Jones College of Funeral Service,https://www.gupton-jones.edu,gupton-jones
0743555788781387776,2025-08-13T19:45:14.6442676+00:00,140678,North Georgia Technical College,https://northgatech.edu,northgatech
0743555788965937152,2025-08-13T19:45:14.6880511+00:00,137245,Sheridan Technical College,https://www.sheridantechnicalcollege.edu,sheridantechnicalcollege
0743555789288898560,2025-08-13T19:45:14.7651640+00:00,136659,Radford M Locklin Technical College,https://www.locklintech.com,locklintech
0743555789486030848,2025-08-13T19:45:14.8125179+00:00,140243,Lanier Technical College,https://www.laniertech.edu,laniertech
0743555789813186560,2025-08-13T19:45:14.8902370+00:00,140942,Savannah Technical College,https://www.savannahtech.edu,savannahtech
0743555790303920128,2025-08-13T19:45:15.0075863+00:00,140012,Gwinnett Technical College,https://www.gwinnetttech.edu,gwinnetttech
0743555790534606848,2025-08-13T19:45:15.0627839+00:00,138372,Orange Technical College-West Campus,https://www.orangetechcollege.net/campuses/west_campus,orangetechcollege-winter-garden
0743555790815625216,2025-08-13T19:45:15.1295602+00:00,141006,South Georgia Technical College,https://www.southgatech.edu,southgatech
0743555791172141056,2025-08-13T19:45:15.2149075+00:00,142054,Carrington College-Boise,https://carrington.edu,carrington-boise
0743555791662874624,2025-08-13T19:45:15.3319126+00:00,142179,College of Eastern Idaho,https://www.cei.edu,cei
0743555791855812608,2025-08-13T19:45:15.3776417+00:00,141990,Windward Community College,https://windward.hawaii.edu,hawaii-kaneohe
0743555792174579712,2025-08-13T19:45:15.4534991+00:00,141802,Kauai Community College,https://www.kauai.hawaii.edu,hawaii-lihue
0743555792375906304,2025-08-13T19:45:15.5019306+00:00,144157,City Colleges of Chicago-Kennedy-King College,https://www.ccc.edu/colleges/kennedy/pages/default.aspx,ccc
0743555792715644928,2025-08-13T19:45:15.5822007+00:00,141811,Leeward Community College,https://www.leeward.hawaii.edu,hawaii-pearl-city
0743555792908582912,2025-08-13T19:45:15.6287554+00:00,141255,Wiregrass Georgia Technical College,https://www.wiregrass.edu,wiregrass
0743555793252515840,2025-08-13T19:45:15.7104592+00:00,144193,City Colleges of Chicago-Richard J Daley College,https://ccc.edu/colleges/daley/pages/default.aspx,ccc-chicago
0743555793730666496,2025-08-13T19:45:15.8243059+00:00,143215,Southwestern Illinois College,https://www.swic.edu,swic
0743555793919410176,2025-08-13T19:45:15.8693486+00:00,141680,Honolulu Community College,https://www.honolulu.hawaii.edu,honolulu-cc
0743555794305286144,2025-08-13T19:45:15.9610377+00:00,142443,North Idaho College,https://www.nic.edu,nic
0743555794489835520,2025-08-13T19:45:16.0050665+00:00,138840,Atlanta Technical College,https://atlantatech.edu,atlantatech
0743555795353862144,2025-08-13T19:45:16.2118312+00:00,144865,College of DuPage,https://www.cod.edu,cod
0743555795492274176,2025-08-13T19:45:16.2446565+00:00,141796,Kapiolani Community College,https://www.kapiolani.hawaii.edu,kapiolani-cc
0743555795550994432,2025-08-13T19:45:16.2585365+00:00,143279,Black Hawk College,https://www.bhc.edu,bhc
0743555795852984320,2025-08-13T19:45:16.3309171+00:00,143613,Carl Sandburg College,https://www.sandburg.edu,sandburg
0743555796079476736,2025-08-13T19:45:16.3845617+00:00,144564,Danville Area Community College,https://www.dacc.edu,dacc
0743555796394049536,2025-08-13T19:45:16.4597027+00:00,145521,Highland Community College,https://www.highland.edu,highland
0743555796595376128,2025-08-13T19:45:16.5078624+00:00,145707,Olney Central College,https://www.iecc.edu/occ,iecc
0743555797169995776,2025-08-13T19:45:16.6443409+00:00,144944,Elgin Community College,https://www.elgin.edu,elgin
0743555797320990720,2025-08-13T19:45:16.6804100+00:00,144184,City Colleges of Chicago-Harry S Truman College,https://www.ccc.edu/colleges/truman/Pages/default.aspx,trumancollege-chicago
0743555797702672384,2025-08-13T19:45:16.7717280+00:00,146296,Joliet Junior College,https://www.jjc.edu,jjc
0743555797887221760,2025-08-13T19:45:16.8150373+00:00,146366,Kaskaskia College,https://www.kaskaskia.edu,kaskaskia
0743555798193405952,2025-08-13T19:45:16.8882282+00:00,146205,John A Logan College,https://www.jalc.edu,jalc
0743555798424092672,2025-08-13T19:45:16.9434714+00:00,146418,Kishwaukee College,https://www.kish.edu,kish
0743555798742859776,2025-08-13T19:45:17.0198027+00:00,145682,Illinois Central College,https://icc.edu,icc
0743555798952574976,2025-08-13T19:45:17.0692726+00:00,146348,Kankakee Community College,https://www.kcc.edu,kcc
0743555799204233216,2025-08-13T19:45:17.1297936+00:00,146603,Lewis and Clark Community College,https://www.lc.edu,lc
0743555799518806016,2025-08-13T19:45:17.2042791+00:00,145831,Illinois Valley Community College,https://www.ivcc.edu,ivcc
0743555799736909824,2025-08-13T19:45:17.2570016+00:00,140827,Miami Ad School-Atlanta,https://miamiadschool.com/locations/atlanta,miamiadschool
0743555800059871232,2025-08-13T19:45:17.3337240+00:00,146278,John Wood Community College,https://www.jwcc.edu,jwcc
0743555800269586432,2025-08-13T19:45:17.3832283+00:00,146816,Generations College,https://www.generations.edu,generations
0743555800638685184,2025-08-13T19:45:17.4717388+00:00,147004,McHenry County College,https://www.mchenry.edu,mchenry
0743555800789680128,2025-08-13T19:45:17.5070563+00:00,146506,Lake Land College,https://www.lakelandcollege.edu,lakelandcollege
0743555801116835840,2025-08-13T19:45:17.5858113+00:00,147411,Morton College,https://www.morton.edu,morton
0743555801301385216,2025-08-13T19:45:17.6294270+00:00,146685,Lincoln Land Community College,https://www.llcc.edu,llcc
0743555801620152320,2025-08-13T19:45:17.7059797+00:00,146700,Lincoln College of Technology-Melrose Park,https://www.lincolntech.edu/campus/melrose-park-il,lincolntech-melrose-park
0743555801821478912,2025-08-13T19:45:17.7531710+00:00,148007,Prairie State College,https://prairiestate.edu,prairiestate
0743555801985056768,2025-08-13T19:45:17.7924423+00:00,144218,City Colleges of Chicago-Wilbur Wright College,https://ccc.edu/colleges/wright/pages/default.aspx,wrightcollegechi
0743555802081525760,2025-08-13T19:45:17.8153730+00:00,147396,Morrison Institute of Technology,https://www.morrisontech.edu,morrisontech
0743555802349961216,2025-08-13T19:45:17.8795595+00:00,148256,Rend Lake College,https://www.rlc.edu,rlc
0743555802672922624,2025-08-13T19:45:17.9566042+00:00,147916,Parkland College,https://www.parkland.edu,parkland
0743555802865860608,2025-08-13T19:45:18.0027376+00:00,148991,Spoon River College,https://www.src.edu,src
0743555803205599232,2025-08-13T19:45:18.0832847+00:00,148821,Shawnee Community College,https://shawneecc.edu,shawneecc
0743555803394342912,2025-08-13T19:45:18.1281049+00:00,146472,College of Lake County,https://www.clcillinois.edu,clcillinois
0743555803708915712,2025-08-13T19:45:18.2030905+00:00,149532,Triton College,https://www.triton.edu,triton
0743555803910242304,2025-08-13T19:45:18.2515539+00:00,148672,Sauk Valley Community College,https://www.svcc.edu,svcc
0743555804199649280,2025-08-13T19:45:18.3207329+00:00,147378,Moraine Valley Community College,https://www.morainevalley.edu,morainevalley
0743555804543582208,2025-08-13T19:45:18.4024121+00:00,148937,Southeastern Illinois College,https://www.sic.edu,sic
0743555804707160064,2025-08-13T19:45:18.4417179+00:00,148292,Richland Community College,https://www.richland.edu,richland
0743555805021732864,2025-08-13T19:45:18.5168968+00:00,150251,College of Court Reporting Inc,https://www.ccr.edu,ccr
0743555805248225280,2025-08-13T19:45:18.5704473+00:00,147800,Oakton College,https://www.oakton.edu,oakton
0743555805491494912,2025-08-13T19:45:18.6289506+00:00,149842,William Rainey Harper College,https://www.harpercollege.edu/index.php,harpercollege
0743555805797679104,2025-08-13T19:45:18.7012750+00:00,151661,Lincoln College of Technology-Indianapolis,https://www.lincolntech.edu/campus/indianapolis-in,lincolntech-indianapolis
0743555806011588608,2025-08-13T19:45:18.7524304+00:00,149727,Waubonsee Community College,https://www.waubonsee.edu,waubonsee
0743555806305189888,2025-08-13T19:45:18.8229323+00:00,153296,Ellsworth Community College,https://ecc.iavalley.edu,iavalley
0743555806598791168,2025-08-13T19:45:18.8924225+00:00,150987,Ivy Tech Community College,https://www.ivytech.edu,ivytech
0743555806812700672,2025-08-13T19:45:18.9434826+00:00,153214,Des Moines Area Community College,https://www.dmacc.edu,dmacc
0743555807106301952,2025-08-13T19:45:19.0136577+00:00,153445,Hawkeye Community College,https://www.hawkeyecollege.edu,hawkeyecollege
0743555807135662080,2025-08-13T19:45:19.0203013+00:00,144175,City Colleges of Chicago-Olive-Harvey College,https://www.ccc.edu/colleges/olive-harvey/Pages/default.aspx,oliveharvey-ccil
0743555807349571584,2025-08-13T19:45:19.0713324+00:00,153524,Iowa Central Community College,https://www.iowacentral.edu,iowacentral
0743555807643172864,2025-08-13T19:45:19.1415688+00:00,152044,West Michigan College of Barbering and Beauty,https://westmichigancollegeofbarberingandbeauty.com,westmichigancollegeofbarberingandbeauty
0743555807873859584,2025-08-13T19:45:19.1968003+00:00,149365,South Suburban College,https://www.ssc.edu,ssc
0743555808180043776,2025-08-13T19:45:19.2692315+00:00,153311,Eastern Iowa Community College District,https://www.eicc.edu,eicc
0743555808402341888,2025-08-13T19:45:19.3222044+00:00,153533,Iowa Lakes Community College,https://www.iowalakes.edu,iowalakes
0743555808704331776,2025-08-13T19:45:19.3947084+00:00,148380,Rock Valley College,https://www.rockvalleycollege.edu,rockvalleycollege
0743555808926629888,2025-08-13T19:45:19.4473528+00:00,153746,La James International College-Cedar Falls,https://ljic.edu,ljic
0743555809224425472,2025-08-13T19:45:19.5186106+00:00,153737,Kirkwood Community College,https://www.kirkwood.edu,kirkwood
0743555809442529280,2025-08-13T19:45:19.5706001+00:00,153764,La James International College-Johnston,https://ljic.edu,ljic-johnston
0743555809702576128,2025-08-13T19:45:19.6324481+00:00,153630,Iowa Western Community College,https://www.iwcc.edu,iwcc
0743555810000371712,2025-08-13T19:45:19.7037277+00:00,153773,La James College of Hairstyling and Cosmetology,https://www.lajames.edu,lajames
0743555810231058432,2025-08-13T19:45:19.7588098+00:00,153463,American Hair Academy,https://americanhairacademy.com,americanhairacademy
0743555810537242624,2025-08-13T19:45:19.8310256+00:00,153472,Indian Hills Community College,https://www.indianhills.edu,indianhills
0743555810751152128,2025-08-13T19:45:19.8828843+00:00,153597,Iowa School of Beauty-Des Moines,https://iowaschoolofbeauty.com,iowaschoolofbeauty
0743555810797289472,2025-08-13T19:45:19.8939573+00:00,144209,City Colleges of Chicago-Harold Washington College,https://www.ccc.edu/colleges/washington/Pages/default.aspx,haroldwashingtoncc
0743555811023781888,2025-08-13T19:45:19.9474853+00:00,154110,Northeast Iowa Community College,https://www.nicc.edu,nicc
0743555811325771776,2025-08-13T19:45:20.0192355+00:00,153782,La James International College-Ft Dodge,https://ljic.edu,ljic-fort-dodge
0743555811535486976,2025-08-13T19:45:20.0693478+00:00,154208,PCI Academy-Ames,https://www.pci-academy.com,pci-academy
0743555811824893952,2025-08-13T19:45:20.1389140+00:00,153922,Marshalltown Community College,https://mcc.iavalley.edu,iavalley-marshalltown
0743555812063969280,2025-08-13T19:45:20.1950531+00:00,154457,Iowa School of Beauty-Sioux City,https://iowaschoolofbeauty.com,iowaschoolofbeauty-sioux-city
0743555812395319296,2025-08-13T19:45:20.2746225+00:00,154466,SOHO Hair Academy,https://www.sohohairacademy.com,sohohairacademy
0743555812592451584,2025-08-13T19:45:20.3213651+00:00,154572,Western Iowa Tech Community College,https://www.witcc.edu,witcc
0743555812877664256,2025-08-13T19:45:20.3896494+00:00,154697,Barton County Community College,https://www.bartonccc.edu,bartonccc
0743555813171265536,2025-08-13T19:45:20.4596874+00:00,154332,La James International College-Davenport,https://ljic.edu,ljic-davenport
0743555813372592128,2025-08-13T19:45:20.5078564+00:00,153542,UnityPoint Health-Des Moines School of Radiologic Technology,https://www.unitypoint.org/join-our-team/medical-education-and-career-growth/school-of-radiologic-technology---des-moines-area-hospitals,unitypoint
0743555813674582016,2025-08-13T19:45:20.5793818+00:00,154952,Cowley County Community College,https://www.cowley.edu,cowley
0743555813896880128,2025-08-13T19:45:20.6320756+00:00,154642,Allen County Community College,https://www.allencc.edu,allencc
0743555814018514944,2025-08-13T19:45:20.6613867+00:00,144500,City Colleges of Chicago-District Office,https://ccc.edu,citycollegeschicago
0743555814156926976,2025-08-13T19:45:20.6948232+00:00,154378,Southeastern Community College,https://www.scciowa.edu,scciowa
0743555814479888384,2025-08-13T19:45:20.7711703+00:00,154396,Southwestern Community College,https://www.swcciowa.edu,swcciowa
0743555814689603584,2025-08-13T19:45:20.8212959+00:00,154129,Northwest Iowa Community College,https://www.nwicc.edu,nwicc
0743555815029342208,2025-08-13T19:45:20.9025277+00:00,155052,Flint Hills Technical College,https://www.fhtc.edu,fhtc
0743555815205502976,2025-08-13T19:45:20.9447980+00:00,154800,Butler Community College,https://www.butlercc.edu,butlercc
0743555815532658688,2025-08-13T19:45:21.0222500+00:00,154907,Cloud County Community College,https://www.cloud.edu,cloud
0743555815729790976,2025-08-13T19:45:21.0699375+00:00,155104,Garden City Community College,https://www.gcccks.edu,gcccks
0743555816044363776,2025-08-13T19:45:21.1441606+00:00,154059,North Iowa Area Community College,https://www.niacc.edu,niacc
0743555816245690368,2025-08-13T19:45:21.1923859+00:00,154934,Colby Community College,https://www.colbycc.edu,colbycc
0743555816539291648,2025-08-13T19:45:21.2626744+00:00,154925,Coffeyville Community College,https://www.coffeyville.edu,coffeyville
0743555816778366976,2025-08-13T19:45:21.3197304+00:00,155201,Independence Community College,https://www.indycc.edu,indycc
0743555817076162560,2025-08-13T19:45:21.3905864+00:00,155098,Fort Scott Community College,https://www.fortscott.edu,fortscott
0743555817298460672,2025-08-13T19:45:21.4439996+00:00,155292,Kansas City Kansas Community College,https://www.kckcc.edu,kckcc
0743555817596256256,2025-08-13T19:45:21.5146013+00:00,155618,Northwest Kansas Technical College,https://www.nwktc.edu,nwktc
0743555817898246144,2025-08-13T19:45:21.5861910+00:00,155186,Highland Community College,https://www.highlandcc.edu,highlandcc
0743555818095378432,2025-08-13T19:45:21.6333132+00:00,155487,Manhattan Area Technical College,https://manhattantech.edu,manhattantech
0743555818401562624,2025-08-13T19:45:21.7069891+00:00,155593,North Central Kansas Technical College,https://www.ncktc.edu,ncktc
0743555818615472128,2025-08-13T19:45:21.7577678+00:00,155858,Seward County Community College,https://sccc.edu,sccc
0743555818913267712,2025-08-13T19:45:21.8289735+00:00,155450,Labette Community College,https://www.labette.edu,labette
0743555818967793664,2025-08-13T19:45:21.8417130+00:00,144166,City Colleges of Chicago-Malcolm X College,https://www.ccc.edu/colleges/malcolm-x/pages/default.aspx,malcolmx-chicago
0743555819156537344,2025-08-13T19:45:21.8869422+00:00,155566,Neosho County Community College,https://www.neosho.edu,neosho
0743555819466915840,2025-08-13T19:45:21.9609137+00:00,156107,Wichita State University-Campus of Applied Sciences and Technology,https://www.wsutech.edu,wsutech
0743555819672436736,2025-08-13T19:45:22.0099015+00:00,155830,Salina Area Technical College,https://www.salinatech.edu,salinatech
0743555819978620928,2025-08-13T19:45:22.0823590+00:00,156231,Ashland Community and Technical College,https://ashland.kctcs.edu,kctcs
0743555820175753216,2025-08-13T19:45:22.1293204+00:00,154998,Dodge City Community College,https://dc3.edu,dc3
0743555820473548800,2025-08-13T19:45:22.2007747+00:00,155715,Pratt Community College,https://www.prattcc.edu,prattcc
0743555820783927296,2025-08-13T19:45:22.2740178+00:00,156921,Jefferson Community and Technical College,https://jefferson.kctcs.edu,kctcs-louisville
0743555820981059584,2025-08-13T19:45:22.3212139+00:00,156392,Bluegrass Community and Technical College,https://bluegrass.kctcs.edu,kctcs-lexington
0743555821291438080,2025-08-13T19:45:22.3959811+00:00,156851,Henderson Community College,https://henderson.kctcs.edu,kctcs-henderson
0743555821496958976,2025-08-13T19:45:22.4444554+00:00,157331,Maysville Community and Technical College,https://maysville.kctcs.edu,kctcs-maysville
0743555821790560256,2025-08-13T19:45:22.5149024+00:00,157553,Big Sandy Community and Technical College,https://bigsandy.kctcs.edu,kctcs-prestonsburg
0743555822017052672,2025-08-13T19:45:22.5684187+00:00,156338,Southcentral Kentucky Community and Technical College,https://southcentral.kctcs.edu,kctcs-bowling-green
0743555822327431168,2025-08-13T19:45:22.6429512+00:00,157483,West Kentucky Community and Technical College,https://westkentucky.kctcs.edu,kctcs-paducah
0743555822553923584,2025-08-13T19:45:22.6965120+00:00,157739,Southeast Kentucky Community & Technical College,https://southeast.kctcs.edu,kctcs-cumberland
0743555822864302080,2025-08-13T19:45:22.7704191+00:00,157304,Madisonville Community College,https://madisonville.kctcs.edu,kctcs-madisonville
0743555823069822976,2025-08-13T19:45:22.8198524+00:00,156648,Elizabethtown Community and Technical College,https://elizabethtown.kctcs.edu,kctcs-elizabethtown
0743555823376007168,2025-08-13T19:45:22.8924070+00:00,157438,Gateway Community and Technical College,https://gateway.kctcs.edu/index.aspx,kctcs-florence
0743555823589916672,2025-08-13T19:45:22.9436821+00:00,158325,Baton Rouge General Medical Center School of Nursing & School of Radiologic Technology,https://www.brgeneral.org/medical-education/school-of-nursing/ OR school of radiologic technology,brgeneral
0743555823887712256,2025-08-13T19:45:23.0145518+00:00,158431,Bossier Parish Community College,https://www.bpcc.edu,bpcc
0743555824126787584,2025-08-13T19:45:23.0719697+00:00,157711,Somerset Community College,https://somerset.kctcs.edu,kctcs-somerset
0743555824424583168,2025-08-13T19:45:23.1428266+00:00,158884,Nunez Community College,https://www.nunez.edu,nunez
0743555824638492672,2025-08-13T19:45:23.1936737+00:00,156860,Hopkinsville Community College,https://hopkinsville.kctcs.edu/index.aspx,kctcs-hopkinsville
0743555824936288256,2025-08-13T19:45:23.2640390+00:00,156790,Hazard Community and Technical College,https://hazard.kctcs.edu,kctcs-hazard
0743555825158586368,2025-08-13T19:45:23.3170128+00:00,158662,Delgado Community College,https://www.dcc.edu,dcc
0743555825452187648,2025-08-13T19:45:23.3873327+00:00,155195,Hutchinson Community College,https://www.hutchcc.edu,hutchcc
0743555825674485760,2025-08-13T19:45:23.4404919+00:00,160579,SOWELA Technical Community College,https://www.sowela.edu,sowela
0743555825972281344,2025-08-13T19:45:23.5112681+00:00,160010,Northwest Louisiana Technical Community College,https://www.nltcc.edu,nltcc
0743555826207162368,2025-08-13T19:45:23.5678612+00:00,160667,Northshore Technical Community College,https://northshorecollege.edu,northshorecollege
0743555826525929472,2025-08-13T19:45:23.6438340+00:00,157854,Kentucky Community and Technical College System,https://systemoffice.kctcs.edu,kctcs-versailles
0743555826727256064,2025-08-13T19:45:23.6911107+00:00,161138,Eastern Maine Community College,https://www.emcc.edu,emcc
0743555827033440256,2025-08-13T19:45:23.7645131+00:00,161077,Central Maine Community College,https://www.cmcc.edu,cmcc
0743555827259932672,2025-08-13T19:45:23.8184712+00:00,161192,Kennebec Valley Community College,https://www.kvcc.me.edu,me
0743555827578699776,2025-08-13T19:45:23.8941276+00:00,158088,Central Louisiana Technical Community College,https://www.cltcc.edu,cltcc
0743555827780026368,2025-08-13T19:45:23.9424987+00:00,161208,The Landing School,https://www.landingschool.edu,landingschool
0743555828123959296,2025-08-13T19:45:24.0241858+00:00,161581,Washington County Community College,https://www.wccc.me.edu,me-calais
0743555828304314368,2025-08-13T19:45:24.0670942+00:00,161767,Anne Arundel Community College,https://www.aacc.edu,aacc
0743555828618887168,2025-08-13T19:45:24.1425840+00:00,160649,Southern University at Shreveport,https://www.susla.edu,susla
0743555828874739712,2025-08-13T19:45:24.2039565+00:00,161545,Southern Maine Community College,https://www.smccme.edu,smccme
0743555829172535296,2025-08-13T19:45:24.2742471+00:00,160524,Remington College-Lafayette Campus,https://www.remingtoncollege.edu/locations/lafayette,remingtoncollege-lafayette
0743555829390639104,2025-08-13T19:45:24.3265103+00:00,162168,Chesapeake College,https://www.chesapeake.edu,chesapeake
0743555829633908736,2025-08-13T19:45:24.3844838+00:00,159407,Louisiana State University-Eunice,https://www.lsue.edu,lsue
0743555829982035968,2025-08-13T19:45:24.4676275+00:00,162690,Hagerstown Community College,https://www.hagerstowncc.edu,hagerstowncc
0743555830200139776,2025-08-13T19:45:24.5198097+00:00,161688,Allegany College of Maryland,https://www.allegany.edu,allegany
0743555830447603712,2025-08-13T19:45:24.5780422+00:00,155210,Johnson County Community College,https://www.jccc.edu,jccc
0743555830707650560,2025-08-13T19:45:24.6405799+00:00,159197,ITI Technical College,https://www.iticollege.edu,iticollege
0743555830921560064,2025-08-13T19:45:24.6914698+00:00,161484,Northern Maine Community College,https://www.nmcc.edu,nmcc
0743555831282270208,2025-08-13T19:45:24.7773609+00:00,161864,Baltimore City Community College,https://www.bccc.edu,bccc
0743555831496179712,2025-08-13T19:45:24.8283123+00:00,162706,Harford Community College,https://www.harford.edu,harford
0743555831743643648,2025-08-13T19:45:24.8878992+00:00,162779,Howard Community College,https://www.howardcc.edu,howardcc
0743555831965941760,2025-08-13T19:45:24.9400571+00:00,162122,College of Southern Maryland,https://www.csmd.edu,csmd
0743555832318263296,2025-08-13T19:45:25.0249049+00:00,165033,Bristol Community College,https://www.bristolcc.edu,bristolcc
0743555832548950016,2025-08-13T19:45:25.0794745+00:00,162609,Garrett College,https://www.garrettcollege.edu/index.php,garrettcollege
0743555832817385472,2025-08-13T19:45:25.1432769+00:00,163028,Lincoln College of Technology-Columbia,https://www.lincolntech.edu/campus/columbia-md,lincolntech-columbia
0743555833006129152,2025-08-13T19:45:25.1888935+00:00,164775,Berkshire Community College,https://www.berkshirecc.edu,berkshirecc
0743555833379422208,2025-08-13T19:45:25.2779929+00:00,163426,Montgomery College,https://www.montgomerycollege.edu,montgomerycollege
0743555833597526016,2025-08-13T19:45:25.3292336+00:00,165194,Cape Cod Community College,https://www.capecod.edu,capecod
0743555833865961472,2025-08-13T19:45:25.3930362+00:00,162557,Frederick Community College,https://www.frederick.edu,frederick
0743555834084065280,2025-08-13T19:45:25.4455250+00:00,166133,Holyoke Community College,https://www.hcc.edu,hcc
0743555834432192512,2025-08-13T19:45:25.5283332+00:00,164313,Wor-Wic Community College,https://www.worwic.edu,worwic
0743555834629324800,2025-08-13T19:45:25.5758257+00:00,166407,Lawrence Memorial Hospital School of Nursing,https://www.lmregis.org,lmregis
0743555834901954560,2025-08-13T19:45:25.6402047+00:00,165981,Greenfield Community College,https://www.gcc.mass.edu,mass
0743555835128446976,2025-08-13T19:45:25.6943908+00:00,166823,Massasoit Community College,https://www.massasoit.edu,massasoit
0743555835472379904,2025-08-13T19:45:25.7767583+00:00,166957,Mount Wachusett Community College,https://mwcc.edu,mwcc
0743555835753398272,2025-08-13T19:45:25.8438126+00:00,166887,Middlesex Community College,https://www.middlesex.mass.edu,mass-bedford
0743555835942141952,2025-08-13T19:45:25.8883759+00:00,163657,Prince George's Community College,https://www.pgcc.edu,pgcc
0743555836202188800,2025-08-13T19:45:25.9509114+00:00,167631,Roxbury Community College,https://www.rcc.mass.edu,mass-roxbury-crossing
0743555836487401472,2025-08-13T19:45:26.0182667+00:00,167534,Quinsigamond Community College,https://www.qcc.edu,qcc
0743555836730671104,2025-08-13T19:45:26.0760511+00:00,165112,Bunker Hill Community College,https://www.bhcc.edu,bhcc
0743555837007495168,2025-08-13T19:45:26.1424211+00:00,165635,National Aviation Academy of New England,https://www.naa.edu,naa
0743555837221404672,2025-08-13T19:45:26.1930322+00:00,167905,Springfield Technical Community College,https://www.stcc.edu,stcc
0743555837586309120,2025-08-13T19:45:26.2806840+00:00,169275,Mott Community College,https://www.mcc.edu,mcc
0743555837812801536,2025-08-13T19:45:26.3348362+00:00,167376,Northern Essex Community College,https://www.necc.mass.edu,mass-haverhill
0743555838051876864,2025-08-13T19:45:26.3910564+00:00,168883,Bay de Noc Community College,https://www.baycollege.edu,baycollege
0743555838307729408,2025-08-13T19:45:26.4522523+00:00,167312,North Shore Community College,https://www.northshore.edu,northshore-danvers
0743555838559387648,2025-08-13T19:45:26.5129886+00:00,169187,Carnegie Institute,https://www.carnegie-institute.edu,carnegie-institute
0743555838827823104,2025-08-13T19:45:26.5767546+00:00,167297,North Bennet Street School,https://www.nbss.edu,nbss
0743555839096258560,2025-08-13T19:45:26.6400457+00:00,169761,Dorsey College,https://www.dorsey.edu,dorsey
0743555839335333888,2025-08-13T19:45:26.6973077+00:00,170055,Grand Rapids Community College,https://www.grcc.edu,grcc
0743555839607963648,2025-08-13T19:45:26.7625076+00:00,160481,Fletcher Technical Community College,https://www.fletcher.edu,fletcher
0743555839884787712,2025-08-13T19:45:26.8286181+00:00,166647,Massachusetts Bay Community College,https://www.massbay.edu,massbay
0743555840119668736,2025-08-13T19:45:26.8840022+00:00,170587,Kirtland Community College,https://www.kirtland.edu,kirtland
0743555840371326976,2025-08-13T19:45:26.9440638+00:00,169521,Delta College,https://www.delta.edu,delta
0743555840673316864,2025-08-13T19:45:27.0166959+00:00,170790,Macomb Community College,https://www.macomb.edu,macomb
0743555840920780800,2025-08-13T19:45:27.0758419+00:00,170657,Lansing Community College,https://www.lcc.edu,lcc
0743555841201799168,2025-08-13T19:45:27.1422785+00:00,170550,Kellogg Community College,https://www.kellogg.edu,kellogg
0743555841386348544,2025-08-13T19:45:27.1861019+00:00,169992,Gogebic Community College,https://gogebic.edu,gogebic
0743555841747058688,2025-08-13T19:45:27.2725034+00:00,171225,Monroe County Community College,https://www.monroeccc.edu,monroeccc
0743555841952579584,2025-08-13T19:45:27.3217145+00:00,162104,Cecil College,https://www.cecil.edu,cecil
0743555842208432128,2025-08-13T19:45:27.3826795+00:00,170620,Lake Michigan College,https://www.lakemichigancollege.edu,lakemichigancollege
0743555842468478976,2025-08-13T19:45:27.4445630+00:00,171395,North Central Michigan College,https://www.ncmich.edu,ncmich
0743555842745303040,2025-08-13T19:45:27.5103484+00:00,171012,The Michigan Barber School,https://www.michiganbarberschool.org,michiganbarberschool
0743555843005349888,2025-08-13T19:45:27.5723582+00:00,172307,Southwestern Michigan College,https://www.swmich.edu,swmich
0743555843504472064,2025-08-13T19:45:27.6913566+00:00,169974,Glen Oaks Community College,https://www.glenoaks.edu,glenoaks
0743555843504472065,2025-08-13T19:45:27.6915865+00:00,171234,Montcalm Community College,https://www.montcalm.edu,montcalm
0743555843814850560,2025-08-13T19:45:27.7658495+00:00,172617,Washtenaw Community College,https://www.wccnet.edu,wccnet
0743555844112646144,2025-08-13T19:45:27.8362261+00:00,171304,Muskegon Community College,https://www.muskegoncc.edu,muskegoncc
0743555844410441728,2025-08-13T19:45:27.9071968+00:00,172635,Wayne County Community College District,https://www.wcccd.edu,wcccd
0743555844553048064,2025-08-13T19:45:27.9411073+00:00,172671,West Shore Community College,https://www.westshore.edu,westshore
0743555844892786688,2025-08-13T19:45:28.0220904+00:00,171155,Mid Michigan College,https://www.midmich.edu,midmich
0743555845119279104,2025-08-13T19:45:28.0764719+00:00,170541,Kalamazoo Valley Community College,https://www.kvcc.edu,kvcc
0743555845396103168,2025-08-13T19:45:28.1420941+00:00,172954,Anoka Technical College,https://www.anokatech.edu,anokatech
0743555845597429760,2025-08-13T19:45:28.1906627+00:00,173063,Riverland Community College,https://www.riverland.edu,riverland
0743555845895225344,2025-08-13T19:45:28.2615528+00:00,173203,Central Lakes College-Brainerd,https://www.clcmn.edu,clcmn
0743555846096551936,2025-08-13T19:45:28.3093579+00:00,173416,Dakota County Technical College,https://www.dctc.edu,dctc
0743555846381764608,2025-08-13T19:45:28.3778647+00:00,172963,Anoka-Ramsey Community College,https://www.anokaramsey.edu,anokaramsey
0743555846608257024,2025-08-13T19:45:28.4312925+00:00,173708,Hennepin Technical College,https://www.hennepintech.edu,hennepintech
0743555846864109568,2025-08-13T19:45:28.4929135+00:00,173799,Inver Hills Community College,https://www.inverhills.edu,inverhills
0743555847161905152,2025-08-13T19:45:28.5639065+00:00,172291,St Clair County Community College,https://www.sc4.edu,sc4
0743555847384203264,2025-08-13T19:45:28.6166949+00:00,174376,North Hennepin Community College,https://www.nhcc.edu,nhcc
0743555847677804544,2025-08-13T19:45:28.6865471+00:00,172918,Alexandria Technical & Community College,https://www.alextech.edu,alextech
0743555847900102656,2025-08-13T19:45:28.7396385+00:00,173911,South Central College,https://southcentral.edu,southcentral
0743555848185315328,2025-08-13T19:45:28.8079784+00:00,171535,Oakland Community College,https://www.oaklandcc.edu,oaklandcc
0743555848474722304,2025-08-13T19:45:28.8767108+00:00,174136,Minneapolis Community and Technical College,https://www.minneapolis.edu,minneapolis
0743555848692826112,2025-08-13T19:45:28.9286825+00:00,173559,Minnesota State Community and Technical College,https://www.minnesota.edu,minnesota
0743555848990621696,2025-08-13T19:45:28.9997769+00:00,174570,Pine Technical & Community College,https://www.pine.edu,pine
0743555849284222976,2025-08-13T19:45:29.0693468+00:00,173461,Lake Superior College,https://www.lsc.edu,lsc
0743555849493938176,2025-08-13T19:45:29.1197919+00:00,173115,Northwest Technical College,https://www.ntcmn.edu,ntcmn
0743555849800122368,2025-08-13T19:45:29.1920989+00:00,174756,St Cloud Technical and Community College,https://www.sctcc.edu,sctcc
0743555850018226176,2025-08-13T19:45:29.2448001+00:00,175263,Minnesota State College Southeast,https://www.southeastmn.edu,southeastmn
0743555850307633152,2025-08-13T19:45:29.3139596+00:00,175315,Century College,https://www.century.edu,century
0743555850597040128,2025-08-13T19:45:29.3828543+00:00,174428,Normandale Community College,https://www.normandale.edu,normandale
0743555850810949632,2025-08-13T19:45:29.4337301+00:00,175573,Copiah-Lincoln Community College,https://www.colin.edu,colin
0743555851150688256,2025-08-13T19:45:29.5148674+00:00,174473,Northland Community and Technical College,https://www.northlandcollege.edu,northlandcollege
0743555851339431936,2025-08-13T19:45:29.5599980+00:00,173638,Minnesota West Community and Technical College,https://www.mnwest.edu,mnwest
0743555851628838912,2025-08-13T19:45:29.6289049+00:00,175652,East Mississippi Community College,https://www.eastms.edu,eastms
0743555851926634496,2025-08-13T19:45:29.6995469+00:00,174738,Rochester Community and Technical College,https://www.rctc.edu,rctc
0743555852119572480,2025-08-13T19:45:29.7459224+00:00,175519,Coahoma Community College,https://www.coahomacc.edu,coahomacc
0743555852408979456,2025-08-13T19:45:29.8142772+00:00,175643,East Central Community College,https://www.eccc.edu,eccc
0743555852694192128,2025-08-13T19:45:29.8827832+00:00,175883,Jones County Junior College,https://www.jcjc.edu,jcjc
0743555852908101632,2025-08-13T19:45:29.9330959+00:00,175786,Hinds Community College,https://www.hindscc.edu,hindscc
0743555853193314304,2025-08-13T19:45:30.0015651+00:00,173735,Minnesota North College,https://minnesotanorth.edu,minnesotanorth
0743555853478526976,2025-08-13T19:45:30.0698839+00:00,176169,Northeast Mississippi Community College,https://www.nemcc.edu,nemcc
0743555853705019392,2025-08-13T19:45:30.1236277+00:00,176239,Pearl River Community College,https://www.prcc.edu,prcc
0743555853994426368,2025-08-13T19:45:30.1921903+00:00,176008,Mississippi Delta Community College,https://www.msdelta.edu,msdelta
0743555854279639040,2025-08-13T19:45:30.2607649+00:00,176354,Southwest Mississippi Community College,https://www.smcc.edu,smcc
0743555854501937152,2025-08-13T19:45:30.3131321+00:00,175041,Saint Paul College,https://www.saintpaul.edu,saintpaul
0743555854787149824,2025-08-13T19:45:30.3812462+00:00,175935,Meridian Community College,https://www.meridiancc.edu,meridiancc
0743555855076556800,2025-08-13T19:45:30.4504413+00:00,177135,Crowder College,https://www.crowder.edu,crowder
0743555855290466304,2025-08-13T19:45:30.5014509+00:00,176071,Mississippi Gulf Coast Community College,https://www.mgccc.edu,mgccc
0743555855575678976,2025-08-13T19:45:30.5691593+00:00,177995,Metropolitan Community College-Kansas City,https://www.mcckc.edu,mcckc
0743555855860891648,2025-08-13T19:45:30.6379477+00:00,177676,Jefferson College,https://www.jeffco.edu,jeffco
0743555856087384064,2025-08-13T19:45:30.6914754+00:00,177302,Pinnacle Career Institute,https://pcitraining.edu,pcitraining
0743555856385179648,2025-08-13T19:45:30.7626493+00:00,175810,Holmes Community College,https://www.holmescc.edu,holmescc
0743555856607477760,2025-08-13T19:45:30.8156872+00:00,176178,Northwest Mississippi Community College,https://www.northwestms.edu,northwestms
0743555856905273344,2025-08-13T19:45:30.8862802+00:00,178217,Mineral Area College,https://mineralarea.edu,mineralarea
0743555857207263232,2025-08-13T19:45:30.9587865+00:00,177250,East Central College,https://www.eastcentral.edu,eastcentral
0743555857404395520,2025-08-13T19:45:31.0057354+00:00,179645,Three Rivers College,https://trcc.edu,trcc
0743555857744134144,2025-08-13T19:45:31.0867415+00:00,179344,Missouri State University-West Plains,https://wp.missouristate.edu,missouristate-west-plains
0743555857920294912,2025-08-13T19:45:31.1288489+00:00,180081,Highlands College of Montana Tech,https://www.mtech.edu,mtech-butte
0743555858213896192,2025-08-13T19:45:31.1989476+00:00,180160,Chief Dull Knife College,https://cdkc.edu,cdkc
0743555858415222784,2025-08-13T19:45:31.2464436+00:00,175829,Itawamba Community College,https://www.iccms.edu,iccms
0743555858683658240,2025-08-13T19:45:31.3103226+00:00,178448,Moberly Area Community College,https://www.macc.edu,macc
0743555858973065216,2025-08-13T19:45:31.3798003+00:00,179715,North Central Missouri College,https://www.ncmissouri.edu,ncmissouri
0743555859203751936,2025-08-13T19:45:31.4345689+00:00,175236,Ridgewater College,https://www.ridgewater.edu,ridgewater
0743555859472187392,2025-08-13T19:45:31.4982393+00:00,180212,Fort Peck Community College,https://www.fpcc.edu,fpcc
0743555859761594368,2025-08-13T19:45:31.5671851+00:00,180151,Dawson Community College,https://www.dawson.edu,dawson
0743555860051001344,2025-08-13T19:45:31.6368115+00:00,180276,Helena College University of Montana,https://www.helenacollege.edu,helenacollege
0743555860256522240,2025-08-13T19:45:31.6851770+00:00,180328,Little Big Horn College,https://www.lbhc.edu,lbhc
0743555860600455168,2025-08-13T19:45:31.7676852+00:00,176798,Cape Girardeau Career and Technology Center,https://www.capectc.org,capectc
0743555860785004544,2025-08-13T19:45:31.8112817+00:00,180373,Miles Community College,https://www.milescc.edu,milescc
0743555861049245696,2025-08-13T19:45:31.8743872+00:00,180957,College of Hair Design-Downtown,https://collegeofhairdesign.com,collegeofhairdesign
0743555861342846976,2025-08-13T19:45:31.9442017+00:00,180197,Flathead Valley Community College,https://www.fvcc.edu,fvcc
0743555861569339392,2025-08-13T19:45:31.9980802+00:00,181190,Joseph's College Cosmetology,https://josephscollege.edu,josephscollege
0743555861858746368,2025-08-13T19:45:32.0670893+00:00,181640,Southeast Community College Area,https://www.southeast.edu,southeast
0743555862093627392,2025-08-13T19:45:32.1231577+00:00,181491,Northeast Community College,https://northeast.edu,northeast
0743555862412394496,2025-08-13T19:45:32.1990674+00:00,181765,Nebraska College of Technical Agriculture,https://ncta.unl.edu,unl-curtis
0743555862605332480,2025-08-13T19:45:32.2459348+00:00,180902,Central Community College,https://www.cccneb.edu,cccneb
0743555862898933760,2025-08-13T19:45:32.3150657+00:00,181817,Western Nebraska Community College,https://www.wncc.edu,wncc
0743555863125426176,2025-08-13T19:45:32.3698721+00:00,181941,Career College of Northern Nevada,https://www.ccnn.edu,ccnn
0743555863414833152,2025-08-13T19:45:32.4387050+00:00,179539,State Fair Community College,https://www.sfccmo.edu,sfccmo
0743555863641325568,2025-08-13T19:45:32.4925743+00:00,181303,Metropolitan Community College Area,https://www.mccneb.edu,mccneb
0743555863934926848,2025-08-13T19:45:32.5624678+00:00,183132,Manchester Community College,https://www.mccnh.edu,mccnh
0743555864228528128,2025-08-13T19:45:32.6327024+00:00,180249,Great Falls College Montana State University,https://www.gfcmsu.edu,gfcmsu
0743555864434049024,2025-08-13T19:45:32.6815284+00:00,183150,Great Bay Community College,https://www.greatbay.edu,greatbay
0743555864723456000,2025-08-13T19:45:32.7503690+00:00,183248,St Joseph School of Nursing,https://www.sjson.edu,sjson
0743555865012862976,2025-08-13T19:45:32.8198209+00:00,181312,Mid-Plains Community College,https://www.mpcc.edu,mpcc
0743555865226772480,2025-08-13T19:45:32.8703584+00:00,183141,Nashua Community College,https://nashuacc.edu,nashuacc
0743555865520373760,2025-08-13T19:45:32.9407267+00:00,183600,Assumption College for Sisters,https://www.acs350.org,acs350
0743555865746866176,2025-08-13T19:45:32.9949487+00:00,183859,Brookdale Community College,https://www.brookdalecc.edu,brookdalecc
0743555866040467456,2025-08-13T19:45:33.0649160+00:00,183123,Lakes Region Community College,https://www.lrcc.edu,lrcc
0743555866342457344,2025-08-13T19:45:33.1363327+00:00,183938,Camden County College,https://www.camdencc.edu,camdencc
0743555866547978240,2025-08-13T19:45:33.1854615+00:00,184205,Rowan College of South Jersey-Cumberland Campus,https://rcsj.edu,rcsj
0743555866849968128,2025-08-13T19:45:33.2577260+00:00,183099,NHTI-Concord's Community College,https://www.nhti.edu,nhti
0743555867059683328,2025-08-13T19:45:33.3073996+00:00,183743,Bergen Community College,https://www.bergen.edu,bergen
0743555867357478912,2025-08-13T19:45:33.3784824+00:00,184427,Lincoln Technical Institute-South Plainfield,https://www.lincolntech.edu/campus/south-plainfield-nj,lincolntech-south-plainfield
0743555867583971328,2025-08-13T19:45:33.4330005+00:00,184180,County College of Morris,https://www.ccm.edu,ccm
0743555867860795392,2025-08-13T19:45:33.4987903+00:00,184092,American Institute-Clifton,https://www.americaninstitute.edu,americaninstitute-clifton
0743555868120842240,2025-08-13T19:45:33.5607332+00:00,184791,Rowan College of South Jersey-Gloucester Campus,https://rcsj.edu,rcsj-sewell
0743555868376694784,2025-08-13T19:45:33.6215624+00:00,184995,Hudson County Community College,https://www.hccc.edu,hccc
0743555868636741632,2025-08-13T19:45:33.6835173+00:00,177977,State Technical College of Missouri,https://www.statetechmo.edu,statetechmo
0743555868900982784,2025-08-13T19:45:33.7460102+00:00,185721,Eastwick College-Nutley,https://www.eastwickcollege.edu,eastwickcollege-nutley
0743555869152641024,2025-08-13T19:45:33.8065317+00:00,183877,Rowan College at Burlington County,https://www.rcbc.edu,rcbc
0743555869408493568,2025-08-13T19:45:33.8671542+00:00,183114,River Valley Community College,https://www.rivervalley.edu,rivervalley
0743555869676929024,2025-08-13T19:45:33.9314229+00:00,183655,Atlantic Cape Community College,https://atlanticcape.edu,atlanticcape
0743555869936975872,2025-08-13T19:45:33.9932645+00:00,184481,Essex County College,https://www.essex.edu,essex
0743555870192828416,2025-08-13T19:45:34.0549704+00:00,186405,Capital Health School of Radiologic Technology,https://www.capitalhealth.org/professionals/school-of-radiologic-technology,capitalhealth
0743555870457069568,2025-08-13T19:45:34.1170132+00:00,185509,Mercer County Community College,https://www.mccc.edu,mccc
0743555870712922112,2025-08-13T19:45:34.1787363+00:00,186645,Raritan Valley Community College,https://www.raritanval.edu,raritanval
0743555870972968960,2025-08-13T19:45:34.2407263+00:00,185873,Ocean County College,https://www.ocean.edu,ocean
0743555871237210112,2025-08-13T19:45:34.3034312+00:00,186034,Passaic County Community College,https://web.pccc.edu,pccc
0743555871501451264,2025-08-13T19:45:34.3667490+00:00,187198,"UCNJ Union College of Union County, NJ",https://www.ucc.edu,ucc
0743555871761498112,2025-08-13T19:45:34.4287663+00:00,186469,Salem Community College,https://www.salemcc.edu,salemcc
0743555872029933568,2025-08-13T19:45:34.4926020+00:00,186423,Capital Health School of Nursing,https://www.capitalhealth.org/professionals/school-of-nursing,capitalhealth-trenton
0743555872281591808,2025-08-13T19:45:34.5523818+00:00,185536,Middlesex College,https://www.middlesexcollege.edu,middlesexcollege
0743555872558415872,2025-08-13T19:45:34.6184867+00:00,187666,Eastern New Mexico University-Roswell Campus,https://www.roswell.enmu.edu,enmu-roswell
0743555872801685504,2025-08-13T19:45:34.6768604+00:00,186052,Pennco Tech-Blackwood,https://www.penncotech.edu,penncotech
0743555873057538048,2025-08-13T19:45:34.7377325+00:00,187903,New Mexico Junior College,https://www.nmjc.edu,nmjc
0743555873325973504,2025-08-13T19:45:34.8017100+00:00,183105,White Mountains Community College,https://www.wmcc.edu,wmcc
0743555873586020352,2025-08-13T19:45:34.8630289+00:00,188003,Southeast New Mexico College,https://senmc.edu,senmc
0743555873913176064,2025-08-13T19:45:34.9410929+00:00,187976,University of New Mexico-Los Alamos Campus,https://losalamos.unm.edu,unm-los-alamos
0743555874127085568,2025-08-13T19:45:34.9925621+00:00,188049,University of New Mexico-Valencia County Campus,https://valencia.unm.edu,unm-los-lunas
0743555874424881152,2025-08-13T19:45:35.0636918+00:00,187639,Clovis Community College,https://www.clovis.edu,clovis
0743555874655567872,2025-08-13T19:45:35.1182896+00:00,188021,New Mexico State University-Grants,https://grants.nmsu.edu,nmsu-grants
0743555874961752064,2025-08-13T19:45:35.1916505+00:00,188137,Santa Fe Community College,https://www.sfcc.edu,sfcc
0743555875167272960,2025-08-13T19:45:35.2406435+00:00,187620,New Mexico State University-Dona Ana,https://dacc.nmsu.edu,nmsu-las-cruces
0743555875469262848,2025-08-13T19:45:35.3125478+00:00,188261,Mesalands Community College,https://www.mesalands.edu,mesalands
0743555875683172352,2025-08-13T19:45:35.3639901+00:00,189547,SUNY Broome Community College,https://www.sunybroome.edu,sunybroome
0743555875976773632,2025-08-13T19:45:35.4336820+00:00,188687,American Academy McAllister Institute of Funeral Service,https://www.funeraleducation.org,funeraleducation
0743555876203266048,2025-08-13T19:45:35.4877673+00:00,188225,University of New Mexico-Taos Campus,https://taos.unm.edu,unm-ranchos-de-taos
0743555876496867328,2025-08-13T19:45:35.5574793+00:00,188216,Southwestern Indian Polytechnic Institute,https://www.sipi.edu,sipi
0743555876719165440,2025-08-13T19:45:35.6104594+00:00,189839,Cayuga County Community College,https://www.cayuga-cc.edu,cayuga-cc
0743555877008572416,2025-08-13T19:45:35.6799573+00:00,189811,St Paul's School of Nursing-Queens,https://www.stpaulsschoolofnursing.edu,stpaulsschoolofnursing
0743555877302173696,2025-08-13T19:45:35.7495212+00:00,190053,Clinton Community College,https://www.clinton.edu,clinton
0743555877511888896,2025-08-13T19:45:35.7993301+00:00,188438,SUNY Adirondack,https://www.sunyacc.edu,sunyacc
0743555877801295872,2025-08-13T19:45:35.8684547+00:00,190169,Columbia-Greene Community College,https://www.sunycgcc.edu,sunycgcc
0743555878371721216,2025-08-13T19:45:36.0049158+00:00,190530,CUNY Bronx Community College,https://www.bcc.cuny.edu,cuny-bronx
0743555878577242112,2025-08-13T19:45:36.0534493+00:00,188100,San Juan College,https://www.sanjuancollege.edu,sanjuancollege
0743555878870843392,2025-08-13T19:45:36.1238946+00:00,190442,SUNY Corning Community College,https://www.corning-cc.edu,corning-cc
0743555879093141504,2025-08-13T19:45:36.1761920+00:00,187000,Aviation Institute of Maintenance-Teterboro,https://aviationmaintenance.edu/campuses/teterboro-nj,aviationmaintenance
0743555879382548480,2025-08-13T19:45:36.2453514+00:00,191083,Erie Community College,https://www.ecc.edu,ecc
0743555879885864960,2025-08-13T19:45:36.3654225+00:00,190840,Dutchess Community College,https://www.sunydutchess.edu,sunydutchess
0743555880179466240,2025-08-13T19:45:36.4354651+00:00,191199,Finger Lakes Community College,https://www.flcc.edu,flcc
0743555880393375744,2025-08-13T19:45:36.4865387+00:00,190673,CUNY Queensborough Community College,https://www.qcc.cuny.edu,cuny-bayside
0743555880686977024,2025-08-13T19:45:36.5561852+00:00,191339,Genesee Community College,https://www.genesee.edu,genesee
0743555880909275136,2025-08-13T19:45:36.6097779+00:00,187532,Central New Mexico Community College,https://www.cnm.edu,cnm
0743555880967995392,2025-08-13T19:45:36.6237511+00:00,190521,CUNY Borough of Manhattan Community College,https://www.bmcc.cuny.edu,bmcc-nyc
0743555881181904896,2025-08-13T19:45:36.6748736+00:00,187994,New Mexico State University-Alamogordo,https://alamogordo.nmsu.edu,nmsu-alamogordo
0743555881475506176,2025-08-13T19:45:36.7443625+00:00,190071,Cochran School of Nursing,https://www.cochranschoolofnursing.us,cochranschoolofnursing
0743555881689415680,2025-08-13T19:45:36.7959636+00:00,191612,Herkimer County Community College,https://www.herkimer.edu,herkimer
0743555881983016960,2025-08-13T19:45:36.8650835+00:00,191302,Fulton-Montgomery Community College,https://www.fmcc.edu,fmcc
0743555882213703680,2025-08-13T19:45:36.9207078+00:00,187958,University of New Mexico-Gallup Campus,https://www.gallup.unm.edu,unm-gallup
0743555882255646720,2025-08-13T19:45:36.9301620+00:00,190619,CUNY Kingsborough Community College,https://www.kbcc.cuny.edu,kingsboroughcc
0743555883014815744,2025-08-13T19:45:37.1117911+00:00,193283,Mohawk Valley Community College,https://www.mvcc.edu,mvcc
0743555883241308160,2025-08-13T19:45:37.1655465+00:00,193326,Monroe Community College,https://www.monroecc.edu,monroecc
0743555883530715136,2025-08-13T19:45:37.2344412+00:00,192970,Memorial Hospital School of Radiation Therapy Technology,https://www.mskcc.org/mskcc/html/13431.cfm,mskcc
0743555883820122112,2025-08-13T19:45:37.3036816+00:00,193380,Montefiore School of Nursing,https://montefiorenewrochelle.org/school-of-nursing,montefiorenewrochelle
0743555884042420224,2025-08-13T19:45:37.3560427+00:00,192022,Jefferson Community College,https://www.sunyjefferson.edu,sunyjefferson
0743555884331827200,2025-08-13T19:45:37.4252935+00:00,191719,Hudson Valley Community College,https://www.hvcc.edu,hvcc
0743555884558319616,2025-08-13T19:45:37.4799883+00:00,191728,Hunter Business School,https://hunterbusinessschool.edu,hunterbusinessschool
0743555884851920896,2025-08-13T19:45:37.5494348+00:00,194028,North Country Community College,https://www.nccc.edu,nccc
0743555885145522176,2025-08-13T19:45:37.6191965+00:00,195058,Rockland Community College,https://www.sunyrockland.edu,sunyrockland
0743555885346848768,2025-08-13T19:45:37.6671804+00:00,193858,New York School for Medical and Dental Assistants,https://nysmda.com,nysmda
0743555885531398144,2025-08-13T19:45:37.7119597+00:00,190628,CUNY LaGuardia Community College,https://www.lagcc.cuny.edu,lagcc-licny
0743555885602701312,2025-08-13T19:45:37.7282536+00:00,193201,Mildred Elley School-Albany Campus,https://www.mildred-elley.edu,mildred-elley
0743555885892108288,2025-08-13T19:45:37.7976682+00:00,193478,Nassau Community College,https://www.ncc.edu,ncc
0743555886185709568,2025-08-13T19:45:37.8677260+00:00,195784,St Paul's School of Nursing-Staten Island,https://www.stpaulsschoolofnursing.edu,stpaulsschoolofnursing-staten-island
0743555886391230464,2025-08-13T19:45:37.9162279+00:00,195988,Sullivan County Community College,https://www.sunysullivan.edu,sunysullivan
0743555886689026048,2025-08-13T19:45:37.9874316+00:00,193946,Niagara County Community College,https://www.niagaracc.suny.edu,suny-sanborn
0743555886978433024,2025-08-13T19:45:38.0566658+00:00,197294,SUNY Westchester Community College,https://www.sunywcc.edu,sunywcc
0743555887179759616,2025-08-13T19:45:38.1042069+00:00,196565,Tompkins Cortland Community College,https://www.tompkinscortland.edu,tompkinscortland
0743555887469166592,2025-08-13T19:45:38.1735445+00:00,197814,College of the Albemarle,https://www.albemarle.edu,albemarle
0743555887758573568,2025-08-13T19:45:38.2427290+00:00,194222,Onondaga Community College,https://www.sunyocc.edu,sunyocc
0743555887959900160,2025-08-13T19:45:38.2902033+00:00,191986,Jamestown Community College,https://www.sunyjcc.edu,sunyjcc
0743555888219947008,2025-08-13T19:45:38.3526722+00:00,195322,Schenectady County Community College,https://sunysccc.edu,sunysccc
0743555888509353984,2025-08-13T19:45:38.4215291+00:00,197850,South Piedmont Community College,https://www.spcc.edu,spcc
0743555888802955264,2025-08-13T19:45:38.4910496+00:00,194240,Orange County Community College,https://sunyorange.edu,sunyorange
0743555889012670464,2025-08-13T19:45:38.5410717+00:00,196389,Swedish Institute a College of Health Sciences,https://www.swedishinstitute.edu,swedishinstitute
0743555889306271744,2025-08-13T19:45:38.6111466+00:00,197966,Beaufort County Community College,https://www.beaufortccc.edu,beaufortccc
0743555889532764160,2025-08-13T19:45:38.6652404+00:00,191959,Island Drafting and Technical Institute,https://www.idti.edu,idti
0743555889830559744,2025-08-13T19:45:38.7360387+00:00,198084,Brunswick Community College,https://www.brunswickcc.edu,brunswickcc
0743555890052857856,2025-08-13T19:45:38.7894611+00:00,198154,Cape Fear Community College,https://www.cfcc.edu,cfcc
0743555890342264832,2025-08-13T19:45:38.8582159+00:00,198039,Blue Ridge Community College,https://www.blueridge.edu,blueridge
0743555890640060416,2025-08-13T19:45:38.9292843+00:00,198233,Catawba Valley Community College,https://www.cvcc.edu,cvcc
0743555890837192704,2025-08-13T19:45:38.9768258+00:00,197531,Word of Life Bible Institute,https://www.wordoflife.edu,wordoflife
0743555891126599680,2025-08-13T19:45:39.0458663+00:00,198118,Caldwell Community College and Technical Institute,https://www.cccti.edu,cccti
0743555891361480704,2025-08-13T19:45:39.1010889+00:00,196699,Ulster County Community College,https://www.sunyulster.edu,sunyulster
0743555891650887680,2025-08-13T19:45:39.1703205+00:00,197887,Asheville-Buncombe Technical Community College,https://www.abtech.edu,abtech
0743555891881574400,2025-08-13T19:45:39.2259394+00:00,198321,Cleveland Community College,https://www.clevelandcc.edu,clevelandcc
0743555892175175680,2025-08-13T19:45:39.2950435+00:00,198367,Craven Community College,https://cravencc.edu,cravencc
0743555892468776960,2025-08-13T19:45:39.3650152+00:00,198260,Central Piedmont Community College,https://www.cpcc.edu,cpcc
0743555892670103552,2025-08-13T19:45:39.4132964+00:00,198251,Central Carolina Community College,https://www.cccc.edu,cccc
0743555892967899136,2025-08-13T19:45:39.4842200+00:00,198376,Davidson-Davie Community College,https://www.davidsondavie.edu,davidsondavie
0743555893186002944,2025-08-13T19:45:39.5369383+00:00,198534,Fayetteville Technical Community College,https://www.faytechcc.edu,faytechcc
0743555893479604224,2025-08-13T19:45:39.6066825+00:00,198011,Bladen Community College,https://www.bladencc.edu,bladencc
0743555893609627648,2025-08-13T19:45:39.6373995+00:00,190585,CUNY Hostos Community College,https://www.hostos.cuny.edu,hostosccny
0743555893714485248,2025-08-13T19:45:39.6623776+00:00,198570,Gaston College,https://www.gaston.edu,gaston
0743555894012280832,2025-08-13T19:45:39.7335399+00:00,198552,Forsyth Technical Community College,https://www.forsythtech.edu,forsythtech
0743555894238773248,2025-08-13T19:45:39.7876725+00:00,198206,Carteret Community College,https://www.carteret.edu,carteret
0743555894540763136,2025-08-13T19:45:39.8593683+00:00,198622,Guilford Technical Community College,https://www.gtcc.edu,gtcc
0743555894767255552,2025-08-13T19:45:39.9131000+00:00,198729,James Sprunt Community College,https://www.jamessprunt.edu,jamessprunt
0743555895069245440,2025-08-13T19:45:39.9857751+00:00,198817,Lenoir Community College,https://www.lenoircc.edu,lenoircc
0743555895291543552,2025-08-13T19:45:40.0381193+00:00,198668,Haywood Community College,https://www.haywood.edu,haywood
0743555895597727744,2025-08-13T19:45:40.1115276+00:00,198710,Isothermal Community College,https://www.isothermal.edu,isothermal
0743555895811637248,2025-08-13T19:45:40.1622440+00:00,198905,Martin Community College,https://www.martincc.edu,martincc
0743555896109432832,2025-08-13T19:45:40.2331281+00:00,198491,Edgecombe Community College,https://www.edgecombe.edu,edgecombe
0743555896327536640,2025-08-13T19:45:40.2850422+00:00,198455,Durham Technical Community College,https://www.durhamtech.edu,durhamtech
0743555896621137920,2025-08-13T19:45:40.3553083+00:00,192688,Mandl School-The College of Allied Health,https://www.mandl.edu,mandl
0743555896847630336,2025-08-13T19:45:40.4095018+00:00,199263,Pamlico Community College,https://www.pamlicocc.edu,pamlicocc
0743555897145425920,2025-08-13T19:45:40.4805084+00:00,198774,Johnston Community College,https://www.johnstoncc.edu,johnstoncc
0743555897371918336,2025-08-13T19:45:40.5342737+00:00,199023,Montgomery Community College,https://www.montgomery.edu,montgomery
0743555897665519616,2025-08-13T19:45:40.6044613+00:00,199087,Nash Community College,https://www.nashcc.edu,nashcc
0743555897896206336,2025-08-13T19:45:40.6595333+00:00,199333,Pitt Community College,https://pittcc.edu,pittcc
0743555898189807616,2025-08-13T19:45:40.7295067+00:00,198987,Mitchell Community College,https://www.mitchellcc.edu,mitchellcc
0743555898483408896,2025-08-13T19:45:40.7997999+00:00,199421,Randolph Community College,https://www.randolph.edu,randolph
0743555898697318400,2025-08-13T19:45:40.8500079+00:00,198640,Halifax Community College,https://www.halifaxcc.edu,halifaxcc
0743555898995113984,2025-08-13T19:45:40.9216714+00:00,199485,Rockingham Community College,https://www.rockinghamcc.edu,rockinghamcc
0743555899209023488,2025-08-13T19:45:40.9725998+00:00,199467,Roanoke-Chowan Community College,https://www.roanokechowan.edu,roanokechowan
0743555899498430464,2025-08-13T19:45:41.0417814+00:00,199722,Southeastern Community College,https://www.sccnc.edu,sccnc
0743555899729117184,2025-08-13T19:45:41.0967241+00:00,198914,Mayland Community College,https://www.mayland.edu,mayland
0743555900022718464,2025-08-13T19:45:41.1665399+00:00,199731,Southwestern Community College,https://www.southwesterncc.edu,southwesterncc
0743555900249210880,2025-08-13T19:45:41.2204038+00:00,199494,Rowan-Cabarrus Community College,https://www.rccc.edu,rccc
0743555900542812160,2025-08-13T19:45:41.2907990+00:00,199324,Piedmont Community College,https://www.piedmontcc.edu,piedmontcc
0743555900781887488,2025-08-13T19:45:41.3471232+00:00,199625,Sampson Community College,https://www.sampsoncc.edu,sampsoncc
0743555901067100160,2025-08-13T19:45:41.4150931+00:00,198330,Coastal Carolina Community College,https://www.coastalcarolina.edu,coastalcarolina
0743555901301981184,2025-08-13T19:45:41.4717482+00:00,199634,Sandhills Community College,https://www.sandhills.edu,sandhills
0743555901562028032,2025-08-13T19:45:41.5336740+00:00,199838,Vance-Granville Community College,https://www.vgcc.edu,vgcc
0743555901830463488,2025-08-13T19:45:41.5972122+00:00,199768,Surry Community College,https://surry.edu,surry
0743555902090510336,2025-08-13T19:45:41.6590314+00:00,199795,Tri-County Community College,https://www.tricountycc.edu,tricountycc
0743555902342168576,2025-08-13T19:45:41.7196072+00:00,199892,Wayne Community College,https://www.waynecc.edu,waynecc
0743555902606409728,2025-08-13T19:45:41.7826560+00:00,199953,Wilson Community College,https://www.wilsoncc.edu,wilsoncc
0743555902862262272,2025-08-13T19:45:41.8436750+00:00,199449,Richmond Community College,https://www.richmondcc.edu,richmondcc
0743555903122309120,2025-08-13T19:45:41.9059526+00:00,199908,Western Piedmont Community College,https://www.wpcc.edu,wpcc
0743555903390744576,2025-08-13T19:45:41.9691401+00:00,199926,Wilkes Community College,https://www.wilkescc.edu,wilkescc
0743555903654985728,2025-08-13T19:45:42.0323477+00:00,198923,McDowell Technical Community College,https://www.mcdowelltech.edu,mcdowelltech
0743555903915032576,2025-08-13T19:45:42.0949535+00:00,199740,Stanly Community College,https://www.stanly.edu,stanly
0743555904179273728,2025-08-13T19:45:42.1570334+00:00,200341,Williston State College,https://willistonstate.edu,willistonstate
0743555904443514880,2025-08-13T19:45:42.2203225+00:00,200192,Lake Region State College,https://www.lrsc.edu,lrsc
0743555904703561728,2025-08-13T19:45:42.2826235+00:00,200305,North Dakota State College of Science,https://www.ndscs.edu,ndscs
0743555904963608576,2025-08-13T19:45:42.3447884+00:00,199476,Robeson Community College,https://www.robeson.edu,robeson
0743555905219461120,2025-08-13T19:45:42.4056850+00:00,200314,Dakota College at Bottineau,https://www.dakotacollege.edu,dakotacollege
0743555905479507968,2025-08-13T19:45:42.4673305+00:00,202453,Dayton Barber College,https://www.daytonbarbercollege.edu,daytonbarbercollege
0743555905747943424,2025-08-13T19:45:42.5316740+00:00,200590,ETI Technical College,https://eticollege.edu,eticollege
0743555906003795968,2025-08-13T19:45:42.5920390+00:00,200208,Cankdeska Cikana Community College,https://www.littlehoop.edu,littlehoop
0743555906263842816,2025-08-13T19:45:42.6545049+00:00,201283,Belmont College,https://www.belmontcollege.edu,belmontcollege
0743555906532278272,2025-08-13T19:45:42.7181026+00:00,203155,Hocking College,https://www.hocking.edu,hocking
0743555907970924544,2025-08-13T19:45:43.0611444+00:00,203614,Collins Career Technical Center,https://www.collins-cc.edu,collins-cc
0743555907970924545,2025-08-13T19:45:43.0612277+00:00,199856,Wake Technical Community College,https://www.waketech.edu,waketech
0743555907970924546,2025-08-13T19:45:43.0612280+00:00,201751,Chatfield College,https://www.chatfield.edu,chatfield
0743555907970924547,2025-08-13T19:45:43.0612698+00:00,203289,International College of Broadcasting,https://www.icb.edu,icb
0743555907970924548,2025-08-13T19:45:43.0612714+00:00,199786,Alamance Community College,https://www.alamancecc.edu,alamancecc
0743555908298080256,2025-08-13T19:45:43.1395623+00:00,203720,Ohio Business College-Sheffield,https://www.ohiobusinesscollege.edu,ohiobusinesscollege
0743555908377772032,2025-08-13T19:45:43.1581148+00:00,202222,Columbus State Community College,https://www.cscc.edu,cscc
0743555908637818880,2025-08-13T19:45:43.2206353+00:00,202356,Cuyahoga Community College District,https://www.tri-c.edu,tri-c
0743555908897865728,2025-08-13T19:45:43.2824994+00:00,204440,Northwest State Community College,https://northweststate.edu,northweststate
0743555909170495488,2025-08-13T19:45:43.3471013+00:00,203438,Casal Aveda Institute,https://www.casalaveda.com,casalaveda
0743555909430542336,2025-08-13T19:45:43.4090108+00:00,204459,Toledo Public Schools Adult and Continuing Education,https://www.tps.org,tps
0743555909686394880,2025-08-13T19:45:43.4702041+00:00,203331,Eastern Gateway Community College,https://www.egcc.edu,egcc
0743555909959024640,2025-08-13T19:45:43.5357717+00:00,203739,Ohio Business College-Sandusky,https://www.ohiobusinesscollege.edu,ohiobusinesscollege-sandusky
0743555910214877184,2025-08-13T19:45:43.5967078+00:00,204778,Ohio State School of Cosmetology-Canal Winchester,https://salonschools.ohiostate.edu,ohiostate
0743555910483312640,2025-08-13T19:45:43.6602365+00:00,203599,Lakeland Community College,https://www.lakelandcc.edu,lakelandcc
0743555910755942400,2025-08-13T19:45:43.7252177+00:00,204121,Moler Hollywood Beauty Academy,https://www.molerhollywood.com,molerhollywood
0743555911011794944,2025-08-13T19:45:43.7860830+00:00,205090,Firelands Regional Medical Center School of Nursing,https://www.firelands.com/schoolofnursing,firelands
0743555911276036096,2025-08-13T19:45:43.8495372+00:00,205142,Raphael's School of Beauty Culture Inc-Niles,https://www.raphaelsbeautyschool.edu,raphaelsbeautyschool
0743555911552860160,2025-08-13T19:45:43.9155484+00:00,204662,Ohio State University Agricultural Technical Institute,https://ati.osu.edu,osu-wooster
0743555911808712704,2025-08-13T19:45:43.9763954+00:00,204945,Owens Community College,https://www.owens.edu,owens
0743555912068759552,2025-08-13T19:45:44.0381386+00:00,205841,Stark State College,https://www.starkstate.edu,starkstate
0743555912337195008,2025-08-13T19:45:44.1022556+00:00,204608,Ohio Technical College,https://www.ohiotech.edu,ohiotech
0743555912605630464,2025-08-13T19:45:44.1663884+00:00,202648,Edison State Community College,https://www.edisonohio.edu,edisonohio
0743555912878260224,2025-08-13T19:45:44.2315398+00:00,204769,The Spa School,https://salonschools.ohiostate.edu,ohiostate-columbus
0743555913142501376,2025-08-13T19:45:44.2947283+00:00,206011,Terra State Community College,https://www.terra.edu,terra
0743555913398353920,2025-08-13T19:45:44.3553360+00:00,206932,Central Oklahoma College,https://centraloc.edu,centraloc
0743555913666789376,2025-08-13T19:45:44.4191759+00:00,205179,Fortis College-Centerville,https://www.fortiscollege.edu,fortiscollege
0743555913922641920,2025-08-13T19:45:44.4804608+00:00,205887,Stautzenberger College-Maumee,https://www.sctoday.edu,sctoday
0743555914174300160,2025-08-13T19:45:44.5408901+00:00,204723,Ohio State College of Barber Styling,https://www.osbc.edu,osbc
0743555914438541312,2025-08-13T19:45:44.6038375+00:00,204884,East Ohio College,https://eastohio.edu,eastohio
0743555914706976768,2025-08-13T19:45:44.6675457+00:00,204714,Ohio State Beauty Academy,https://www.ohiostatebeauty.com,ohiostatebeauty
0743555914962829312,2025-08-13T19:45:44.7281180+00:00,207236,Murray State College,https://www.mscok.edu,mscok
0743555915214487552,2025-08-13T19:45:44.7884473+00:00,205966,Southern State Community College,https://www.sscc.edu,sscc
0743555915482923008,2025-08-13T19:45:44.8524019+00:00,207069,Redlands Community College,https://www.redlandscc.edu,redlandscc
0743555915742969856,2025-08-13T19:45:44.9141429+00:00,207290,Northeastern Oklahoma A&M College,https://www.neo.edu,neo
0743555916003016704,2025-08-13T19:45:44.9766277+00:00,207050,Eastern Oklahoma State College,https://www.eosc.edu,eosc
0743555916263063552,2025-08-13T19:45:45.0386507+00:00,206996,Connors State College,https://connorsstate.edu,connorsstate
0743555916527304704,2025-08-13T19:45:45.1017772+00:00,208318,Central Oregon Community College,https://www.cocc.edu,cocc
0743555916791545856,2025-08-13T19:45:45.1643310+00:00,206923,Carl Albert State College,https://www.carlalbert.edu,carlalbert
0743555917051592704,2025-08-13T19:45:45.2265697+00:00,208275,Blue Mountain Community College,https://www.bluecc.edu,bluecc
0743555917315833856,2025-08-13T19:45:45.2893965+00:00,207740,Seminole State College,https://www.sscok.edu,sscok
0743555917567492096,2025-08-13T19:45:45.3499301+00:00,208859,Phagans Grants Pass College of Beauty,https://www.phagans-schools.com,phagans-schools
0743555917823344640,2025-08-13T19:45:45.4108261+00:00,207449,Oklahoma City Community College,https://www.occc.edu,occc
0743555918095974400,2025-08-13T19:45:45.4759638+00:00,207935,Tulsa Community College,https://www.tulsacc.edu,tulsacc
0743555918351826944,2025-08-13T19:45:45.5361415+00:00,209074,Linn-Benton Community College,https://www.linnbenton.edu,linnbenton
0743555918616068096,2025-08-13T19:45:45.5994014+00:00,207962,Tulsa Welding School-Tulsa,https://www.tws.edu,tws
0743555918863532032,2025-08-13T19:45:45.6585935+00:00,208406,Clackamas Community College,https://www.clackamas.edu,clackamas
0743555919131967488,2025-08-13T19:45:45.7229716+00:00,209083,Northwest College-Beaverton,https://www.nwcollege.edu,nwcollege
0743555919392014336,2025-08-13T19:45:45.7842555+00:00,208433,College of Hair Design Careers,https://www.collegeofhairdesigncareers.com,collegeofhairdesigncareers
0743555919664644096,2025-08-13T19:45:45.8492571+00:00,208415,Clatsop Community College,https://www.clatsopcc.edu,clatsopcc
0743555919924690944,2025-08-13T19:45:45.9110855+00:00,209676,Phagans Central Oregon Beauty College,https://www.phagans-schools.com,phagans-schools-bend
0743555920184737792,2025-08-13T19:45:45.9733641+00:00,209153,Phagans Medford Beauty School,https://www.phagans-schools.com,phagans-schools-medford
0743555920444784640,2025-08-13T19:45:46.0358129+00:00,208035,Western Oklahoma State College,https://www.wosc.edu,wosc
0743555920717414400,2025-08-13T19:45:46.1009444+00:00,209667,Phagans Beauty College,https://www.phagans-schools.com,phagans-schools-corvallis
0743555920973266944,2025-08-13T19:45:46.1611980+00:00,209940,Rogue Community College,https://www.roguecc.edu,roguecc
0743555921237508096,2025-08-13T19:45:46.2243481+00:00,209700,Phagans School of Hair Design,https://www.phagans.com,phagans
0743555921514332160,2025-08-13T19:45:46.2900424+00:00,209694,Phagans School of Beauty,https://www.phagans-schools.com,phagans-schools-salem
0743555921774379008,2025-08-13T19:45:46.3520113+00:00,210155,Southwestern Oregon Community College,https://www.socc.edu,socc
0743555922026037248,2025-08-13T19:45:46.4120213+00:00,210234,Treasure Valley Community College,https://www.tvcc.cc,tvcc-ontario
0743555922277695488,2025-08-13T19:45:46.4728533+00:00,210270,Umpqua Community College,https://www.umpqua.edu,umpqua
0743555922550325248,2025-08-13T19:45:46.5371634+00:00,207670,Rose State College,https://www.rose.edu,rose
0743555922814566400,2025-08-13T19:45:46.6004711+00:00,210599,All-State Career School,https://www.allstatecareer.edu,allstatecareer
0743555923078807552,2025-08-13T19:45:46.6631377+00:00,211307,Bucks County Community College,https://www.bucks.edu,bucks
0743555923343048704,2025-08-13T19:45:46.7269712+00:00,211343,Butler County Community College,https://www.bc3.edu,bc3
0743555923603095552,2025-08-13T19:45:46.7884000+00:00,210605,Community College of Allegheny County,https://www.ccac.edu,ccac
0743555923921862656,2025-08-13T19:45:46.8640473+00:00,209719,Summit Salon Academy-Portland,https://www.summitsalonacademyportland.com,summitsalonacademyportland
0743555924139966464,2025-08-13T19:45:46.9166913+00:00,211079,Community College of Beaver County,https://www.ccbc.edu,ccbc
0743555924404207616,2025-08-13T19:45:46.9795530+00:00,209746,Portland Community College,https://www.pcc.edu,pcc
0743555924668448768,2025-08-13T19:45:47.0423220+00:00,212434,Erie Institute of Technology Inc,https://www.erieit.edu,erieit
0743555924915912704,2025-08-13T19:45:47.1019355+00:00,212869,Harcum College,https://www.harcum.edu/s/1044/edu/start.aspx,harcum
0743555925180153856,2025-08-13T19:45:47.1645984+00:00,213181,Great Lakes Institute of Technology,https://www.glit.edu,glit
0743555925444395008,2025-08-13T19:45:47.2273935+00:00,212878,Harrisburg Area Community College,https://www.hacc.edu,hacc
0743555925712830464,2025-08-13T19:45:47.2914772+00:00,211927,Delaware County Community College,https://www.dccc.edu,dccc
0743555925981265920,2025-08-13T19:45:47.3556575+00:00,213473,Lansdale School of Business,https://www.lsb.edu,lsb
0743555926241312768,2025-08-13T19:45:47.4176176+00:00,212975,Commonwealth Technical Institute,https://www.dli.pa.gov/Individuals/Disability-Services/CTI-HGAC/Pages/Home.aspx,pa
0743555926501359616,2025-08-13T19:45:47.4794877+00:00,213525,Lehigh Carbon Community College,https://www.lccc.edu,lccc
0743555926778183680,2025-08-13T19:45:47.5454506+00:00,213570,Lincoln Technical Institute-Allentown,https://www.lincolntech.edu/campus/allentown-pa,lincolntech-allentown
0743555927046619136,2025-08-13T19:45:47.6095724+00:00,209205,Northwest College-Clackamas,https://www.nwcollege.edu,nwcollege-happy-valley
0743555927294083072,2025-08-13T19:45:47.6682045+00:00,213589,Lincoln Technical Institute-Philadelphia,https://www.lincolntech.edu/campus/philadelphia-pa,lincolntech-philadelphia
0743555927549935616,2025-08-13T19:45:47.7295347+00:00,213914,Vet Tech Institute,https://vti.edu,vti-pittsburgh
0743555927805788160,2025-08-13T19:45:47.7901777+00:00,213932,Roxborough Memorial Hospital School of Nursing,https://www.roxboroughmemorial.com,roxboroughmemorial
0743555928065835008,2025-08-13T19:45:47.8524949+00:00,214290,New Castle School of Trades,https://www.ncstrades.edu,ncstrades
0743555928338464768,2025-08-13T19:45:47.9175650+00:00,213534,Miller-Motte College-Berks Technical Institute,https://www.berks.edu,berks
0743555928594317312,2025-08-13T19:45:47.9787172+00:00,215008,Pennsylvania Gunsmith School,https://pagunsmith.edu,pagunsmith
0743555928858558464,2025-08-13T19:45:48.0418720+00:00,207281,Northern Oklahoma College,https://www.noc.edu,noc
0743555929126993920,2025-08-13T19:45:48.1059519+00:00,215239,Community College of Philadelphia,https://www.ccp.edu,ccp
0743555929391235072,2025-08-13T19:45:48.1684244+00:00,215381,Pittsburgh Institute of Aeronautics,https://www.pia.edu,pia
0743555929659670528,2025-08-13T19:45:48.2326052+00:00,211006,Automotive Training Center-Exton,https://www.autotraining.edu,autotraining
0743555929919717376,2025-08-13T19:45:48.2940677+00:00,215585,Reading Area Community College,https://www.racc.edu,racc
0743555930196541440,2025-08-13T19:45:48.3600098+00:00,209038,Lane Community College,https://www.lanecc.edu,lanecc
0743555930452393984,2025-08-13T19:45:48.4211450+00:00,215479,Joseph F McCloskey School of Nursing,https://www.lvhn.org/education/joseph-f-mccloskey-school-nursing,lvhn
0743555930716635136,2025-08-13T19:45:48.4840979+00:00,216445,Triangle Tech Inc-Greensburg,https://triangle-tech.edu,triangle-tech
0743555930980876288,2025-08-13T19:45:48.5470330+00:00,213659,Luzerne County Community College,https://www.luzerne.edu,luzerne
0743555931236728832,2025-08-13T19:45:48.6087011+00:00,214111,Montgomery County Community College,https://www.mc3.edu,mc3
0743555931484192768,2025-08-13T19:45:48.6673708+00:00,216630,Washington Health System School of Nursing,https://www.whs.org,whs
0743555931752628224,2025-08-13T19:45:48.7313483+00:00,214944,Pennco Tech-Bristol,https://www.penncotech.edu,penncotech-bristol
0743555932004286464,2025-08-13T19:45:48.7919359+00:00,216551,Valley Forge Military College,https://www.vfmac.edu,vfmac
0743555932268527616,2025-08-13T19:45:48.8547719+00:00,212045,Douglas Education Center,https://www.dec.edu,dec
0743555932532768768,2025-08-13T19:45:48.9173759+00:00,217077,YTI Career Institute-York,https://www.yti.edu,yti
0743555932788621312,2025-08-13T19:45:48.9784194+00:00,217475,Community College of Rhode Island,https://www.ccri.edu,ccri
0743555933052862464,2025-08-13T19:45:49.0415655+00:00,217989,Denmark Technical College,https://www.denmarktech.edu,denmarktech
0743555933317103616,2025-08-13T19:45:49.1041387+00:00,216436,Triangle Tech Inc-Pittsburgh,https://www.triangle-tech.edu,triangle-tech-pittsburgh
0743555933560373248,2025-08-13T19:45:49.1626594+00:00,214379,Northampton County Area Community College,https://www.northampton.edu,northampton
0743555933824614400,2025-08-13T19:45:49.2254006+00:00,217615,Aiken Technical College,https://www.atc.edu,atc
0743555934084661248,2025-08-13T19:45:49.2870735+00:00,218140,Horry-Georgetown Technical College,https://www.hgtc.edu,hgtc
0743555934348902400,2025-08-13T19:45:49.3503260+00:00,218830,Spartanburg Community College,https://www.sccsc.edu,sccsc
0743555934604754944,2025-08-13T19:45:49.4110582+00:00,218858,Central Carolina Technical College,https://www.cctech.edu,cctech
0743555934860607488,2025-08-13T19:45:49.4729610+00:00,217712,Technical College of the Lowcountry,https://tcl.edu,tcl
0743555935120654336,2025-08-13T19:45:49.5344718+00:00,218885,Tri-County Technical College,https://www.tctc.edu,tctc
0743555935380701184,2025-08-13T19:45:49.5963852+00:00,216825,Westmoreland County Community College,https://westmoreland.edu,westmoreland
0743555935636553728,2025-08-13T19:45:49.6575893+00:00,218894,Trident Technical College,https://www.tridenttech.edu,tridenttech
0743555935892406272,2025-08-13T19:45:49.7185348+00:00,218955,Williamsburg Technical College,https://www.wiltech.edu,wiltech
0743555936156647424,2025-08-13T19:45:49.7812165+00:00,218991,York Technical College,https://www.yorktech.edu,yorktech
0743555936412499968,2025-08-13T19:45:49.8420263+00:00,218025,Florence-Darlington Technical College,https://www.fdtc.edu,fdtc
0743555936668352512,2025-08-13T19:45:49.9030426+00:00,219189,Mitchell Technical College,https://mitchelltech.edu,mitchelltech
0743555936928399360,2025-08-13T19:45:49.9655424+00:00,219170,Avera McKennan Hospital School of Radiologic Technology,https://www.avera.org,avera
0743555937180057600,2025-08-13T19:45:50.0258239+00:00,217837,Northeastern Technical College,https://www.netc.edu,netc
0743555937444298752,2025-08-13T19:45:50.0885718+00:00,218353,Midlands Technical College,https://www.midlandstech.edu,midlandstech
0743555937708539904,2025-08-13T19:45:50.1514034+00:00,219143,Lake Area Technical College,https://www.lakeareatech.edu,lakeareatech
0743555937964392448,2025-08-13T19:45:50.2125329+00:00,219426,Southeast Technical College,https://www.southeasttech.edu,southeasttech
0743555938224439296,2025-08-13T19:45:50.2744883+00:00,218487,Orangeburg Calhoun Technical College,https://www.octech.edu,octech
0743555938484486144,2025-08-13T19:45:50.3363480+00:00,219338,Avera Sacred Heart Hospital,https://www.averasacredheart.org,averasacredheart
0743555938736144384,2025-08-13T19:45:50.3962115+00:00,219879,Cleveland State Community College,https://www.clevelandstatecc.edu,clevelandstatecc
0743555938991996928,2025-08-13T19:45:50.4572014+00:00,219596,Tennessee College of Applied Technology-Athens,https://www.tcatathens.edu,tcatathens
0743555939256238080,2025-08-13T19:45:50.5205238+00:00,216454,Triangle Tech Inc-Dubois,https://www.triangle-tech.edu,triangle-tech-falls-creek
0743555939499507712,2025-08-13T19:45:50.5786702+00:00,220057,Dyersburg State Community College,https://www.dscc.edu,dscc
0743555939759554560,2025-08-13T19:45:50.6409386+00:00,219994,Tennessee College of Applied Technology-Dickson,https://www.tcatdickson.edu,tcatdickson
0743555940019601408,2025-08-13T19:45:50.7022260+00:00,220127,Tennessee College of Applied Technology-Elizabethton,https://www.tcatelizabethton.edu,tcatelizabethton
0743555940296425472,2025-08-13T19:45:50.7681423+00:00,218520,Piedmont Technical College,https://www.ptc.edu,ptc
0743555940543889408,2025-08-13T19:45:50.8278592+00:00,219480,Western Dakota Technical College,https://www.wdt.edu,wdt
0743555940791353344,2025-08-13T19:45:50.8860098+00:00,220321,Tennessee College of Applied Technology-Hohenwald,https://www.tcathohenwald.edu,tcathohenwald
0743555941043011584,2025-08-13T19:45:50.9462704+00:00,220279,Tennessee College of Applied Technology-Hartsville,https://www.tcathartsville.edu,tcathartsville
0743555941294669824,2025-08-13T19:45:51.0066585+00:00,219888,Columbia State Community College,https://www.columbiastate.edu,columbiastate
0743555941558910976,2025-08-13T19:45:51.0691235+00:00,220118,Chattanooga College Medical Dental and & Technical Careers,https://www.chattanoogacollege.edu,chattanoogacollege
0743555941818957824,2025-08-13T19:45:51.1313117+00:00,220394,Tennessee College of Applied Technology-Jacksboro,https://www.tcatjacksboro.edu,tcatjacksboro
0743555942070616064,2025-08-13T19:45:51.1914400+00:00,220400,Jackson State Community College,https://www.jscc.edu,jscc
0743555942322274304,2025-08-13T19:45:51.2518561+00:00,220853,Tennessee College of Applied Technology-Memphis,https://www.tcatmemphis.edu,tcatmemphis
0743555942578126848,2025-08-13T19:45:51.3123176+00:00,220640,Tennessee College of Applied Technology-Livingston,https://www.tcatlivingston.edu,tcatlivingston
0743555942838173696,2025-08-13T19:45:51.3740314+00:00,219392,Sanford Medical Center,https://www.sanfordhealth.org,sanfordhealth
0743555943094026240,2025-08-13T19:45:51.4354512+00:00,219921,Tennessee College of Applied Technology-Covington,https://www.tcatcovington.edu,tcatcovington
0743555943349878784,2025-08-13T19:45:51.4960044+00:00,221050,Tennessee College of Applied Technology-Morristown,https://www.tcatmorristown.edu,tcatmorristown
0743555943605731328,2025-08-13T19:45:51.5577640+00:00,221096,Motlow State Community College,https://www.mscc.edu,mscc
0743555943869972480,2025-08-13T19:45:51.6205981+00:00,221184,Nashville State Community College,https://www.nscc.edu,nscc
0743555944130019328,2025-08-13T19:45:51.6829487+00:00,220251,Tennessee College of Applied Technology-Harriman,https://www.tcatharriman.edu,tcatharriman
0743555944385871872,2025-08-13T19:45:51.7434480+00:00,221333,Tennessee College of Applied Technology-Pulaski,https://www.tcatpulaski.edu,tcatpulaski
0743555944654307328,2025-08-13T19:45:51.8073026+00:00,221148,Lincoln College of Technology-Nashville,https://www.lincolntech.edu/campus/nashville-tn,lincolntech-nashville
0743555944893382656,2025-08-13T19:45:51.8649927+00:00,219824,Chattanooga State Community College,https://www.chattanoogastate.edu,chattanoogastate
0743555945153429504,2025-08-13T19:45:51.9268937+00:00,221102,Tennessee College of Applied Technology-Murfreesboro,https://www.tcatmurfreesboro.edu,tcatmurfreesboro
0743555945413476352,2025-08-13T19:45:51.9880832+00:00,220756,Tennessee College of Applied Technology-McKenzie,https://www.tcatmckenzie.edu,tcatmckenzie
0743555945665134592,2025-08-13T19:45:52.0483358+00:00,221397,Roane State Community College,https://www.roanestate.edu,roanestate
0743555945925181440,2025-08-13T19:45:52.1102985+00:00,221582,Tennessee College of Applied Technology-Oneida-Huntsville,https://tcatoneida.edu,tcatoneida
0743555946176839680,2025-08-13T19:45:52.1708082+00:00,221591,Tennessee College of Applied Technology-Crossville,https://www.tcatcrossville.edu,tcatcrossville
0743555946436886528,2025-08-13T19:45:52.2322741+00:00,221494,Tennessee College of Applied Technology-Shelbyville,https://www.tcatshelbyville.edu,tcatshelbyville
0743555946692739072,2025-08-13T19:45:52.2932821+00:00,221625,Tennessee College of Applied Technology-Knoxville,https://www.tcatknoxville.edu,tcatknoxville
0743555946952785920,2025-08-13T19:45:52.3550416+00:00,221430,Tennessee College of Applied Technology-Crump,https://www.tcatcrump.edu,tcatcrump
0743555947221221376,2025-08-13T19:45:52.4197976+00:00,222062,Walters State Community College,https://www.ws.edu,ws
0743555947456102400,2025-08-13T19:45:52.4758191+00:00,221485,Southwest Tennessee Community College,https://www.southwest.tn.edu,tn
0743555947711954944,2025-08-13T19:45:52.5367515+00:00,221281,Tennessee College of Applied Technology-Henry/Carroll,https://www.tcathenrycarroll.edu,tcathenrycarroll
0743555948227854336,2025-08-13T19:45:52.6599118+00:00,221607,Tennessee College of Applied Technology-McMinnville,https://tcatmcminnville.edu,tcatmcminnville
0743555948479512576,2025-08-13T19:45:52.7199737+00:00,221908,Northeast State Community College,https://www.northeaststate.edu,northeaststate
0743555948735365120,2025-08-13T19:45:52.7806022+00:00,222053,Volunteer State Community College,https://www.volstate.edu,volstate
0743555948991217664,2025-08-13T19:45:52.8415605+00:00,221236,Tennessee College of Applied Technology Northwest,https://www.tcatnorthwest.edu,tcatnorthwest
0743555949255458816,2025-08-13T19:45:52.9043851+00:00,223320,Coastal Bend College,https://www.coastalbend.edu,coastalbend
0743555949507117056,2025-08-13T19:45:52.9643595+00:00,223427,Blinn College District,https://www.blinn.edu,blinn
0743555949767163904,2025-08-13T19:45:53.0268799+00:00,221643,Pellissippi State Community College,https://www.pstcc.edu,pstcc
0743555950031405056,2025-08-13T19:45:53.0897025+00:00,222822,Angelina College,https://www.angelina.edu,angelina
0743555950257897472,2025-08-13T19:45:53.1437247+00:00,221388,Tennessee College of Applied Technology-Ripley,,tncatripley
0743555950291451904,2025-08-13T19:45:53.1510200+00:00,222567,Alvin Community College,https://www.alvincollege.edu,alvincollege
0743555950551498752,2025-08-13T19:45:53.2139690+00:00,223898,Cisco College,https://www.cisco.edu,cisco
0743555950819934208,2025-08-13T19:45:53.2771957+00:00,222105,William R Moore College of Technology,https://www.mooretech.edu,mooretech
0743555951079981056,2025-08-13T19:45:53.3391551+00:00,223816,Central Texas College,https://www.ctcd.edu,ctcd
0743555951344222208,2025-08-13T19:45:53.4020468+00:00,222576,Amarillo College,https://www.actx.edu,actx
0743555951600074752,2025-08-13T19:45:53.4634169+00:00,224110,North Central Texas College,https://www.nctc.edu,nctc
0743555951864315904,2025-08-13T19:45:53.5268670+00:00,225520,Howard College,https://www.howardcollege.edu,howardcollege
0743555952124362752,2025-08-13T19:45:53.5887266+00:00,222886,Arlington Career Institute,https://www.arlingtoncareerinstitute.edu,arlingtoncareerinstitute
0743555952388603904,2025-08-13T19:45:53.6510695+00:00,226019,Kilgore College,https://www.kilgore.edu,kilgore
0743555952644456448,2025-08-13T19:45:53.7123986+00:00,224271,Dallas Institute of Funeral Service,https://www.dallasinstitute.edu,dallasinstitute
0743555952912891904,2025-08-13T19:45:53.7762162+00:00,225371,Hill College,https://www.hillcollege.edu,hillcollege
0743555953185521664,2025-08-13T19:45:53.8414358+00:00,226277,Lincoln College of Technology-Grand Prairie,https://www.lincolntech.edu/campus/grand-prairie-tx,lincolntech-grand-prairie
0743555953437179904,2025-08-13T19:45:53.9019726+00:00,221616,Tennessee College of Applied Technology-Jackson,https://www.tcatjackson.edu,tcatjackson
0743555953705615360,2025-08-13T19:45:53.9654542+00:00,225876,Jacksonville College-Main Campus,https://jacksonvillecollege.edu,jacksonvillecollege
0743555953969856512,2025-08-13T19:45:54.0284758+00:00,226903,Southern Careers Institute-Austin,https://www.scitexas.edu,scitexas
0743555954238291968,2025-08-13T19:45:54.0920185+00:00,223922,Clarendon College,https://www.clarendoncollege.edu,clarendoncollege
0743555954502533120,2025-08-13T19:45:54.1554382+00:00,224891,Frank Phillips College,https://www.fpctx.edu,fpctx
0743555954758385664,2025-08-13T19:45:54.2162243+00:00,224642,El Paso Community College,https://www.epcc.edu,epcc
0743555955022626816,2025-08-13T19:45:54.2792350+00:00,226107,Lamar State College-Orange,https://www.lsco.edu,lsco
0743555955274285056,2025-08-13T19:45:54.3394055+00:00,226675,Covenant School of Nursing and Allied Health,https://covenanthealth.org/cson,covenanthealth
0743555955538526208,2025-08-13T19:45:54.4024460+00:00,227687,Ranger College,https://www.rangercollege.edu,rangercollege
0743555955790184448,2025-08-13T19:45:54.4628848+00:00,227225,Northeast Texas Community College,https://www.ntcc.edu,ntcc
0743555956318666752,2025-08-13T19:45:54.5888841+00:00,226204,Lee College,https://www.lee.edu,lee
0743555956574519296,2025-08-13T19:45:54.6493860+00:00,228316,Southwest Texas Junior College,https://www.swtjc.edu,swtjc
0743555956834566144,2025-08-13T19:45:54.7116901+00:00,227377,Texas Southmost College,https://www.tsc.edu,tsc
0743555957098807296,2025-08-13T19:45:54.7745048+00:00,227748,Aviation Institute of Maintenance-Houston,https://aviationmaintenance.edu/campuses/houston-tx,aviationmaintenance-houston
0743555957358854144,2025-08-13T19:45:54.8360219+00:00,228158,South Plains College,https://www.southplainscollege.edu,southplainscollege
0743555957610512384,2025-08-13T19:45:54.8963074+00:00,229540,Victoria College,https://www.victoriacollege.edu,victoriacollege
0743555957878947840,2025-08-13T19:45:54.9607778+00:00,229504,Vernon College,https://www.vernoncollege.edu,vernoncollege
0743555958143188992,2025-08-13T19:45:55.0233546+00:00,227401,Paris Junior College,https://www.parisjc.edu,parisjc
0743555958399041536,2025-08-13T19:45:55.0843412+00:00,228608,Temple College,https://www.templejc.edu,templejc
0743555958659088384,2025-08-13T19:45:55.1462641+00:00,229841,Wharton County Junior College,https://www.wcjc.edu,wcjc
0743555958923329536,2025-08-13T19:45:55.2098578+00:00,226116,Lamar State College-Port Arthur,https://www.lamarpa.edu,lamarpa
0743555959200153600,2025-08-13T19:45:55.2751078+00:00,230861,Community College of Vermont,https://www.ccv.edu,ccv
0743555959456006144,2025-08-13T19:45:55.3365100+00:00,228547,Tarrant County College District,https://www.tccd.edu,tccd
0743555959565058048,2025-08-13T19:45:55.3623155+00:00,227854,St Philip's College,https://www.alamo.edu/spc,spc-sanantonio
0743555959724441600,2025-08-13T19:45:55.4000661+00:00,226578,McLennan Community College,https://www.mclennan.edu,mclennan
0743555959980294144,2025-08-13T19:45:55.4618860+00:00,230746,Salt Lake Community College,https://www.slcc.edu,slcc
0743555960248729600,2025-08-13T19:45:55.5259666+00:00,230199,Evans Hairstyling College-Cedar City,https://evanshairstylingcollegecedar.com,evanshairstylingcollegecedar
0743555960512970752,2025-08-13T19:45:55.5889601+00:00,229416,Universal Technical Institute of Texas Inc.,https://www.uti.edu,uti-houston
0743555960760434688,2025-08-13T19:45:55.6478787+00:00,231697,Central Virginia Community College,https://www.centralvirginia.edu,centralvirginia
0743555961020481536,2025-08-13T19:45:55.7090025+00:00,227386,Panola College,https://www.panola.edu,panola
0743555961280528384,2025-08-13T19:45:55.7711367+00:00,231882,Danville Community College,https://www.danville.edu,danville
0743555961536380928,2025-08-13T19:45:55.8322382+00:00,232052,Eastern Shore Community College,https://www.es.vccs.edu,vccs
0743555961800622080,2025-08-13T19:45:55.8957361+00:00,232195,Germanna Community College,https://www.germanna.edu,germanna
0743555962069057536,2025-08-13T19:45:55.9592097+00:00,232016,Centura College-Virginia Beach,https://www.centuracollege.edu/campuses/virginia-beach,centuracollege-virginia-beach
0743555962329104384,2025-08-13T19:45:56.0212226+00:00,228699,Texarkana College,https://www.texarkanacollege.edu,texarkanacollege
0743555962589151232,2025-08-13T19:45:56.0831244+00:00,232450,Brightpoint Community College,https://www.brightpoint.edu,brightpoint
0743555962849198080,2025-08-13T19:45:56.1452616+00:00,232575,Laurel Ridge Community College,https://www.laurelridge.edu,laurelridge
0743555963109244928,2025-08-13T19:45:56.2075528+00:00,231873,Mountain Gateway Community College,https://www.mgcc.edu,mgcc
0743555963377680384,2025-08-13T19:45:56.2712029+00:00,232414,J Sargeant Reynolds Community College,https://www.reynolds.edu,reynolds
0743555963633532928,2025-08-13T19:45:56.3327385+00:00,232724,Sovah School of Health Professions,https://www.sovahhealth.com/sohp,sovahhealth
0743555963889385472,2025-08-13T19:45:56.3939514+00:00,229832,Western Texas College,https://www.wtc.edu,wtc
0743555964153626624,2025-08-13T19:45:56.4561705+00:00,231536,Blue Ridge Community College,https://www.brcc.edu,brcc
0743555964409479168,2025-08-13T19:45:56.5176755+00:00,230205,Evans Hairstyling College-St George,https://evanscollege.com,evanscollege
0743555964673720320,2025-08-13T19:45:56.5806061+00:00,232788,Mountain Empire Community College,https://www.mecc.edu,mecc
0743555964937961472,2025-08-13T19:45:56.6438617+00:00,233310,Rappahannock Community College,https://www.rappahannock.edu,rappahannock
0743555965210591232,2025-08-13T19:45:56.7083197+00:00,233480,Bon Secours St Mary's Hospital School of Medical Imaging,https://smhsomi.edu,smhsomi
0743555965466443776,2025-08-13T19:45:56.7697262+00:00,233639,Southside Virginia Community College,https://www.southside.edu,southside
0743555965726490624,2025-08-13T19:45:56.8311190+00:00,233037,Paul D Camp Community College,https://www.pdc.edu,pdc
0743555965994926080,2025-08-13T19:45:56.8951374+00:00,233648,Southwest Virginia Community College,https://sw.edu,sw
0743555966259167232,2025-08-13T19:45:56.9586620+00:00,233082,Southside College of Health Sciences,https://www.schs.edu,schs
0743555966519214080,2025-08-13T19:45:57.0208525+00:00,233903,Virginia Highlands Community College,https://www.vhcc.edu,vhcc
0743555966787649536,2025-08-13T19:45:57.0849799+00:00,233754,Virginia Peninsula Community College,https://vpcc.edu,vpcc
0743555967043502080,2025-08-13T19:45:57.1456477+00:00,232946,Northern Virginia Community College,https://www.nvcc.edu,nvcc
0743555967303548928,2025-08-13T19:45:57.2072629+00:00,233949,Virginia Western Community College,https://virginiawestern.edu,virginiawestern
0743555967567790080,2025-08-13T19:45:57.2700633+00:00,236212,Perry Technical Institute,https://www.perrytech.edu,perrytech
0743555967832031232,2025-08-13T19:45:57.3335094+00:00,233329,Fortis College-Norfolk,https://www.fortis.edu,fortis
0743555968087883776,2025-08-13T19:45:57.3947540+00:00,233772,Tidewater Community College,https://www.tcc.edu,tcc
0743555968356319232,2025-08-13T19:45:57.4581333+00:00,237321,Clarksburg Beauty Academy and School of Massage Therapy,https://clarksburgbeautyacademywv.com,clarksburgbeautyacademywv
0743555968612171776,2025-08-13T19:45:57.5197311+00:00,237437,Huntington Junior College,https://www.hjc.edu,hjc
0743555968872218624,2025-08-13T19:45:57.5816677+00:00,232867,New River Community College,https://www.nr.edu,nr
0743555969136459776,2025-08-13T19:45:57.6448422+00:00,233019,Patrick & Henry Community College,https://www.patrickhenry.edu,patrickhenry
0743555969396506624,2025-08-13T19:45:57.7062490+00:00,237543,Mercer County Technical Education Center,https://mercercountyschools.sites.thrillshare.com/o/mctec,thrillshare
0743555969656553472,2025-08-13T19:45:57.7687195+00:00,237570,Morgantown Beauty College Inc,https://www.morgantownbeautycollege.edu,morgantownbeautycollege
0743555969916600320,2025-08-13T19:45:57.8306035+00:00,237817,Southern West Virginia Community and Technical College,https://www.southernwv.edu,southernwv
0743555970189230080,2025-08-13T19:45:57.8951935+00:00,237987,West Virginia Junior College-Charleston,https://www.wvjc.edu,wvjc-cross-lanes
0743555970449276928,2025-08-13T19:45:57.9578828+00:00,236656,South Puget Sound Community College,https://www.spscc.edu,spscc
0743555970717712384,2025-08-13T19:45:58.0217987+00:00,235671,Bates Technical College,https://www.batestech.edu,batestech
0743555970973564928,2025-08-13T19:45:58.0828485+00:00,238397,Blackhawk Technical College,https://www.blackhawk.edu,blackhawk
0743555971242000384,2025-08-13T19:45:58.1465742+00:00,238014,West Virginia Northern Community College,https://www.wvncc.edu,wvncc
0743555971502047232,2025-08-13T19:45:58.2085720+00:00,237303,Charleston School of Beauty Culture,https://wvcsbc.net,wvcsbc
0743555971762094080,2025-08-13T19:45:58.2707370+00:00,233116,Piedmont Virginia Community College,https://www.pvcc.edu,pvcc
0743555972017946624,2025-08-13T19:45:58.3319056+00:00,236610,Shoreline Community College,https://www.shoreline.edu,shoreline
0743555972273799168,2025-08-13T19:45:58.3925203+00:00,238759,Gateway Technical College,https://www.gtc.edu,gtc
0743555972546428928,2025-08-13T19:45:58.4576333+00:00,234377,Wytheville Community College,https://www.wcc.vccs.edu,vccs-wytheville
0743555972798087168,2025-08-13T19:45:58.5179935+00:00,239248,Milwaukee Area Technical College,https://www.matc.edu,matc
0743555973058134016,2025-08-13T19:45:58.5790872+00:00,238005,International Beauty School 4,https://www.theinternationalbeautyschool.com,theinternationalbeautyschool
0743555973322375168,2025-08-13T19:45:58.6427326+00:00,239442,Nicolet Area Technical College,https://www.nicoletcollege.edu,nicoletcollege
0743555973590810624,2025-08-13T19:45:58.7060259+00:00,238810,The Professional Hair Design Academy,https://phdacademy.edu,phdacademy
0743555973842468864,2025-08-13T19:45:58.7669306+00:00,238175,VICI Beauty School,https://www.vicibeautyschool.com,vicibeautyschool
0743555974106710016,2025-08-13T19:45:58.8294407+00:00,238722,Fox Valley Technical College,https://www.fvtc.edu,fvtc
0743555974370951168,2025-08-13T19:45:58.8929349+00:00,239372,Moraine Park Technical College,https://www.morainepark.edu,morainepark
0743555974630998016,2025-08-13T19:45:58.9548866+00:00,239008,Lakeshore Technical College,https://gotoltc.edu,gotoltc
0743555974899433472,2025-08-13T19:45:59.0182542+00:00,240125,Waukesha County Technical College,https://www.wctc.edu,wctc
0743555975159480320,2025-08-13T19:45:59.0802237+00:00,237844,Fred W Eberle Technical Center,https://fetc.edu,fetc
0743555975419527168,2025-08-13T19:45:59.1423828+00:00,240198,Northwood Technical College,https://www.northwoodtech.edu,northwoodtech
0743555975683768320,2025-08-13T19:45:59.2059500+00:00,240170,Western Technical College,https://www.westerntc.edu,westerntc
0743555975939620864,2025-08-13T19:45:59.2665508+00:00,239488,Northeast Wisconsin Technical College,https://www.nwtc.edu,nwtc
0743555976203862016,2025-08-13T19:45:59.3292629+00:00,239910,Southwest Wisconsin Technical College,https://www.swtc.edu,swtc
0743555976463908864,2025-08-13T19:45:59.3913401+00:00,240718,WyoTech,https://www.wyotech.edu,wyotech
0743555976732344320,2025-08-13T19:45:59.4551288+00:00,241182,Antilles School of Technical Careers,https://antillespr.edu,antillespr
0743555976988196864,2025-08-13T19:45:59.5165093+00:00,241146,American Educational College,https://www.amedcopr.com,amedcopr
0743555977256632320,2025-08-13T19:45:59.5805508+00:00,239220,Mid-State Technical College,https://www.mstc.edu,mstc
0743555977520873472,2025-08-13T19:45:59.6435677+00:00,242149,ICPR Junior College-Mayaguez,https://www.icprjc.edu,icprjc
0743555977785114624,2025-08-13T19:45:59.7065175+00:00,242820,Liceo de Arte y Tecnologia,https://www.liceo.edu,liceo
0743555978045161472,2025-08-13T19:45:59.7685762+00:00,243647,Palau Community College,https://palau.edu,palau
0743555978309402624,2025-08-13T19:45:59.8316981+00:00,244279,Meridian College,https://www.meridian.edu,meridian
0743555978582032384,2025-08-13T19:45:59.8960365+00:00,245962,Miller-Motte College-Tulsa,https://www.miller-motte.edu,miller-motte-tulsa
0743555978837884928,2025-08-13T19:45:59.9571859+00:00,239460,Northcentral Technical College,https://www.ntc.edu,ntc
0743555979110514688,2025-08-13T19:46:00.0223257+00:00,245625,Warren County Community College,https://www.warren.edu,warren
0743555979370561536,2025-08-13T19:46:00.0848033+00:00,243841,ICPR Junior College,https://www.icprjc.edu,icprjc-hato-rey
0743555979630608384,2025-08-13T19:46:00.1466920+00:00,240596,Eastern Wyoming College,https://ewc.wy.edu,wy-torrington
0743555979890655232,2025-08-13T19:46:00.2088923+00:00,240666,Northern Wyoming Community College District,https://www.sheridan.edu,sheridan
0743555980146507776,2025-08-13T19:46:00.2698697+00:00,240116,Chippewa Valley Technical College,https://www.cvtc.edu,cvtc
0743555980414943232,2025-08-13T19:46:00.3338697+00:00,242130,ICPR Junior College-Arecibo,https://www.icprjc.edu,icprjc-arecibo
0743555980674990080,2025-08-13T19:46:00.3957948+00:00,246974,Carrington College-San Leandro Campus,https://carrington.edu,carrington-san-leandro
0743555980930842624,2025-08-13T19:46:00.4569031+00:00,247737,Mississippi Community College Board,https://www.mccb.edu,mccb
0743555981450936320,2025-08-13T19:46:00.5803441+00:00,247603,Sussex County Community College,https://www.sussex.edu,sussex
0743555981719371776,2025-08-13T19:46:00.6447109+00:00,248925,Tennessee College of Applied Technology Nashville,https://www.tcatnashville.edu,tcatnashville
0743555981979418624,2025-08-13T19:46:00.7069051+00:00,248606,Moore Norman Technology Center,https://www.mntc.edu,mntc
0743555982252048384,2025-08-13T19:46:00.7713780+00:00,251260,Southern Union State Community College,https://www.suscc.edu,suscc
0743555982516289536,2025-08-13T19:46:00.8341937+00:00,247940,Owensboro Community and Technical College,https://owensboro.kctcs.edu,kctcs-owensboro
0743555982776336384,2025-08-13T19:46:00.8961932+00:00,250902,Moler-Pickens Beauty Academy,https://molerhollywood.com,molerhollywood-fairfield
0743555983027994624,2025-08-13T19:46:00.9562166+00:00,261436,Douglas J Aveda Institute,https://www.douglasj.edu,douglasj
0743555983288041472,2025-08-13T19:46:01.0185983+00:00,262457,San Joaquin Valley College-Fresno,https://www.sjvc.edu,sjvc-fresno
0743555983564865536,2025-08-13T19:46:01.0845226+00:00,250285,Aviation Institute of Maintenance-Philadelphia,https://aviationmaintenance.edu/campuses/philadelphia-pa,aviationmaintenance-philadelphia
0743555983803940864,2025-08-13T19:46:01.1416849+00:00,363165,Metro Technology Centers,https://www.metrotech.edu,metrotech
0743555984055599104,2025-08-13T19:46:01.2015872+00:00,262031,St Charles Community College,https://www.stchas.edu,stchas
0743555984328228864,2025-08-13T19:46:01.2662930+00:00,250744,Dorsey College-Roseville,https://www.dorsey.edu,dorsey-roseville
0743555984579887104,2025-08-13T19:46:01.3269821+00:00,363147,Raphael's School of Beauty Culture Inc-Alliance,https://raphaelsbeautyschool.edu,raphaelsbeautyschool-alliance
0743555984839933952,2025-08-13T19:46:01.3884602+00:00,363633,Luna Community College,https://www.luna.edu,luna
0743555985091592192,2025-08-13T19:46:01.4481271+00:00,365480,Meridian Technology Center,https://www.meridiantech.edu,meridiantech
0743555985355833344,2025-08-13T19:46:01.5118922+00:00,365693,Capitol Beauty School,https://www.hairschoolomaha.com,hairschoolomaha
0743555985615880192,2025-08-13T19:46:01.5737477+00:00,240505,Casper College,https://www.caspercollege.edu,caspercollege
0743555985888509952,2025-08-13T19:46:01.6389532+00:00,249609,Fortis Institute-Forty Fort,https://www.fortis.edu,fortis-forty-fort
0743555986156945408,2025-08-13T19:46:01.7021811+00:00,366191,Universal Technical Institute of Illinois Inc,https://www.uti.edu,uti-lisle
0743555986408603648,2025-08-13T19:46:01.7624783+00:00,366261,Commonwealth Institute of Funeral Service,https://www.commonwealth.edu,commonwealth
0743555986672844800,2025-08-13T19:46:01.8255546+00:00,366270,Delta College of Arts & Technology,https://www.deltacollege.com,deltacollege-baton-rouge
0743555986920308736,2025-08-13T19:46:01.8849025+00:00,366395,Suffolk County Community College,https://www.sunysuffolk.edu,sunysuffolk
0743555987180355584,2025-08-13T19:46:01.9468826+00:00,364025,Chandler-Gilbert Community College,https://www.cgc.maricopa.edu,maricopa-chandler
0743555987436208128,2025-08-13T19:46:02.0072495+00:00,260691,Pima Medical Institute-Mesa,https://pmi.edu,pmi-mesa
0743555987696254976,2025-08-13T19:46:02.0697236+00:00,365374,Canadian Valley Technology Center,https://www.cvtech.edu,cvtech
0743555987964690432,2025-08-13T19:46:02.1330712+00:00,244446,Georgia Piedmont Technical College,https://www.gptc.edu,gptc
0743555988220542976,2025-08-13T19:46:02.1947043+00:00,366535,Remington College-Mobile Campus,https://www.remingtoncollege.edu/locations/mobile,remingtoncollege-mobile
0743555988493172736,2025-08-13T19:46:02.2590681+00:00,366553,Southern Technical College,https://www.southerntech.edu,southerntech
0743555988740636672,2025-08-13T19:46:02.3184577+00:00,364575,Roane-Jackson Technical Center,https://www.rjtcwv.com,rjtcwv
0743555989004877824,2025-08-13T19:46:02.3812995+00:00,367361,Interactive College of Technology,https://www.ict.edu/campuses/tx/southwest-houston,ict-houston
0743555989264924672,2025-08-13T19:46:02.4431773+00:00,367103,Interactive College of Technology-Newport,https://www.ict.edu,ict-newport
0743555989524971520,2025-08-13T19:46:02.5051595+00:00,368629,Pima Medical Institute-Seattle,https://pmi.edu,pmi-seattle
0743555989785018368,2025-08-13T19:46:02.5670665+00:00,363882,Raphael's School of Beauty Culture Inc-Brunswick,https://www.raphaelsbeautyschool.edu,raphaelsbeautyschool-brunswick
0743555990045065216,2025-08-13T19:46:02.6298853+00:00,368911,Southeastern Technical College,https://www.southeasterntech.edu,southeasterntech
0743555990296723456,2025-08-13T19:46:02.6898398+00:00,367459,NorthWest Arkansas Community College,https://www.nwacc.edu,nwacc
0743555990552576000,2025-08-13T19:46:02.7506913+00:00,367112,Miller-Motte College-McCann-Monroe,https://www.mccann.edu,mccann
0743555990812622848,2025-08-13T19:46:02.8124648+00:00,366401,Las Positas College,https://www.laspositascollege.edu,laspositascollege
0743555991076864000,2025-08-13T19:46:02.8756663+00:00,366465,Ogeechee Technical College,https://www.ogeecheetech.edu,ogeecheetech
0743555991307550720,2025-08-13T19:46:02.9309323+00:00,246354,Palo Alto College,https://alamo.edu/pac,paloalto-ctsa
0743555991336910848,2025-08-13T19:46:02.9370687+00:00,367875,H W Brewster Technical College,https://www.hillsboroughschools.org/Brewster,hillsboroughschools
0743555991601152000,2025-08-13T19:46:03.0002251+00:00,371928,Modern Technology School,https://www.mtschool.edu,mtschool
0743555991857004544,2025-08-13T19:46:03.0614599+00:00,372329,IBMC College,https://www.ibmc.edu,ibmc
0743555992133828608,2025-08-13T19:46:03.1275058+00:00,372921,Fortis College-Smyrna,https://fortis.edu,fortis-smyrna
0743555992385486848,2025-08-13T19:46:03.1875160+00:00,375416,Remington College-Cleveland Campus,https://www.remingtoncollege.edu/locations/cleveland,remingtoncollege-cleveland
0743555992641339392,2025-08-13T19:46:03.2489081+00:00,246813,Athens Technical College,https://www.athenstech.edu,athenstech
0743555992901386240,2025-08-13T19:46:03.3101998+00:00,377643,Huntington School of Beauty Culture,https://huntingtonschoolofbeauty.com,huntingtonschoolofbeauty
0743555993169821696,2025-08-13T19:46:03.3747248+00:00,375683,Gordon Cooper Technology Center,https://www.gctech.edu,gctech
0743555993450840064,2025-08-13T19:46:03.4410587+00:00,375939,YTI Career Institute-Altoona,https://www.yti.edu,yti-altoona
0743555993710886912,2025-08-13T19:46:03.5035619+00:00,369419,Erwin Technical College,https://www.hillsboroughschools.org/erwin,hillsboroughschools-tampa
0743555993966739456,2025-08-13T19:46:03.5646998+00:00,375407,Madison Adult Career Center,https://www.madisonadultcc.org,madisonadultcc
0743555994222592000,2025-08-13T19:46:03.6258906+00:00,378105,Central Coast College,https://www.centralcoastcollege.edu,centralcoastcollege
0743555994491027456,2025-08-13T19:46:03.6899786+00:00,369400,Universal Technical Institute-Auto Motorcycle & Marine Mechanics Institute Division-Orlando,https://www.uti.edu,uti-orlando
0743555994755268608,2025-08-13T19:46:03.7522915+00:00,379746,College of Health Care Professions,https://www.chcp.edu,chcp-houston
0743555995011121152,2025-08-13T19:46:03.8137158+00:00,378956,National Aviation Academy of Tampa Bay,https://www.naa.edu,naa-clearwater
0743555995287945216,2025-08-13T19:46:03.8795955+00:00,377111,Remington College-Fort Worth Campus,https://www.remingtoncollege.edu/locations/fort-worth,remingtoncollege-north-richland-hills
0743555995556380672,2025-08-13T19:46:03.9438855+00:00,383996,Eastern New Mexico University Ruidoso Branch Community College,https://www.ruidoso.enmu.edu,enmu-ruidoso
0743555995803844608,2025-08-13T19:46:04.0029199+00:00,382957,Fortis College-Richmond,https://www.fortis.edu,fortis-richmond
0743555996055502848,2025-08-13T19:46:04.0628531+00:00,366571,Mercy-St Luke's School of Radiologic Technology,https://www.mercycare.org/employment/students/school-of-radiologic-technology,mercycare
0743555996336521216,2025-08-13T19:46:04.1296509+00:00,377652,Valley College-Beckley,https://www.valley.edu,valley-beckley
0743555996575596544,2025-08-13T19:46:04.1864962+00:00,371690,Downey Adult School,https://www.das.edu,das
0743555996831449088,2025-08-13T19:46:04.2479815+00:00,385503,Fortis Institute-Scranton,https://www.fortis.edu,fortis-scranton
0743555997104078848,2025-08-13T19:46:04.3120939+00:00,382911,Southwest College for the Deaf,https://howardcollege.edu/swcd,howardcollege-big-spring
0743555997364125696,2025-08-13T19:46:04.3747107+00:00,384342,Heartland Community College,https://www.heartland.edu,heartland
0743555997632561152,2025-08-13T19:46:04.4385165+00:00,395362,Copper Mountain Community College,https://www.cmccd.edu,cmccd
0743555997900996608,2025-08-13T19:46:04.5023296+00:00,377458,Centura College-Norfolk,https://www.centuracollege.edu/campuses/norfolk,centuracollege-norfolk
0743555998156849152,2025-08-13T19:46:04.5639761+00:00,393649,UEI College-Gardena,https://www.uei.edu,uei
0743555998446256128,2025-08-13T19:46:04.6326613+00:00,392415,Fortis College,https://www.fortis.edu,fortis-houston
0743555998693720064,2025-08-13T19:46:04.6919702+00:00,377722,Bellus Academy-Poway,https://www.bellusacademy.edu,bellusacademy-poway
0743555998966349824,2025-08-13T19:46:04.7561530+00:00,403478,Lincoln Trail College,https://www.iecc.edu/ltc,iecc-robinson
0743555999205425152,2025-08-13T19:46:04.8136693+00:00,392354,"School of Professional Horticulture, New York Botanical Garden",https://www.nybg.org/edu/soph,nybg
0743555999738101760,2025-08-13T19:46:04.9400263+00:00,379782,Center for Advanced Legal Studies,https://www.paralegal.edu,paralegal
0743555999993954304,2025-08-13T19:46:05.0018309+00:00,405872,Carroll Community College,https://www.carrollcc.edu,carrollcc
0743556000258195456,2025-08-13T19:46:05.0640145+00:00,400558,Los Angeles Pacific College,https://www.lapacific.edu,lapacific
0743556000522436608,2025-08-13T19:46:05.1272925+00:00,404912,Pima Medical Institute-Denver,https://pmi.edu,pmi-denver
0743556000778289152,2025-08-13T19:46:05.1886094+00:00,407355,Stephanie Moss Academy,https://www.xenonacademy.net,xenonacademy
0743556001042530304,2025-08-13T19:46:05.2517262+00:00,405076,Southern Careers Institute-Corpus Christi,https://www.scitexas.edu,scitexas-corpus-christi
0743556001315160064,2025-08-13T19:46:05.3160924+00:00,404426,Coconino Community College,https://www.coconino.edu,coconino
0743556001566818304,2025-08-13T19:46:05.3760451+00:00,384333,Estrella Mountain Community College,https://www.estrellamountain.edu,estrellamountain
0743556001839448064,2025-08-13T19:46:05.4411621+00:00,403487,Wabash Valley College,https://www.iecc.edu/wvc,iecc-mount-carmel
0743556002091106304,2025-08-13T19:46:05.5018060+00:00,408385,Southern Careers Institute-Pharr,https://www.scitexas.edu,scitexas-pharr
0743556002342764544,2025-08-13T19:46:05.5616679+00:00,411754,Cleveland Clinic Health System-School of Diagnostic Imaging,https://www.clevelandclinic.org/sodi,clevelandclinic
0743556002510536704,2025-08-13T19:46:05.6017152+00:00,383190,Hawaii Community College,https://www.hawaii.hawaii.edu,hawaii-cc-hilo
0743556002598617088,2025-08-13T19:46:05.6222718+00:00,412173,Academy for Nursing and Health Occupations,https://www.anho.edu,anho
0743556002862858240,2025-08-13T19:46:05.6851026+00:00,399212,Santiago Canyon College,https://www.sccollege.edu/SitePages/Home.aspx,sccollege
0743556003127099392,2025-08-13T19:46:05.7482488+00:00,403469,Frontier Community College,https://www.iecc.edu/fcc,iecc-fairfield
0743556003382951936,2025-08-13T19:46:05.8093224+00:00,414461,Mech-Tech College,https://www.mechtech.edu,mechtech
0743556003655581696,2025-08-13T19:46:05.8747744+00:00,413626,Leech Lake Tribal College,https://www.lltc.edu,lltc
0743556003915628544,2025-08-13T19:46:05.9360240+00:00,414911,Pennsylvania Highlands Community College,https://www.pennhighlands.edu,pennhighlands
0743556004167286784,2025-08-13T19:46:05.9969562+00:00,416458,Premiere Career College,https://www.premierecollege.edu,premierecollege
0743556004439916544,2025-08-13T19:46:06.0619135+00:00,373085,Ross College-Davenport,https://rosseducation.edu,rosseducation
0743556004695769088,2025-08-13T19:46:06.1228832+00:00,407568,Raphael's School of Beauty Culture Inc-Boardman,https://www.raphaelsbeautyschool.edu,raphaelsbeautyschool-boardman
0743556004951621632,2025-08-13T19:46:06.1834147+00:00,413680,Spartan College of Aeronautics & Technology,https://www.spartan.edu,spartan-inglewood
0743556005203279872,2025-08-13T19:46:06.2436895+00:00,418296,Indian Capital Technology Center-Muskogee,https://www.ictech.edu,ictech
0743556005471715328,2025-08-13T19:46:06.3075486+00:00,418533,Lancaster County Career and Technology Center,https://www.lancasterctc.edu,lancasterctc
0743556005723373568,2025-08-13T19:46:06.3670557+00:00,419183,Central California School of Continuing Education,https://ccsce.org,ccsce
0743556005987614720,2025-08-13T19:46:06.4305797+00:00,419244,Atlanta Institute of Music and Media,https://aimm.edu,aimm
0743556006256050176,2025-08-13T19:46:06.4940210+00:00,419341,Jna Institute of Culinary Arts,https://www.culinaryarts.edu,culinaryarts
0743556006511902720,2025-08-13T19:46:06.5557368+00:00,409379,Tennessee Board of Regents,https://www.tbr.edu,tbr
0743556006763560960,2025-08-13T19:46:06.6158572+00:00,417275,Stratford School for Aviation Maintenance Technicians,https://ssamt.cttech.org,cttech
0743556007019413504,2025-08-13T19:46:06.6763138+00:00,418889,North Central Institute,https://www.nci.edu,nci
0743556007275266048,2025-08-13T19:46:06.7378819+00:00,420343,Lincoln Technical Institute-Mahwah,https://www.lincolntech.edu/campus/mahwah-nj,lincolntech-mahwah
0743556007799554048,2025-08-13T19:46:06.8628413+00:00,414939,Nevada Career Institute,https://www.nevadacareerinstitute.com,nevadacareerinstitute
0743556008059600896,2025-08-13T19:46:06.9245553+00:00,420370,Career Technical Institute,https://www.careertechnical.edu,careertechnical
0743556008319647744,2025-08-13T19:46:06.9863209+00:00,420723,Tillamook Bay Community College,https://tillamookbaycc.edu,tillamookbaycc
0743556008592277504,2025-08-13T19:46:07.0511790+00:00,417248,CT Aerotech,https://ctaero.cttech.org,cttech-hartford
0743556008848130048,2025-08-13T19:46:07.1121116+00:00,420468,Western Suffolk BOCES,https://www.wilsontech.org,wilsontech
0743556009108176896,2025-08-13T19:46:07.1740993+00:00,419226,Marion Technical College,https://www.mariontc.edu,mariontc
0743556009372418048,2025-08-13T19:46:07.2374481+00:00,420981,Manhattan School of Computer Technology,https://www.manhattanschool.edu,manhattanschool
0743556009632464896,2025-08-13T19:46:07.2993870+00:00,420556,Columbia Gorge Community College,https://www.cgcc.edu,cgcc
0743556009896706048,2025-08-13T19:46:07.3621254+00:00,423120,Compu-Med Vocational Careers Corp,https://compumed.edu,compumed
0743556010156752896,2025-08-13T19:46:07.4242137+00:00,420440,York County Community College,https://www.yccc.edu,yccc
0743556010412605440,2025-08-13T19:46:07.4855360+00:00,420538,Arkansas State University-Mountain Home,https://www.asumh.edu,asumh
0743556010676846592,2025-08-13T19:46:07.5481124+00:00,405012,Ohio State School of Cosmetology-Heath,https://salonschools.ohiostate.edu,ohiostate-heath
0743556010932699136,2025-08-13T19:46:07.6097978+00:00,420431,Oconee Fall Line Technical College,https://www.oftc.edu,oftc
0743556011192745984,2025-08-13T19:46:07.6715539+00:00,412599,Remington College-Memphis Campus,https://www.remingtoncollege.edu/locations/memphis,remingtoncollege-memphis
0743556011696062464,2025-08-13T19:46:07.7914164+00:00,420398,Northwest Vista College,https://alamo.edu/nvc,northwestvista
0743556011712839680,2025-08-13T19:46:07.7953222+00:00,421513,Ross College-Hopkinsville,https://rosseducation.edu,rosseducation-hopkinsville
0743556011972886528,2025-08-13T19:46:07.8578814+00:00,428000,Miami Ad School,https://miamiadschool.com,miamiadschool-miami
0743556012228739072,2025-08-13T19:46:07.9186469+00:00,427308,Merkaz Bnos-Business School,https://www.mbs-career.org,mbs-career
0743556012492980224,2025-08-13T19:46:07.9818465+00:00,427973,Aviation Institute of Maintenance-Norfolk,https://aviationmaintenance.edu/campuses/norfolk-va,aviationmaintenance-norfolk
0743556012748832768,2025-08-13T19:46:08.0427378+00:00,428426,San Bernardino Community College District,https://www.sbccd.org,sbccd
0743556013008879616,2025-08-13T19:46:08.1047445+00:00,425250,Gwinnett College-Sandy Springs,https://www.gwinnettcollege.edu,gwinnettcollege-sandy-springs
0743556013273120768,2025-08-13T19:46:08.1676748+00:00,431141,Institute of Technology,https://www.iot.edu,iot
0743556013541556224,2025-08-13T19:46:08.2318921+00:00,429128,Urban College of Boston,https://www.urbancollege.edu,urbancollege
0743556013805797376,2025-08-13T19:46:08.2944970+00:00,428392,Klamath Community College,https://www.klamathcc.edu,klamathcc
0743556014078427136,2025-08-13T19:46:08.3590076+00:00,434061,South Louisiana Community College,https://www.solacc.edu,solacc
0743556014258782208,2025-08-13T19:46:08.4022986+00:00,422020,San Joaquin Valley College-Trades Education Center,https://www.sjvc.edu,sjvc-fresno-trades
0743556014330085376,2025-08-13T19:46:08.4198373+00:00,430795,Carver Career Center,https://www.carvercareercenter.edu,carvercareercenter
0743556014590132224,2025-08-13T19:46:08.4819180+00:00,434469,New Professions Technical Institute,https://www.npti.edu,npti
0743556014858567680,2025-08-13T19:46:08.5455239+00:00,434432,Myotherapy Institute,https://www.myotherapy.edu,myotherapy
0743556015131197440,2025-08-13T19:46:08.6108704+00:00,434159,Lincoln College of Technology-Marietta,https://www.lincolntech.edu/campus/marietta-ga,lincolntech-marietta
0743556015391244288,2025-08-13T19:46:08.6722994+00:00,434016,Little Priest Tribal College,https://www.littlepriest.edu,littlepriest
0743556015651291136,2025-08-13T19:46:08.7347311+00:00,422835,American College of Healthcare and Technology,https://www.ach.edu,ach
0743556015923920896,2025-08-13T19:46:08.7990601+00:00,423652,Oregon Coast Community College,https://www.oregoncoastcc.org,oregoncoastcc
0743556016183967744,2025-08-13T19:46:08.8616894+00:00,432144,South Orange County Community College District,https://www.socccd.edu,socccd
0743556016452403200,2025-08-13T19:46:08.9258173+00:00,430245,Southern Careers Institute-San Antonio,https://www.scitexas.edu,scitexas-san-antonio
0743556016699867136,2025-08-13T19:46:08.9848732+00:00,430935,Colegio de Cinematografía Artes y Television,https://www.ccatpuertorico.com,ccatpuertorico
0743556016976691200,2025-08-13T19:46:09.0503356+00:00,437635,The College of Health Care Professions-Austin,https://www.chcp.edu,chcp-austin
0743556017240932352,2025-08-13T19:46:09.1137583+00:00,434672,Community College of Baltimore County,https://www.ccbcmd.edu,ccbcmd
0743556017496784896,2025-08-13T19:46:09.1741299+00:00,436304,River Parishes Community College,https://www.rpcc.edu,rpcc
0743556017752637440,2025-08-13T19:46:09.2355181+00:00,434821,Blue Cliff College-Metairie,https://www.bluecliffcollege.edu,bluecliffcollege
0743556018012684288,2025-08-13T19:46:09.2973150+00:00,436599,FINE Mortuary College,https://www.fmc.edu,fmc
0743556018281119744,2025-08-13T19:46:09.3619042+00:00,437750,Professional Golfers Career College,https://www.golfcollege.edu,golfcollege
0743556018536972288,2025-08-13T19:46:09.4222856+00:00,434751,White Earth Tribal and Community College,https://www.wetcc.edu,wetcc
0743556018801213440,2025-08-13T19:46:09.4855382+00:00,437103,Baton Rouge Community College,https://www.mybrcc.edu,mybrcc
0743556019065454592,2025-08-13T19:46:09.5487697+00:00,434140,Pima Medical Institute-Chula Vista,https://pmi.edu,pmi-chula-vista
0743556019329695744,2025-08-13T19:46:09.6117008+00:00,438504,Universal Technical Institute of California Inc,https://www.uti.edu,uti-rancho-cucamonga
0743556019589742592,2025-08-13T19:46:09.6737094+00:00,438735,Aviation Institute of Maintenance-Indianapolis,https://aviationmaintenance.edu/campuses/indianapolis-in,aviationmaintenance-indianapolis
0743556019853983744,2025-08-13T19:46:09.7369293+00:00,438258,Carrington College-Pleasant Hill Campus,https://carrington.edu,carrington-pleasant-hill
0743556020122419200,2025-08-13T19:46:09.8008368+00:00,439118,Carrington College-Spokane,https://carrington.edu,carrington-spokane
0743556020382466048,2025-08-13T19:46:09.8626402+00:00,439491,Blue Cliff College-Lafayette,https://bluecliffcollege.edu,bluecliffcollege-lafayette
0743556020646707200,2025-08-13T19:46:09.9251948+00:00,438179,Brookline College-Tucson,https://www.brooklinecollege.edu,brooklinecollege-tucson
0743556020898365440,2025-08-13T19:46:09.9858320+00:00,428055,Nova College de Puerto Rico,https://www.novacollegepr.com,novacollegepr
0743556021158412288,2025-08-13T19:46:10.0470510+00:00,437769,Chester Career College,https://chestercareercollege.edu,chestercareercollege
0743556021422653440,2025-08-13T19:46:10.1100637+00:00,434830,Creative Images Institute of Cosmetology-North Dayton,https://www.creativeimages.edu,creativeimages
0743556021691088896,2025-08-13T19:46:10.1744527+00:00,438221,Miller-Motte College-McCann-Lewisburg,https://www.mccann.edu,mccann-lewisburg
0743556021955330048,2025-08-13T19:46:10.2374187+00:00,437936,Carrington College-San Jose,https://carrington.edu,carrington-san-jose
0743556022236348416,2025-08-13T19:46:10.3041601+00:00,440271,Remington College-Baton Rouge Campus,https://www.remingtoncollege.edu/baton-rouge-career-college,remingtoncollege-baton-rouge
0743556022479618048,2025-08-13T19:46:10.3620662+00:00,440402,Arkansas State University-Newport,https://www.asun.edu,asun
0743556022752247808,2025-08-13T19:46:10.4271578+00:00,440059,Aviation Institute of Maintenance-Atlanta,https://aviationmaintenance.edu/campuses/atlanta-ga,aviationmaintenance-duluth
0743556023016488960,2025-08-13T19:46:10.4908738+00:00,441025,Miller-Motte College-Charleston,https://miller-motte.edu,miller-motte-charleston
0743556023272341504,2025-08-13T19:46:10.5519348+00:00,440776,Interactive College of Technology,https://www.ict.edu/campuses/tx/pasadena,ict-pasadena
0743556023536582656,2025-08-13T19:46:10.6146899+00:00,439792,Fortis College-Orange Park,https://fortis.edu,fortis-orange-park
0743556023809212416,2025-08-13T19:46:10.6791500+00:00,439738,Fortis College-Baton Rouge,https://www.fortis.edu,fortis-baton-rouge
0743556024060870656,2025-08-13T19:46:10.7397129+00:00,441371,Ultimate Medical Academy,https://www.ultimatemedical.edu,ultimatemedical
0743556024325111808,2025-08-13T19:46:10.8029309+00:00,441496,Aviation Institute of Maintenance-Kansas City,https://aviationmaintenance.edu/campuses/kansas-city-mo,aviationmaintenance-kansas-city
0743556024597741568,2025-08-13T19:46:10.8678845+00:00,441423,Florida Education Institute,https://www.fei.edu,fei
0743556024849399808,2025-08-13T19:46:10.9277601+00:00,441070,Saginaw Chippewa Tribal College,https://www.sagchip.edu,sagchip
0743556025126223872,2025-08-13T19:46:10.9930758+00:00,441788,Aviation Institute of Maintenance-Dallas,https://aviationmaintenance.edu/campuses/dallas-tx,aviationmaintenance-irving
0743556025377882112,2025-08-13T19:46:11.0531051+00:00,440262,New York Automotive and Diesel Institute,https://www.nyadi.edu,nyadi
0743556025642123264,2025-08-13T19:46:11.1165137+00:00,439570,Community Care College,https://www.communitycarecollege.edu,communitycarecollege
0743556025902170112,2025-08-13T19:46:11.1784961+00:00,442383,West Virginia Junior College-Bridgeport,https://www.wvjc.edu,wvjc-bridgeport
0743556026158022656,2025-08-13T19:46:11.2396972+00:00,442444,San Joaquin Valley College-Ontario,https://sjvc.edu,sjvc-ontario
0743556026422263808,2025-08-13T19:46:11.3023278+00:00,442523,Alaska Christian College,https://www.alaskacc.edu,alaskacc
0743556026690699264,2025-08-13T19:46:11.3669715+00:00,441645,Brown Aveda Institute-Mentor,https://www.brownaveda.com,brownaveda
0743556026954940416,2025-08-13T19:46:11.4296749+00:00,441663,Institute of Technology,https://www.iot.edu,iot-salem
0743556027210792960,2025-08-13T19:46:11.4902537+00:00,442611,NASCAR Technical Institute,https://www.uti.edu,uti-mooresville
0743556027466645504,2025-08-13T19:46:11.5518724+00:00,441052,American Career College-Anaheim,https://americancareercollege.edu,americancareercollege-anaheim
0743556027726692352,2025-08-13T19:46:11.6137224+00:00,442134,Pima Medical Institute-Colorado Springs,https://pmi.edu,pmi-colorado-springs
0743556027990933504,2025-08-13T19:46:11.6762220+00:00,442879,Southwest Institute of Healing Arts,https://swiha.edu,swiha
0743556028255174656,2025-08-13T19:46:11.7398793+00:00,442781,Tohono O'odham Community College,https://www.tocc.edu,tocc
0743556028515221504,2025-08-13T19:46:11.8019207+00:00,442435,Interactive College of Technology-Gainesville,https://www.ict.edu,ict-gainesville
0743556028771074048,2025-08-13T19:46:11.8625123+00:00,439899,Rosedale Bible College,https://www.rosedale.edu,rosedale
0743556029035315200,2025-08-13T19:46:11.9256567+00:00,444051,Creative Images Institute of Cosmetology-South Dayton,https://www.creativeimages.edu,creativeimages-dayton
0743556029291167744,2025-08-13T19:46:11.9863233+00:00,443368,Illinois Eastern Community College-System Office,https://www.iecc.edu,iecc-olney
0743556029547020288,2025-08-13T19:46:12.0478192+00:00,444219,Folsom Lake College,https://www.flc.losrios.edu,losrios-folsom
0743556030067113984,2025-08-13T19:46:12.1712034+00:00,444556,Auguste Escoffier School of Culinary Arts-Austin,https://www.escoffier.edu,escoffier
0743556030335549440,2025-08-13T19:46:12.2350193+00:00,443492,Pierpont Community and Technical College,https://www.pierpont.edu,pierpont
0743556030599790592,2025-08-13T19:46:12.2982915+00:00,445230,Pima Medical Institute-Las Vegas,https://pmi.edu,pmi-las-vegas
0743556030855643136,2025-08-13T19:46:12.3596756+00:00,443377,Triangle Tech Inc-Sunbury,https://www.triangle-tech.edu,triangle-tech-sunbury
0743556031115689984,2025-08-13T19:46:12.4213399+00:00,442602,Carrington College-Albuquerque,https://carrington.edu,carrington-albuquerque
0743556031375736832,2025-08-13T19:46:12.4836250+00:00,444361,ATA College,https://atacollege.edu,atacollege
0743556031644172288,2025-08-13T19:46:12.5470445+00:00,445364,North-West College-Riverside,https://www.north-westcollege.edu,north-westcollege
0743556031912607744,2025-08-13T19:46:12.6114191+00:00,444334,Advance Science International College,https://www.asicollege.edu,asicollege
0743556032176848896,2025-08-13T19:46:12.6749487+00:00,445744,Fortis Institute-Port Saint Lucie,https://www.fortis.edu,fortis-port-saint-lucie
0743556032445284352,2025-08-13T19:46:12.7386079+00:00,441760,Lamar Institute of Technology,https://www.lit.edu,lit
0743556032696942592,2025-08-13T19:46:12.7983403+00:00,445762,Aviation Institute of Maintenance-Manassas,https://aviationmaintenance.edu/campuses/nova,aviationmaintenance-manassas
0743556032705331200,2025-08-13T19:46:12.8009861+00:00,443696,Interactive College of Technology,https://www.ict.edu/campuses/tx/north-houston,interactive-ct-houston
0743556032952795136,2025-08-13T19:46:12.8598378+00:00,445203,Remington College-North Houston Campus,https://www.remingtoncollege.edu/locations/houston/greenspoint,remingtoncollege-houston
0743556033212841984,2025-08-13T19:46:12.9217548+00:00,445249,Remington College-Nashville Campus,https://www.remingtoncollege.edu/locations/nashville,remingtoncollege-nashville
0743556033464500224,2025-08-13T19:46:12.9818006+00:00,438708,Eastern West Virginia Community and Technical College,https://www.easternwv.edu,easternwv
0743556033741324288,2025-08-13T19:46:13.0475020+00:00,445911,Lincoln Technical Institute-Shelton,https://www.lincolntech.edu/campus/shelton-ct,lincolntech-shelton
0743556034005565440,2025-08-13T19:46:13.1101744+00:00,445799,Universal Technical Institute of Pennsylvania Inc,https://www.uti.edu,uti-exton
0743556034274000896,2025-08-13T19:46:13.1741413+00:00,446552,Southern Technical College,https://www.southerntech.edu,southerntech-orlando
0743556034521464832,2025-08-13T19:46:13.2339068+00:00,445948,Northwest Career College,https://www.northwestcareercollege.edu,northwestcareercollege
0743556034794094592,2025-08-13T19:46:13.2987927+00:00,444714,Gwinnett College-Marietta Campus,https://www.gwinnettcollege.edu,gwinnettcollege-marietta
0743556035033169920,2025-08-13T19:46:13.3556345+00:00,446118,Career Care Institute,https://www.ccicolleges.edu,ccicolleges
0743556035289022464,2025-08-13T19:46:13.4168100+00:00,444565,Culinary Institute Inc,https://www.culinaryinstitute.edu,culinaryinstitute
0743556035561652224,2025-08-13T19:46:13.4812874+00:00,446774,Blue Ridge Community and Technical College,https://www.blueridgectc.edu,blueridgectc
0743556035817504768,2025-08-13T19:46:13.5423008+00:00,446163,Community Christian College,https://www.cccollege.edu,cccollege
0743556036085940224,2025-08-13T19:46:13.6060724+00:00,447768,American Career College-Ontario,https://americancareercollege.edu,americancareercollege-ontario
0743556036589256704,2025-08-13T19:46:13.7268096+00:00,444954,Mountwest Community and Technical College,https://www.mctc.edu,mctc
0743556036866080768,2025-08-13T19:46:13.7929109+00:00,447777,Asher College,https://www.asher.edu,asher
0743556037117739008,2025-08-13T19:46:13.8527101+00:00,444811,PITC Institute,https://pitc.edu/index.html,pitc
0743556037381980160,2025-08-13T19:46:13.9156912+00:00,448196,Texas Health School,https://ths.edu,ths
0743556037658804224,2025-08-13T19:46:13.9819941+00:00,447999,WellSpring School of Allied Health-Kansas City,https://www.wellspring.edu,wellspring
0743556037927239680,2025-08-13T19:46:14.0452127+00:00,448372,San Joaquin Valley College-Rancho Cordova,https://www.sjvc.edu,sjvc-rancho-cordova
0743556038183092224,2025-08-13T19:46:14.1069636+00:00,448026,The Salon Professional Academy-Fargo,https://www.tspafargo.com,tspafargo
0743556038438944768,2025-08-13T19:46:14.1676315+00:00,448594,Lemoore College,https://www.westhillscollege.com/lemoore,westhillscollege-lemoore
0743556038707380224,2025-08-13T19:46:14.2314497+00:00,448600,Stautzenberger College-Brecksville,https://www.sctoday.edu,sctoday-brecksville
0743556038963232768,2025-08-13T19:46:14.2927454+00:00,448673,Rasmussen University-Illinois,https://rasmussen.edu,rasmussen-rockford
0743556039231668224,2025-08-13T19:46:14.3565062+00:00,447935,ATA College,https://www.ata.edu,ata-louisville
0743556039504297984,2025-08-13T19:46:14.4213365+00:00,448433,Universal Technical Institute of Northern California Inc,https://www.uti.edu,uti-sacramento
0743556039760150528,2025-08-13T19:46:14.4825575+00:00,447582,New River Community and Technical College,https://www.newriver.edu,newriver
0743556039885979648,2025-08-13T19:46:14.5123307+00:00,447591,The College of Health Care Professions-Southwest Houston,https://www.chcp.edu,chcp-southwest-houston
0743556040032780288,2025-08-13T19:46:14.5473134+00:00,448859,Triangle Tech Inc-Bethlehem,https://www.triangle-tech.edu,triangle-tech-bethlehem
0743556040284438528,2025-08-13T19:46:14.6070991+00:00,449083,CBT Technology Institute-Main Campus,https://www.cbt.edu,cbt
0743556040552873984,2025-08-13T19:46:14.6719241+00:00,449074,Pima Medical Institute-Renton,https://pmi.edu,pmi-renton
0743556040817115136,2025-08-13T19:46:14.7343688+00:00,447351,San Joaquin Valley College-Modesto,https://www.sjvc.edu,sjvc-salida
0743556041068773376,2025-08-13T19:46:14.7948906+00:00,446109,Cambridge College of Healthcare & Technology,https://www.cambridgehealth.edu,cambridgehealth-altamonte-springs
0743556041341403136,2025-08-13T19:46:14.8598431+00:00,449445,Valley College of Medical Careers,https://www.valleycollegeofmedicalcareers.info,valleycollegeofmedicalcareers
0743556041601449984,2025-08-13T19:46:14.9213105+00:00,449524,Taylor College,https://taylorcollege.edu,taylorcollege
0743556041869885440,2025-08-13T19:46:14.9854676+00:00,448637,West Hills Community College District,https://www.westhillscollege.com,westhillscollege-coalinga
0743556042121543680,2025-08-13T19:46:15.0459576+00:00,447759,National Polytechnic College,https://npcollege.edu,npcollege
0743556042385784832,2025-08-13T19:46:15.1086644+00:00,450058,Fortis College-Columbus,https://www.fortis.edu,fortis-westerville
0743556042641637376,2025-08-13T19:46:15.1692093+00:00,446598,Universal College of Healing Arts,https://www.ucha.edu,ucha
0743556042905878528,2025-08-13T19:46:15.2328148+00:00,450395,Brown Aveda Institute-Strongsville,https://www.brownaveda.com,brownaveda-strongsville
0743556043178508288,2025-08-13T19:46:15.2971387+00:00,450128,Blue Cliff College-Alexandria,https://bluecliffcollege.edu,bluecliffcollege-alexandria
0743556043438555136,2025-08-13T19:46:15.3595894+00:00,448770,Automotive Training Center-Warminster,https://www.autotraining.edu,autotraining-warminster
0743556043698601984,2025-08-13T19:46:15.4217814+00:00,451228,MyComputerCareer at Indianapolis,https://www.mycomputercareer.edu,mycomputercareer
0743556043967037440,2025-08-13T19:46:15.4856743+00:00,449092,CBT Technology Institute-Hialeah,https://www.cbt.edu,cbt-hialeah
0743556044227084288,2025-08-13T19:46:15.5475225+00:00,450401,Clary Sage College,https://www.clarysagecollege.com,clarysagecollege
0743556044491325440,2025-08-13T19:46:15.6106370+00:00,449676,Ace Institute of Technology,https://www.acecareer.edu,acecareer
0743556044751372288,2025-08-13T19:46:15.6727531+00:00,452009,The Hair Academy,https://thehairacademynd.com,thehairacademynd
0743556045024002048,2025-08-13T19:46:15.7370102+00:00,450067,Fortis College-Cincinnati,https://www.fortis.edu,fortis-cincinnati
0743556045296631808,2025-08-13T19:46:15.8023770+00:00,449728,ATA College,https://www.ata.edu/campus/tulsa-ok,ata-tulsa
0743556045548290048,2025-08-13T19:46:15.8627289+00:00,450960,Healthcare Career College,https://healthcarecareercollege.edu,healthcarecareercollege
0743556045825114112,2025-08-13T19:46:15.9285356+00:00,454810,Auguste Escoffier School of Culinary Arts-Boulder,https://www.escoffier.edu,escoffier-boulder
0743556046089355264,2025-08-13T19:46:15.9916426+00:00,454537,The Salon Professional Academy-Appleton,https://www.tspaappleton.com,tspaappleton
0743556046349402112,2025-08-13T19:46:16.0530406+00:00,451857,Remington College-Houston Southeast Campus,https://www.remingtoncollege.edu/locations/houston/webster,remingtoncollege-league-city
0743556046601060352,2025-08-13T19:46:16.1132450+00:00,455114,College of Western Idaho,https://cwi.edu,cwi
0743556046869495808,2025-08-13T19:46:16.1776964+00:00,452081,Ross College-Sylvania,https://rosseducation.edu,rosseducation-sylvania
0743556047137931264,2025-08-13T19:46:16.2410065+00:00,453792,Ohio Medical Career College,https://www.omcc.edu,omcc
0743556047389589504,2025-08-13T19:46:16.3012207+00:00,455336,MediaTech Institute-Dallas,https://www.mediatech.edu,mediatech
0743556047645442048,2025-08-13T19:46:16.3628820+00:00,455512,Woodland Community College,https://wcc.yccd.edu,yccd-woodland
0743556047905488896,2025-08-13T19:46:16.4243142+00:00,451477,MyComputerCareer at Columbus,https://www.mycomputercareer.edu,mycomputercareer-columbus
0743556048169730048,2025-08-13T19:46:16.4878926+00:00,455628,Fortis Institute-Birmingham,https://www.fortis.edu,fortis-birmingham
0743556048429776896,2025-08-13T19:46:16.5494686+00:00,450696,Carrington College-Stockton,https://carrington.edu,carrington-stockton
0743556048681435136,2025-08-13T19:46:16.6096895+00:00,455734,California Nurses Educational Institute,https://www.cnei.edu,cnei
0743556048958259200,2025-08-13T19:46:16.6755804+00:00,455479,Fortis Institute-Pensacola,https://www.fortis.edu,fortis-pensacola
0743556049214111744,2025-08-13T19:46:16.7369155+00:00,454935,Evans Hairstyling College-Rexburg,https://www.evanshairstylingcollege.com,evanshairstylingcollege
0743556049486741504,2025-08-13T19:46:16.8019110+00:00,455983,Columbia College,https://www.ccdc.edu,ccdc
0743556049755176960,2025-08-13T19:46:16.8650950+00:00,452124,Fortis Institute-Nashville,https://www.fortis.edu,fortis-nashville
0743556050015223808,2025-08-13T19:46:16.9276654+00:00,456153,MediaTech Institute-Houston,https://www.mediatech.edu,mediatech-houston
0743556050283659264,2025-08-13T19:46:16.9913389+00:00,455868,National Career College,https://www.nccusa.edu,nccusa
0743556050535317504,2025-08-13T19:46:17.0511199+00:00,455707,Cardiac and Vascular Institute of Ultrasound,https://www.ultrasound.edu,ultrasound
0743556050799558656,2025-08-13T19:46:17.1148726+00:00,455202,American Institute of Medical Sciences & Education,https://www.aimseducation.edu,aimseducation
0743556051059605504,2025-08-13T19:46:17.1767298+00:00,456205,Miller-Motte College-Raleigh,https://www.miller-motte.edu,miller-motte-raleigh
0743556051583893504,2025-08-13T19:46:17.3015846+00:00,456852,San Joaquin Valley College-Hesperia,https://www.sjvc.edu,sjvc-hesperia
0743556051856523264,2025-08-13T19:46:17.3661726+00:00,456977,CBT Technology Institute-Cutler Bay,https://www.cbt.edu,cbt-cutler-bay
0743556052112375808,2025-08-13T19:46:17.4273756+00:00,457101,Carrington College-Las Vegas,https://carrington.edu,carrington-las-vegas
0743556052368228352,2025-08-13T19:46:17.4885706+00:00,457387,Immokalee Technical College,https://www.itech.edu,itech
0743556052636663808,2025-08-13T19:46:17.5526548+00:00,457110,Carrington College-Reno,https://carrington.edu,carrington-reno
0743556052900904960,2025-08-13T19:46:17.6150395+00:00,456968,Health And Style Institute,https://www.healthandstyle.edu,healthandstyle
0743556053177729024,2025-08-13T19:46:17.6812498+00:00,449250,The College of Health Care Professions-San Antonio,https://chcp.edu,chcp-san-antonio
0743556053425192960,2025-08-13T19:46:17.7407637+00:00,457536,Midwestern Career College,https://www.mccollege.edu,mccollege
0743556053685239808,2025-08-13T19:46:17.8029330+00:00,457411,Aviation Institute of Maintenance-Orlando,https://aviationmaintenance.edu/campuses/orlando-fl,aviationmaintenance-casselberry
0743556053953675264,2025-08-13T19:46:17.8669175+00:00,456506,Ross Medical Education Center-Fort Wayne,https://rosseducation.edu,rosseducation-fort-wayne
0743556054217916416,2025-08-13T19:46:17.9294951+00:00,456579,Miller-Motte College-McCann-Allentown,https://www.mccann.edu,mccann-allentown
0743556054473768960,2025-08-13T19:46:17.9906641+00:00,457350,Florida School of Traditional Midwifery,https://midwiferyschool.org,midwiferyschool
0743556054645735424,2025-08-13T19:46:18.0314909+00:00,456038,Pima Medical Institute-East Valley,https://pmi.edu,pima-eastvalley
0743556054717038592,2025-08-13T19:46:18.0488135+00:00,458168,The Salon Professional Academy-Onalaska,https://salonproacademy.com,salonproacademy
0743556054989668352,2025-08-13T19:46:18.1133776+00:00,457679,Avalon School of Cosmetology,https://www.avaloncosmetologyschool.com,avaloncosmetologyschool
0743556055232937984,2025-08-13T19:46:18.1719863+00:00,456214,Lamson Institute,https://lamson.edu,lamson
0743556055505567744,2025-08-13T19:46:18.2366196+00:00,458441,Miller-Motte College-Columbus,https://www.miller-motte.edu,miller-motte-columbus
0743556055774003200,2025-08-13T19:46:18.3008892+00:00,459329,Fred K Marchman Technical College,https://mtec.pasco.k12.fl.us,fl-new-port-richey
0743556056042438656,2025-08-13T19:46:18.3640733+00:00,458681,Fortis College-Indianapolis,https://www.fortis.edu,fortis-indianapolis
0743556056289902592,2025-08-13T19:46:18.4239952+00:00,457800,New York Medical Career Training Center,https://nymedtraining.com,nymedtraining
0743556056558338048,2025-08-13T19:46:18.4875895+00:00,459514,Peloton College,https://www.pelotoncollege.edu,pelotoncollege
0743556056826773504,2025-08-13T19:46:18.5519568+00:00,456454,Fortis College-Salt Lake City,https://www.fortis.edu,fortis-salt-lake-city
0743556057086820352,2025-08-13T19:46:18.6135381+00:00,458140,Northwest School of Wooden Boat Building,https://www.nwswb.edu,nwswb
0743556057611108352,2025-08-13T19:46:18.7382495+00:00,460136,Pima Medical Institute-Houston,https://pmi.edu,pmi-houston
0743556057866960896,2025-08-13T19:46:18.7999836+00:00,460020,Fortis College-Columbia,https://www.fortis.edu,fortis-columbia
0743556058127007744,2025-08-13T19:46:18.8616157+00:00,460543,Universal Technical Institute-Dallas Fort Worth,https://www.uti.edu,uti-irving
0743556058378665984,2025-08-13T19:46:18.9215900+00:00,460394,Moreno Valley College,https://www.mvc.edu,mvc
0743556058647101440,2025-08-13T19:46:18.9851953+00:00,459550,Summit Salon Academy,https://www.summitsalonacademy.edu,summitsalonacademy
0743556058923925504,2025-08-13T19:46:19.0519200+00:00,456287,College of Hair Design-East Campus,https://collegeofhairdesign.com,collegeofhairdesign-lincoln
0743556059183972352,2025-08-13T19:46:19.1131675+00:00,460826,Miller-Motte College-Augusta,https://www.miller-motte.edu,miller-motte-augusta
0743556059439824896,2025-08-13T19:46:19.1741684+00:00,460835,Miller-Motte College-Conway,https://www.miller-motte.edu,miller-motte-conway
0743556059699871744,2025-08-13T19:46:19.2367385+00:00,460862,Aveda Institute-Portland,https://avedapdx.com,avedapdx
0743556059964112896,2025-08-13T19:46:19.2991320+00:00,460464,Norco College,https://www.norcocollege.edu/Pages/index.aspx,norcocollege
0743556060219965440,2025-08-13T19:46:19.3608027+00:00,461111,Allstate Hairstyling & Barber College,https://allstatecollege.com,allstatecollege
0743556060425486336,2025-08-13T19:46:19.4091311+00:00,459958,Fortis Institute,https://www.fortis.edu,fortis-hou-tx
0743556060480012288,2025-08-13T19:46:19.4225342+00:00,457916,Summit Salon Academy-Perrysburg,https://www.summitsalonacademyperrysburg.edu,summitsalonacademyperrysburg
0743556060740059136,2025-08-13T19:46:19.4848140+00:00,460756,Hawaii Medical College,https://www.hmi.edu,hmi
0743556061021077504,2025-08-13T19:46:19.5512627+00:00,461245,Flagler Technical College,https://flaglertech.edu,flaglertech
0743556061272735744,2025-08-13T19:46:19.6117825+00:00,461014,Mildred Elley-New York Campus,https://www.mildred-elley.edu,mildred-elley-new-york
0743556061528588288,2025-08-13T19:46:19.6727680+00:00,459985,Southern Careers Institute-Harlingen,https://www.scitexas.edu,scitexas-harlingen
0743556061788635136,2025-08-13T19:46:19.7346956+00:00,461315,Keweenaw Bay Ojibwa Community College,https://www.kbocc.edu,kbocc
0743556062052876288,2025-08-13T19:46:19.7973193+00:00,461689,Pima Medical Institute-Aurora,https://pmi.edu,pmi-aurora
0743556062308728832,2025-08-13T19:46:19.8580916+00:00,461218,Institute of Medical Careers,https://www.imbc.edu,imbc
0743556062589747200,2025-08-13T19:46:19.9258045+00:00,460817,Miller-Motte College-Jacksonville,https://www.miller-motte.edu,miller-motte-jacksonville
0743556062853988352,2025-08-13T19:46:19.9885140+00:00,461324,Meridian Institute of Surgical Assisting,https://www.meridian-institute.edu,meridian-institute
0743556063118229504,2025-08-13T19:46:20.0510148+00:00,468255,Northwest College-Tualatin,https://www.nwcollege.edu,nwcollege-tualatin
0743556063357304832,2025-08-13T19:46:20.1080653+00:00,461999,Elite School of Cosmetology,https://es.edu,es
0743556063621545984,2025-08-13T19:46:20.1715656+00:00,475015,Aveda Institute-Des Moines,https://avedainstitutedesmoines.com,avedainstitutedesmoines
0743556063881592832,2025-08-13T19:46:20.2332580+00:00,461865,Best Care College,https://bestcarecollege.edu,bestcarecollege
0743556064150028288,2025-08-13T19:46:20.2972848+00:00,475176,San Joaquin Valley College-Temecula,https://www.sjvc.edu,sjvc-temecula
0743556064405880832,2025-08-13T19:46:20.3581617+00:00,469629,Oklahoma Technical College,https://www.oklahomatechnicalcollege.com,oklahomatechnicalcollege
0743556064661733376,2025-08-13T19:46:20.4194131+00:00,475422,Finger Lakes Health College of Nursing & Health Sciences,https://www.flhcon.edu,flhcon
0743556064934363136,2025-08-13T19:46:20.4844838+00:00,476355,Miami Ad School-New York,https://miamiadschool.com/locations/new-york,miamiadschool-astoria
0743556065198604288,2025-08-13T19:46:20.5474595+00:00,470047,WellSpring School of Allied Health-Lawrence,https://www.wellspring.edu,wellspring-lawrence
0743556065450262528,2025-08-13T19:46:20.6073530+00:00,461573,American Trade School,https://www.americantradeschool.edu,americantradeschool
0743556065718697984,2025-08-13T19:46:20.6718551+00:00,468246,Northwest College-Eugene,https://www.nwcollege.edu,nwcollege-springfield
0743556065982939136,2025-08-13T19:46:20.7343928+00:00,458405,Miller-Motte College-Fayetteville,https://www.miller-motte.edu,miller-motte-fayetteville
0743556066238791680,2025-08-13T19:46:20.7954849+00:00,460677,ICPR Junior College,https://www.icprjc.edu,icprjc-manati
0743556066490449920,2025-08-13T19:46:20.8550993+00:00,480727,School of Missionary Aviation Technology,https://www.smat.edu,smat
0743556066746302464,2025-08-13T19:46:20.9166866+00:00,476726,Rio Grande Valley College,https://www.rgvcollege.edu,rgvcollege
0743556067018932224,2025-08-13T19:46:20.9817077+00:00,480824,The College of Health Care Professions-Dallas,https://www.chcp.edu,chcp-dallas
0743556067283173376,2025-08-13T19:46:21.0446266+00:00,479965,Medical Career Institute,https://www.mcinj.edu,mcinj
0743556067547414528,2025-08-13T19:46:21.1076139+00:00,475060,Miller-Motte College-Macon,https://www.miller-motte.edu,miller-motte-macon
0743556067820044288,2025-08-13T19:46:21.1726818+00:00,480037,MyComputerCareer at Raleigh,https://www.mycomputercareer.edu,mycomputercareer-raleigh
0743556068335943680,2025-08-13T19:46:21.2953681+00:00,481252,Ultrasound Medical Institute,https://www.nriinstitute.edu,nriinstitute
0743556068604379136,2025-08-13T19:46:21.3595345+00:00,476629,Salon Institute-Toledo Campus,https://www.saloninstitute.edu,saloninstitute
0743556068868620288,2025-08-13T19:46:21.4226504+00:00,480833,The College of Health Care Professions-Fort Worth,https://www.chcp.edu,chcp-fort-worth
0743556069124472832,2025-08-13T19:46:21.4836023+00:00,481289,Xavier College School of Nursing,https://www.xavier-college.com,xavier-college
0743556069384519680,2025-08-13T19:46:21.5452415+00:00,481465,Healthcare Training Institute,https://healthcaretraininginstitutenola.net,healthcaretraininginstitutenola
0743556069648760832,2025-08-13T19:46:21.6084869+00:00,481155,Helms College,https://www.helms.edu,helms
0743556069908807680,2025-08-13T19:46:21.6706336+00:00,480851,Miami Media School,https://beonair.com,beonair
0743556070173048832,2025-08-13T19:46:21.7332282+00:00,480967,College of the Muscogee Nation,https://cmn.edu,cmn
0743556070454067200,2025-08-13T19:46:21.8000359+00:00,459967,Southern Careers Institute-Brownsville,https://www.scitexas.edu,scitexas-brownsville
0743556070701531136,2025-08-13T19:46:21.8592769+00:00,483212,Louisiana Delta Community College,https://www.ladelta.edu,ladelta
0743556070814777344,2025-08-13T19:46:21.8860045+00:00,475565,CUNY Stella and Charles Guttman Community College,https://www.guttman.cuny.edu,guttmanccny
0743556070965772288,2025-08-13T19:46:21.9229957+00:00,483045,Central Georgia Technical College,https://www.centralgatech.edu,centralgatech
0743556071234207744,2025-08-13T19:46:21.9864233+00:00,483647,Ohio Institute of Allied Health,https://www.oiah.edu,oiah
0743556071485865984,2025-08-13T19:46:22.0463681+00:00,480028,Digital Film Academy,https://www.digitalfilmacademy.edu,digitalfilmacademy
0743556071750107136,2025-08-13T19:46:22.1097762+00:00,482255,Aviation Institute of Maintenance-Las Vegas,https://aviationmaintenance.edu/campuses/las-vegas-nv,aviationmaintenance-las-vegas
0743556072001765376,2025-08-13T19:46:22.1692319+00:00,484066,MedQuest College,https://medquestcollege.edu,medquestcollege
0743556072257617920,2025-08-13T19:46:22.2307112+00:00,481386,California Career Institute,https://www.calinstitute.edu,calinstitute
0743556072526053376,2025-08-13T19:46:22.2943317+00:00,484002,High Desert Medical College,https://www.hdmc.edu,hdmc
0743556072798683136,2025-08-13T19:46:22.3591088+00:00,484367,North-West College-Anaheim,https://www.nw.edu,nw-anaheim
0743556073050341376,2025-08-13T19:46:22.4194403+00:00,484233,Tri-Community Adult Education,https://www.tri-communityadulted.org,tri-communityadulted
0743556073314582528,2025-08-13T19:46:22.4828946+00:00,482963,American Institute-Toms River,https://www.americaninstitute.edu,americaninstitute-toms-river
0743556073570435072,2025-08-13T19:46:22.5438585+00:00,483504,Dorsey College-Dearborn,https://www.dorsey.edu,dorsey-detroit
0743556073826287616,2025-08-13T19:46:22.6048468+00:00,486123,Theatre of Arts,https://www.toa.edu,toa
0743556074094723072,2025-08-13T19:46:22.6685135+00:00,485953,The Recording Conservatory of Austin,https://trcoa.edu,trcoa
0743556074350575616,2025-08-13T19:46:22.7291133+00:00,486372,San Francisco Film School,https://www.sanfranciscofilmschool.edu,sanfranciscofilmschool
0743556074610622464,2025-08-13T19:46:22.7919901+00:00,481775,San Joaquin Valley College-Lancaster,https://www.sjvc.edu,sjvc-lancaster
0743556074870669312,2025-08-13T19:46:22.8536025+00:00,484950,Northwest College-Medford,https://www.nwcollege.edu,nwcollege-medford
0743556075134910464,2025-08-13T19:46:22.9162241+00:00,486415,AMG School of Nursing,https://amg.edu,amg
0743556075407540224,2025-08-13T19:46:22.9819649+00:00,486381,Center for Ultrasound Research & Education,https://www.cure.edu,cure
0743556075659198464,2025-08-13T19:46:23.0415203+00:00,485458,Coastal Pines Technical College,https://www.coastalpines.edu,coastalpines
0743556075931828224,2025-08-13T19:46:23.1068743+00:00,486813,Pima Medical Institute-El Paso,https://pmi.edu,pmi-el-paso
0743556076183486464,2025-08-13T19:46:23.1665331+00:00,485500,ABCO Technology,https://www.abcotechnology.edu,abcotechnology
0743556076447727616,2025-08-13T19:46:23.2295696+00:00,487162,Southern Regional Technical College,https://southernregional.edu,southernregional
0743556076711968768,2025-08-13T19:46:23.2920564+00:00,486822,Pima Medical Institute-Phoenix,https://pmi.edu,pmi-phoenix
0743556076967821312,2025-08-13T19:46:23.3537245+00:00,486859,Entourage Institute of Beauty and Esthetics,https://www.entouragebeautyne.com,entouragebeautyne
0743556077487915008,2025-08-13T19:46:23.4776687+00:00,487445,Florida Career College-Boynton Beach,https://www.floridacareercollege.edu,floridacareercollege-boynton-beach
0743556077743767552,2025-08-13T19:46:23.5387820+00:00,483920,LaBarberia Institute of Hair,https://www.labarberiainstitute.com,labarberiainstitute
0743556078008008704,2025-08-13T19:46:23.6016918+00:00,487418,Florida Career College-Lauderdale Lakes,https://www.floridacareercollege.edu,floridacareercollege-lauderdale-lakes
0743556078268055552,2025-08-13T19:46:23.6638220+00:00,487454,Florida Career College-Margate,https://www.floridacareercollege.edu,floridacareercollege-margate
0743556078523908096,2025-08-13T19:46:23.7245824+00:00,484932,BridgeValley Community & Technical College,https://www.bridgevalley.edu,bridgevalley
0743556078800732160,2025-08-13T19:46:23.7903524+00:00,487409,Florida Career College-Hialeah,https://www.floridacareercollege.edu,floridacareercollege-hialeah
0743556079044001792,2025-08-13T19:46:23.8489670+00:00,487320,Texas State Technical College,https://www.tstc.edu,tstc
0743556079312437248,2025-08-13T19:46:23.9125207+00:00,487393,Florida Career College-West Palm Beach,https://www.floridacareercollege.edu,floridacareercollege-west-palm-beach
0743556079572484096,2025-08-13T19:46:23.9746386+00:00,488059,Med College,https://www.medcollege.edu,medcollege
0743556079849308160,2025-08-13T19:46:24.0401520+00:00,486558,Aviation Institute of Maintenance-Fremont,https://aviationmaintenance.edu/campuses/fremont-ca,aviationmaintenance-fremont
0743556080113549312,2025-08-13T19:46:24.1036857+00:00,487302,Fortis College-Cuyahoga Falls,https://www.fortis.edu,fortis-cuyahoga-falls
0743556080352624640,2025-08-13T19:46:24.1607482+00:00,488332,Hope College of Arts and Sciences,https://hcas.edu,hcas
0743556080621060096,2025-08-13T19:46:24.2249604+00:00,485564,Infinity College,https://www.infinitycollege.edu,infinitycollege
0743556080881106944,2025-08-13T19:46:24.2869401+00:00,487490,Florida Career College-Houston,https://www.floridacareercollege.edu,floridacareercollege-houston
0743556081145348096,2025-08-13T19:46:24.3490795+00:00,489201,Clovis Community College,https://www.cloviscollege.edu,cloviscollege
0743556081417977856,2025-08-13T19:46:24.4146582+00:00,488730,Northeast Lakeview College,https://www.alamo.edu/nlc,alamo-universal-city
0743556081673830400,2025-08-13T19:46:24.4759941+00:00,487597,Universal Technical Institute-Southern California,https://www.uti.edu,uti-long-beach
0743556081938071552,2025-08-13T19:46:24.5386123+00:00,489371,Spartan College of Aeronautics and Technology,https://www.spartan.edu,spartan-riverside
0743556082189729792,2025-08-13T19:46:24.5982224+00:00,490115,Nashville Film Institute,https://nfi.edu,nfi
0743556082449776640,2025-08-13T19:46:24.6600181+00:00,490197,Regan Career Institute,https://rci.edu,rci
0743556082709823488,2025-08-13T19:46:24.7229429+00:00,487968,CAAN Academy of Nursing,https://caanacademy.org,caanacademy
0743556082969870336,2025-08-13T19:46:24.7840042+00:00,490346,Elyon College,https://elyon.edu,elyon
0743556083238305792,2025-08-13T19:46:24.8482702+00:00,490489,Metro Detroit Barber College,https://mdbcollege.org,mdbcollege
0743556083506741248,2025-08-13T19:46:24.9122427+00:00,484376,North-West College-Long Beach,https://www.nw.edu,nw-long-beach
0743556083779371008,2025-08-13T19:46:24.9776220+00:00,490832,Ross College-Canton,https://rosseducation.edu,rosseducation-canton
0743556084026834944,2025-08-13T19:46:25.0363974+00:00,488934,Tulsa Technology Center,https://tulsatech.edu,tulsatech
0743556084282687488,2025-08-13T19:46:25.0976915+00:00,490160,Sacramento Ultrasound Institute,https://sui.edu,sui
0743556084542734336,2025-08-13T19:46:25.1599808+00:00,487311,Jones Technical Institute,https://www.jtech.org,jtech
0743556084806975488,2025-08-13T19:46:25.2229529+00:00,490869,American Institute-Somerset,https://www.americaninstitute.edu,americaninstitute-somerset
0743556085067022336,2025-08-13T19:46:25.2843320+00:00,491181,Galen College of Nursing-ARH,https://www.galencollege.edu/nursing-programs/hazard,galencollege-hazard
0743556085322874880,2025-08-13T19:46:25.3459983+00:00,488077,Sonoran Desert Institute,https://www.sdi.edu,sdi
0743556085587116032,2025-08-13T19:46:25.4081945+00:00,490975,Fortis College-Cutler Bay,https://www.fortis.edu,fortis-cutler-bay
0743556085838774272,2025-08-13T19:46:25.4686435+00:00,491941,Caris College,https://www.cariscollege.edu,cariscollege
0743556086115598336,2025-08-13T19:46:25.5342039+00:00,490841,Ross College-Grand Rapids North,https://rosseducation.edu,rosseducation-grand-rapids
0743556086363062272,2025-08-13T19:46:25.5934090+00:00,490692,Cincinnati School of Barbering & Hair Design,https://cincinnatischoolofbarbering.com,cincinnatischoolofbarbering
0743556086623109120,2025-08-13T19:46:25.6559495+00:00,489283,The College of Health Care Professions-McAllen Campus,https://www.chcp.edu,chcp-mcallen
0743556087147397120,2025-08-13T19:46:25.7809285+00:00,491844,Red Lake Nation College,https://www.rlnc.education,rlnc
0743556087415832576,2025-08-13T19:46:25.8449850+00:00,493080,Institute of Culinary Education,https://www.ice.edu/losangeles,ice
0743556087671685120,2025-08-13T19:46:25.9056381+00:00,491659,ICOHS College,https://icohs.edu,icohs
0743556087935926272,2025-08-13T19:46:25.9681531+00:00,489812,Pima Medical Institute-Dillon,https://pmi.edu,pmi-dillon
0743556088183390208,2025-08-13T19:46:26.0275419+00:00,493682,American Institute of Healthcare & Technology,https://www.aiht.edu,aiht
0743556088447631360,2025-08-13T19:46:26.0905499+00:00,491950,Contra Costa Medical Career College,https://www.ccmcc.edu,ccmcc
0743556088711872512,2025-08-13T19:46:26.1533640+00:00,494250,Valley College-Cleveland,https://www.valley.edu,valley-cleveland
0743556088967725056,2025-08-13T19:46:26.2148136+00:00,493451,WellSpring School of Allied Health-Springfield,https://www.wellspring.edu,wellspring-springfield
0743556089227771904,2025-08-13T19:46:26.2764900+00:00,494436,Fortis Institute-Cookeville,https://www.fortis.edu,fortis-cookeville
0743556089479430144,2025-08-13T19:46:26.3365662+00:00,492449,Pima Medical Institute-San Marcos,https://pmi.edu,pmi-san-marcos
0743556089848528896,2025-08-13T19:46:26.4249546+00:00,493488,Premiere International College,https://picollege.edu,picollege
0743556090012106752,2025-08-13T19:46:26.4638571+00:00,493521,Global Tech College,https://www.globaltech.edu,globaltech
0743556090288930816,2025-08-13T19:46:26.5290655+00:00,494764,Aviation Institute of Maintenance-Charlotte,https://aviationmaintenance.edu/campuses/charlotte-nc,aviationmaintenance-charlotte
0743556090536394752,2025-08-13T19:46:26.5889014+00:00,494843,Fortis College-Landover,https://www.fortis.edu,fortis-landover
0743556090804830208,2025-08-13T19:46:26.6525770+00:00,494852,Stautzenberger College-Rockford Career College,https://www.rockfordcareercollege.edu,rockfordcareercollege
0743556091069071360,2025-08-13T19:46:26.7155438+00:00,494898,WellSpring School of Allied Health-Wichita,https://www.wellspring.edu,wellspring-wichita
0743556091320729600,2025-08-13T19:46:26.7750872+00:00,494755,West Virginia Junior College-United Career Institute,https://unitedcareer.edu,unitedcareer
0743556091597553664,2025-08-13T19:46:26.8413573+00:00,493992,Southern Careers Institute-Waco,https://www.scitexas.edu,scitexas-waco
0743556091845017600,2025-08-13T19:46:26.9006304+00:00,491738,IBS School of Cosmetology and Massage,https://ibs-hi.com,ibs-hi
0743556092109258752,2025-08-13T19:46:26.9639429+00:00,494995,Meryma'at Barber College,https://www.merymaatbarbercollege.com,merymaatbarbercollege
0743556092377694208,2025-08-13T19:46:27.0273984+00:00,494986,Apex College of Veterinary Technology,https://www.apexcvt.edu,apexcvt
0743556092641935360,2025-08-13T19:46:27.0906605+00:00,494588,Pima Medical Institute-San Antonio,https://pmi.edu,pmi-san-antonio
0743556092910370816,2025-08-13T19:46:27.1549138+00:00,495183,Mariano Moreno Culinary Institute,https://www.mmci.edu,mmci
0743556093174611968,2025-08-13T19:46:27.2171895+00:00,494694,Texas Healthtech Institute,https://www.txinstitute.edu,txinstitute
0743556093443047424,2025-08-13T19:46:27.2813185+00:00,494959,Northern Pennsylvania Regional College,https://regionalcollegepa.org,regionalcollegepa
0743556093694705664,2025-08-13T19:46:27.3415752+00:00,495341,Taylor Andrews Academy of Hair Design-Hair Lab Detroit Barber School,https://www.hairlabdetroitbarberschool.com,hairlabdetroitbarberschool
0743556093958946816,2025-08-13T19:46:27.4044493+00:00,495147,Pacific Northwest Christian College,https://www.pnwcc.edu,pnwcc
0743556094231576576,2025-08-13T19:46:27.4692108+00:00,495961,San Joaquin Valley College-Santa Maria,https://www.sjvc.edu,sjvc-santa-maria
0743556094474846208,2025-08-13T19:46:27.5273992+00:00,496265,Triangle Tech-Chambersburg,https://triangle-tech.edu,triangle-tech-chambersburg
0743556094730698752,2025-08-13T19:46:27.5889532+00:00,497046,Madera Community College,https://www.maderacollege.edu,maderacollege
0743556095003328512,2025-08-13T19:46:27.6532705+00:00,496061,Mason Anthony School of Cosmetology Arts & Sciences,https://www.masonanthony.com,masonanthony
0743556095254986752,2025-08-13T19:46:27.7136435+00:00,497277,Arizona College-Glendale,https://www.arizonacollege.edu,arizonacollege-glendale
0743556095506644992,2025-08-13T19:46:27.7737680+00:00,497657,Hawaii Tokai International College,https://www.htic.edu,htic
0743556095775080448,2025-08-13T19:46:27.8376591+00:00,495271,California Indian Nations College,https://cincollege.org,cincollege
0743556096047710208,2025-08-13T19:46:27.9028859+00:00,497745,Aviation Institute of Maintenance-Chicago,https://aviationmaintenance.edu/campuses/chicago-il,aviationmaintenance-chicago
0743556096303562752,2025-08-13T19:46:27.9635871+00:00,495952,San Joaquin Valley College-Rancho Mirage,https://www.sjvc.edu,sjvc-rancho-mirage
0743556096567803904,2025-08-13T19:46:28.0266129+00:00,498030,Universal Technical Institute-South Florida Miramar,https://www.uti.edu,uti-miramar
0743556096832045056,2025-08-13T19:46:28.0896608+00:00,497338,Glendale Career College-North-West College-Bakersfield,https://www.success.edu,success-bakersfield
0743556097087897600,2025-08-13T19:46:28.1500487+00:00,495378,PCI Academy-Iowa City,https://www.pci-academy.com,pci-academy-iowa-city
0743556097343750144,2025-08-13T19:46:28.2114032+00:00,497286,Universal Technical Institute-West Texas,https://www.uti.edu,uti-austin
0743556097607991296,2025-08-13T19:46:28.2740777+00:00,493132,Universal Technical Institute-Bloomfield,https://www.uti.edu,uti-bloomfield
0743556097859649536,2025-08-13T19:46:28.3341836+00:00,496654,Sri Sai Krish Institute,https://www.sskinstitute.org,sskinstitute
0743556098123890688,2025-08-13T19:46:28.3976172+00:00,498483,Galen Health Institutes-Pikeville,https://galencollege.edu/campuses/pikeville,galencollege-pikeville
0743556098388131840,2025-08-13T19:46:28.4605010+00:00,498386,Boone Career and Technical Center,https://www.gobctc.com,gobctc
0743556098648178688,2025-08-13T19:46:28.5224882+00:00,499176,College of Biomedical Equipment Technology,https://www.cbet.edu,cbet
0743556098912419840,2025-08-13T19:46:28.5856609+00:00,498012,Commonwealth of Puerto Rico Department of Education-PRAMI,https://prami-fajardo.wixsite.com/admin,wixsite
0743556099445096448,2025-08-13T19:46:28.7120769+00:00,498100,Galen Health Institutes-Myrtle Beach,https://galencollege.edu/campuses/myrtle-beach,galencollege-myrtle-beach
0743556099713531904,2025-08-13T19:46:28.7766359+00:00,499291,Galen Health Institutes-Wichita,https://galencollege.edu/campuses/wichita,galencollege-wichita
0743556100011327488,2025-08-13T19:46:28.8476008+00:00,499547,Austin Medical Assistant Training,https://amat.edu,amat
0743556100342677504,2025-08-13T19:46:28.9265660+00:00,498094,Galen Health Institutes-Richmond,https://galencollege.edu/campuses/richmond,galencollege-richmond
0743556100560781312,2025-08-13T19:46:28.9785478+00:00,499282,Galen Health Institutes-Roanoke,https://www.galencollege.edu/roanoke,galencollege-roanoke
0743556100757913600,2025-08-13T19:46:29.0255871+00:00,101471,J F Ingram State Technical College,https://www.istc.edu,istc
0743556101064097792,2025-08-13T19:46:29.0982559+00:00,499680,Stellar Career College-Crown Point,https://in.stellarcollege.edu,stellarcollege
0743556101366087680,2025-08-13T19:46:29.1707001+00:00,499662,Aviation Institute of Maintenance-Phoenix,https://aviationmaintenance.edu/phoenix-2,aviationmaintenance-phoenix
0743556101605163008,2025-08-13T19:46:29.2270944+00:00,102711,Alaska Vocational Technical Center,https://www.avtec.edu,avtec
0743556101814878208,2025-08-13T19:46:29.2772009+00:00,103954,Arizona Academy of Beauty,https://www.arizonaacademy.com,arizonaacademy
0743556102125256704,2025-08-13T19:46:29.3515973+00:00,498340,Chancellor Institute,https://ichancellor.edu,ichancellor
0743556102376914944,2025-08-13T19:46:29.4111597+00:00,103741,Empire Beauty School-Tucson,https://www.empire.edu,empire
0743556102636961792,2025-08-13T19:46:29.4735609+00:00,105677,Roberto-Venn School of Luthiery,https://www.roberto-venn.com,roberto-venn
0743556102746013696,2025-08-13T19:46:29.4997741+00:00,499413,Glendale Career College-North-West College-MFSON,https://nw.edu,glendalecc-westcovina
0743556102846676992,2025-08-13T19:46:29.5235605+00:00,495013,Western Maricopa Education Center,https://west-mec.edu/findyourhappy,west-mec
0743556103148666880,2025-08-13T19:46:29.5954422+00:00,106315,Arkansas Beauty School-Little Rock,https://arbs.edu,arbs
0743556103467433984,2025-08-13T19:46:29.6711650+00:00,499307,Galen Health Institutes-Salt Lake City,https://galencollege.edu/campuses/salt-lake-city,galencollege-draper
0743556103672954880,2025-08-13T19:46:29.7206079+00:00,106324,Arkansas Beauty College,https://www.arkansasbeautycollege.us,arkansasbeautycollege
0743556103945584640,2025-08-13T19:46:29.7859224+00:00,106494,Arthur's Beauty College,https://arthursbeautycollege.com,arthursbeautycollege
0743556104205631488,2025-08-13T19:46:29.8478725+00:00,107099,Hot Springs Beauty College,https://hotspringsbeautycollege.com,hotspringsbeautycollege
0743556104465678336,2025-08-13T19:46:29.9092310+00:00,104568,Avalon Institute-Mesa,https://avalon.edu/mesa-az,avalon
0743556104771862528,2025-08-13T19:46:29.9825269+00:00,104443,Empire Beauty School-Chandler,https://www.empire.edu,empire-chandler
0743556104973189120,2025-08-13T19:46:30.0306336+00:00,106351,Arkansas Technical School,https://www.arktech.edu,arktech
0743556105266790400,2025-08-13T19:46:30.1001086+00:00,107442,New Tyler Barber College Inc,https://newtylerbarbercollege.edu,newtylerbarbercollege
0743556105518448640,2025-08-13T19:46:30.1603768+00:00,104391,Charles of Italy Beauty College,https://www.charlesofitaly.edu,charlesofitaly
0743556105791078400,2025-08-13T19:46:30.2257718+00:00,107488,Northwest Technical Institute,https://www.nwti.edu,nwti
0743556106042736640,2025-08-13T19:46:30.2852957+00:00,107220,Career Academy of Hair Design,https://www.beautynwa.com,beautynwa
0743556106332143616,2025-08-13T19:46:30.3542683+00:00,107789,Paul Mitchell the School-Arkansas,https://paulmitchell.edu/arkansas,paulmitchell
0743556106629939200,2025-08-13T19:46:30.4250403+00:00,106908,Paul Mitchell the School-Little Rock,https://paulmitchell.edu/littlerock,paulmitchell-north-little-rock
0743556106827071488,2025-08-13T19:46:30.4722586+00:00,108065,Velvatex College of Beauty Culture,https://www.velvatexcollege.com,velvatexcollege
0743556107095506944,2025-08-13T19:46:30.5360124+00:00,107293,Academy of Salon and Spa,https://www.academysalonspa.com,academysalonspa
0743556107342970880,2025-08-13T19:46:30.5953016+00:00,109721,Associated Technical College-Los Angeles,https://www.atcla.edu,atcla
0743556107619794944,2025-08-13T19:46:30.6614377+00:00,107655,University of Aesthetics & Cosmetology,https://www.pcec.edu,pcec
0743556107875647488,2025-08-13T19:46:30.7226510+00:00,109730,Associated Technical College-San Diego,https://www.atcsd.edu,atcsd
0743556108131500032,2025-08-13T19:46:30.7837975+00:00,110194,Brownson Technical School,https://brownson.edu,brownson
0743556108337020928,2025-08-13T19:46:30.8329284+00:00,111054,California Hair Design Academy,https://chdaschools.com,chdaschools
0743556108651593728,2025-08-13T19:46:30.9079421+00:00,111744,CET-Colton,https://cetweb.edu,cetweb
0743556108920029184,2025-08-13T19:46:30.9713308+00:00,108977,American Beauty College,https://www.americanbeautycollege.edu,americanbeautycollege
0743556109188464640,2025-08-13T19:46:31.0353092+00:00,111717,CET-San Jose,https://cetweb.edu,cetweb-san-jose
0743556109385596928,2025-08-13T19:46:31.0821982+00:00,110875,California Beauty School,https://www.calbeautycollege.edu,calbeautycollege
0743556109691781120,2025-08-13T19:46:31.1559370+00:00,498951,Artisan Academy of Cosmetology,https://art22academy.com,art22academy
0743556109960216576,2025-08-13T19:46:31.2192418+00:00,111513,Career Academy of Beauty,https://caofb.com,caofb
0743556110237040640,2025-08-13T19:46:31.2856955+00:00,107831,Searcy Beauty College,https://searcybeautycollege.com,searcybeautycollege
0743556110488698880,2025-08-13T19:46:31.3459537+00:00,111726,CET-El Centro,https://cetweb.edu,cetweb-el-centro
0743556110799077376,2025-08-13T19:46:31.4190576+00:00,111708,CET-San Diego,https://www.cetweb.edu,cetweb-san-diego
0743556111021375488,2025-08-13T19:46:31.4726484+00:00,113449,International School of Beauty Inc,https://btyschool.com,btyschool
0743556111281422336,2025-08-13T19:46:31.5345347+00:00,112181,Citrus Heights Beauty College,https://chbeautycollege.com,chbeautycollege
0743556111558246400,2025-08-13T19:46:31.6003006+00:00,111799,CET-Salinas,https://cetweb.edu,cetweb-salinas
0743556111742795776,2025-08-13T19:46:31.6447980+00:00,114460,Federico Beauty Institute,https://federico.edu,federico
0743556112053174272,2025-08-13T19:46:31.7186267+00:00,112288,Milan Institute-Visalia,https://www.milaninstitute.edu,milaninstitute
0743556112309026816,2025-08-13T19:46:31.7796102+00:00,113537,Dell'Arte International School of Physical Theatre,https://www.dellarte.com/school,dellarte
0743556112569073664,2025-08-13T19:46:31.8411052+00:00,114637,Redondo Beach Beauty College,https://rbbeautycollege.com,rbbeautycollege
0743556112778788864,2025-08-13T19:46:31.8915581+00:00,114761,Fredrick and Charles Beauty College,https://www.fandcbeauty.com,fandcbeauty
0743556113101750272,2025-08-13T19:46:31.9680763+00:00,112367,Clovis Adult Education,https://clovisadult.cusd.com,cusd
0743556113357602816,2025-08-13T19:46:32.0292218+00:00,115658,Hilltop Beauty School,https://www.hilltopbeautyschool.com,hilltopbeautyschool
0743556113613455360,2025-08-13T19:46:32.0909032+00:00,115357,Salon Success Academy-Riverside,https://www.salonsuccessacademy.com,salonsuccessacademy
0743556113827364864,2025-08-13T19:46:32.1413957+00:00,118161,Lytles Redwood Empire Beauty College,https://www.lytlesrebc.edu,lytlesrebc
0743556114150326272,2025-08-13T19:46:32.2183783+00:00,114947,Gemological Institute of America-Carlsbad,https://www.gia.edu/gem-education,gia
0743556114406178816,2025-08-13T19:46:32.2797505+00:00,117238,Lancaster Beauty School,https://www.lancasterbeautyschool.com,lancasterbeautyschool
0743556114666225664,2025-08-13T19:46:32.3412107+00:00,112455,Coba Academy,https://www.coba.edu,coba
0743556114888523776,2025-08-13T19:46:32.3944244+00:00,118143,Lyle's College of  Beauty,https://lylescolleges.com,lylescolleges
0743556115186319360,2025-08-13T19:46:32.4653412+00:00,118994,Moler Barber College,https://moler.org,moler
0743556115446366208,2025-08-13T19:46:32.5272430+00:00,118958,Modern Beauty Academy,https://www.modernbeautyacademy.org,modernbeautyacademy
0743556115706413056,2025-08-13T19:46:32.5896191+00:00,117955,Lu Ross Academy,https://www.lurossacademy.com,lurossacademy
0743556115920322560,2025-08-13T19:46:32.6401085+00:00,119951,North Adrian's College of Beauty Inc,https://www.adrians.edu,adrians
0743556116239089664,2025-08-13T19:46:32.7162445+00:00,101277,New Beginning College of Cosmetology,https://www.nbccosmetology.com,nbccosmetology
0743556116541079552,2025-08-13T19:46:32.7881131+00:00,121859,Salon Success Academy-Upland,https://www.salonsuccessacademy.com,salonsuccessacademy-upland
0743556116788543488,2025-08-13T19:46:32.8474223+00:00,120069,North-West College-Pomona,https://www.north-westcollege.edu,north-westcollege-pomona
0743556116989870080,2025-08-13T19:46:32.8957631+00:00,121868,Salon Success Academy-Corona,https://www.salonsuccessacademy.com,salonsuccessacademy-corona
0743556117296054272,2025-08-13T19:46:32.9686395+00:00,125082,Bridges Beauty College,https://www.bridgesbeautycollege.com,bridgesbeautycollege
0743556117568684032,2025-08-13T19:46:33.0336253+00:00,125310,Waynes College of Beauty,https://www.waynescollegeofbeauty.com,waynescollegeofbeauty
0743556117811953664,2025-08-13T19:46:33.0912465+00:00,123493,Charles A Jones Career and Education Center,https://www.caj.scusd.edu,scusd
0743556118025863168,2025-08-13T19:46:33.1426505+00:00,121637,Shasta School of Cosmetology,https://www.shastaschoolofcosmetology.com,shastaschoolofcosmetology
0743556118336241664,2025-08-13T19:46:33.2161141+00:00,126915,Technical College of the Rockies,https://www.tcr.edu,tcr
0743556118596288512,2025-08-13T19:46:33.2789122+00:00,121433,Professional Institute of Beauty,https://www.pib.edu,pib
0743556118856335360,2025-08-13T19:46:33.3408463+00:00,127158,Emily Griffith Technical College,https://www.emilygriffith.edu,emilygriffith
0743556119070244864,2025-08-13T19:46:33.3917280+00:00,127316,International Salon and Spa Academy,https://www.csbeautyschools.com,csbeautyschools
0743556119393206272,2025-08-13T19:46:33.4680443+00:00,128896,Cortiva Institute,https://www.cortiva.edu,cortiva
0743556119653253120,2025-08-13T19:46:33.5302732+00:00,129002,Porter & Chester Institute of Hamden,https://www.porterchester.edu,porterchester
0743556119938465792,2025-08-13T19:46:33.5987888+00:00,120087,North-West College-Van Nuys,https://www.north-westcollege.edu,north-westcollege-van-nuys
0743556120123015168,2025-08-13T19:46:33.6422959+00:00,129932,New England Tractor Trailer Training School of Connecticut,https://www.nettts.com,nettts
0743556120433393664,2025-08-13T19:46:33.7162586+00:00,123350,Sierra College of Beauty,https://sierrabeautycollege.net/blog3,sierrabeautycollege
0743556120726994944,2025-08-13T19:46:33.7863426+00:00,129349,Paul Mitchell the School-North Haven,https://paulmitchell.edu/northhaven,paulmitchell-north-haven
0743556120953487360,2025-08-13T19:46:33.8401736+00:00,130837,Margaret H Rollins School of Nursing at Beebe Medical Center,https://www.beebehealthcare.org/school-nursing,beebehealthcare
0743556121192562688,2025-08-13T19:46:33.8973941+00:00,130174,Porter & Chester Institute,https://www.porterchester.edu,porterchester-bridgeport
0743556121427443712,2025-08-13T19:46:33.9538301+00:00,130873,Dawn Career Institute LLC,https://www.dawncareerinstitute.edu,dawncareerinstitute
0743556121695879168,2025-08-13T19:46:34.0170277+00:00,119553,National Holistic Institute,https://www.nhi.edu,nhi
0743556121955926016,2025-08-13T19:46:34.0791336+00:00,133155,Lorenzo Walker Technical College,https://lwtc.edu,lwtc
0743556122224361472,2025-08-13T19:46:34.1436945+00:00,128337,Empire Beauty School-Thornton,https://www.empire.edu,empire-thornton
0743556122471825408,2025-08-13T19:46:34.2027256+00:00,134024,Florida School of Massage,https://floridaschoolofmassage.com,floridaschoolofmassage
0743556122731872256,2025-08-13T19:46:34.2648732+00:00,134228,Fort Pierce Beauty Academy,https://fpbeauty.com,fpbeauty
0743556122991919104,2025-08-13T19:46:34.3263534+00:00,131061,Schilling-Douglas School of Hair Design,https://schillingdouglas.edu,schillingdouglas
0743556123151302656,2025-08-13T19:46:34.3649411+00:00,482015,Southern Careers Institute-San Antonio,https://www.scitexas.edu,sci-sanantonio
0743556123256160256,2025-08-13T19:46:34.3892833+00:00,134574,Cortiva Institute,https://www.cortiva.com,cortiva-st-petersburg
0743556123507818496,2025-08-13T19:46:34.4499646+00:00,111762,CET-Watsonville,https://www.cetweb.edu,cetweb-watsonville
0743556123763671040,2025-08-13T19:46:34.5100201+00:00,134714,International Academy,https://www.intl-academy.com,intl-academy
0743556124027912192,2025-08-13T19:46:34.5732341+00:00,135179,Lake Technical College,https://www.laketech.org,laketech
0743556124292153344,2025-08-13T19:46:34.6361398+00:00,134307,George T Baker Aviation Technical College,https://www.bakeraviationtechcollege.com,bakeraviationtechcollege
0743556124556394496,2025-08-13T19:46:34.6990683+00:00,118134,Lyle's College of Beauty,https://lylescolleges.com,lylescolleges-bakersfield
0743556124816441344,2025-08-13T19:46:34.7611996+00:00,135559,Merryfield Academy,https://www.merryfield.edu,merryfield
0743556125072293888,2025-08-13T19:46:34.8229207+00:00,135142,La Belle Beauty School,https://labellebeauty.net,labellebeauty
0743556125349117952,2025-08-13T19:46:34.8882964+00:00,136303,Orange Technical College,https://www.orangetechcollege.net,orangetechcollege-orlando
0743556125596581888,2025-08-13T19:46:34.9478200+00:00,137023,First Coast Technical College,https://fctc.edu,fctc
0743556125860823040,2025-08-13T19:46:35.0102245+00:00,136109,Paul Mitchell the School-Jacksonville,https://paulmitchell.edu/jacksonville,paulmitchell-jacksonville
0743556126104092672,2025-08-13T19:46:35.0688919+00:00,137591,Bene's Career Academy,https://www.benes.edu,benes
0743556126368333824,2025-08-13T19:46:35.1312913+00:00,137856,Big Bend Technical College,https://www.bbtc.edu,bbtc
0743556126628380672,2025-08-13T19:46:35.1939706+00:00,137865,Tom P. Haney Technical College,https://www.haney.edu,haney
0743556126880038912,2025-08-13T19:46:35.2538859+00:00,138284,Florida Panhandle Technical College,https://fptc.edu,fptc
0743556127144280064,2025-08-13T19:46:35.3160036+00:00,135276,Lively Technical College,https://www.livelytech.com,livelytech
0743556127412715520,2025-08-13T19:46:35.3806578+00:00,124681,UEI College-Huntington Park,https://www.uei.edu,uei-huntington-park
0743556127668568064,2025-08-13T19:46:35.4418586+00:00,138938,Atlanta School of Massage,https://www.atlantaschoolofmassage.com,atlantaschoolofmassage
0743556127928614912,2025-08-13T19:46:35.5038423+00:00,136765,Ridge Technical College,https://www.ridge.edu,ridge
0743556128192856064,2025-08-13T19:46:35.5666242+00:00,135337,Loraines Academy & Spa,https://www.genesiscareer.edu/loraines-academy-spa-st-petersburg-fl,genesiscareer
0743556128452902912,2025-08-13T19:46:35.6283688+00:00,142407,Aveda Institute-Twin Falls,https://www.avedaidaho.com,avedaidaho
0743556128708755456,2025-08-13T19:46:35.6895366+00:00,141608,Hawaii Institute of Hair Design,https://www.hihd.edu,hihd
0743556128972996608,2025-08-13T19:46:35.7520530+00:00,135522,Traviss Technical College,https://www.traviss.edu,traviss
0743556129228849152,2025-08-13T19:46:35.8139820+00:00,143376,Paul Mitchell the School-Tinley Park,https://paulmitchell.edu/bradley,paulmitchell-tinley-park
0743556129493090304,2025-08-13T19:46:35.8769410+00:00,134529,Hollywood Institute of Beauty Careers,https://www.hi.edu,hi
0743556129753137152,2025-08-13T19:46:35.9387136+00:00,132675,North Florida Technical College,https://www.nftc.edu,nftc
0743556130017378304,2025-08-13T19:46:36.0017702+00:00,142489,Nathan Layne Institute of Cosmetology,https://www.nathanlayneinstitute.com,nathanlayneinstitute
0743556130285813760,2025-08-13T19:46:36.0658818+00:00,143482,Cannella School of Hair Design-Chicago,https://cannellaschool.com,cannellaschool
0743556130562637824,2025-08-13T19:46:36.1314680+00:00,143473,Cannella School of Hair Design-Villa Park,https://cannellaschool.com,cannellaschool-villa-park
0743556130814296064,2025-08-13T19:46:36.1911277+00:00,144795,Cosmetology & Spa Academy,https://www.cosmetologyandspaacademy.edu,cosmetologyandspaacademy
0743556131082731520,2025-08-13T19:46:36.2550552+00:00,139506,Pro Way Hair School,https://www.prowayhairschool.com,prowayhairschool
0743556131355361280,2025-08-13T19:46:36.3206850+00:00,145406,G Skin & Beauty Institute,https://gskinbeautyinstitute.edu,gskinbeautyinstitute
0743556131615408128,2025-08-13T19:46:36.3820400+00:00,145424,Hair Professionals Career College,https://hairpros.edu,hairpros
0743556131879649280,2025-08-13T19:46:36.4459409+00:00,138822,Georgia Career Institute,https://gci.edu,gci
0743556132139696128,2025-08-13T19:46:36.5074207+00:00,143491,Cannella School of Hair Design-Chicago,https://cannellaschool.com,cannellaschool-chicago
0743556132395548672,2025-08-13T19:46:36.5680664+00:00,144573,Tricoci University of Beauty Culture,https://www.tricociuniversity.edu,tricociuniversity
0743556132659789824,2025-08-13T19:46:36.6316650+00:00,146807,Steven Papageorge Hair Academy,https://stevenpapageorgehairacademy.com,stevenpapageorgehairacademy
0743556132928225280,2025-08-13T19:46:36.6957066+00:00,143464,Cameo Beauty Academy,https://www.cameobeautyacademy.com,cameobeautyacademy
0743556133188272128,2025-08-13T19:46:36.7579959+00:00,147642,Cosmetology Concepts Niles,https://johnnamicoschoolofhairdesign.com,johnnamicoschoolofhairdesign
0743556133448318976,2025-08-13T19:46:36.8195237+00:00,143552,Capri Beauty College,https://capri.edu,capri
0743556133708365824,2025-08-13T19:46:36.8817113+00:00,148098,Professional's Choice Hair Design Academy,https://www.pchairdesign.com,pchairdesign
0743556133976801280,2025-08-13T19:46:36.9451643+00:00,149204,Educators of Beauty College of Cosmetology-Sterling,https://www.educatorsofbeauty.com,educatorsofbeauty
0743556134245236736,2025-08-13T19:46:37.0099016+00:00,145433,Hair Professionals School of Cosmetology,https://hairpros.edu,hairpros-oswego
0743556134496894976,2025-08-13T19:46:37.0693834+00:00,147819,Oehrlein School of Cosmetology,https://oehrleinschool.com,oehrleinschool
0743556134756941824,2025-08-13T19:46:37.1310502+00:00,148955,National Latino Education Institute,https://www.nlei.org,nlei
0743556135021182976,2025-08-13T19:46:37.1945831+00:00,149550,University of Spa & Cosmetology Arts,https://www.uscart.com,uscart
0743556135281229824,2025-08-13T19:46:37.2564419+00:00,145309,Gem City College,https://www.gemcitycollege.com,gemcitycollege
0743556135545470976,2025-08-13T19:46:37.3193117+00:00,150303,Tricoci University of Beauty Culture-Highland,https://www.tricociuniversity.edu,tricociuniversity-highland
0743556135797129216,2025-08-13T19:46:37.3798842+00:00,150765,J Michael Harrold Beauty Academy,https://harroldbeautyacademy.com,harroldbeautyacademy
0743556136052981760,2025-08-13T19:46:37.4400238+00:00,150853,PJ's College of Cosmetology-Clarksville,https://www.gotopjs.com,gotopjs
0743556136317222912,2025-08-13T19:46:37.5030984+00:00,151607,Tricoci University of Beauty Culture-Lafayette,https://www.tricociuniversity.edu,tricociuniversity-lafayette
0743556136573075456,2025-08-13T19:46:37.5645089+00:00,152150,PJ's College of Cosmetology-Richmond,https://www.gotopjs.com,gotopjs-richmond
0743556136837316608,2025-08-13T19:46:37.6271739+00:00,145099,"First Institute of Travel, Inc.",https://www.firstinstitute.edu,firstinstitute
0743556137101557760,2025-08-13T19:46:37.6909208+00:00,132976,Charlotte Technical College,https://www.charlottetechcollege.net/ctc,charlottetechcollege
0743556137349021696,2025-08-13T19:46:37.7498521+00:00,153074,Capri College-Dubuque,https://www.capricollege.edu,capricollege
0743556137617457152,2025-08-13T19:46:37.8130116+00:00,154448,Capri College-Davenport,https://www.capricollege.edu,capricollege-davenport
0743556137869115392,2025-08-13T19:46:37.8738094+00:00,155159,Hays Academy of Hair Design,https://www.haysacademy.edu,haysacademy
0743556138137550848,2025-08-13T19:46:37.9371927+00:00,152275,Ravenscroft Beauty College,https://ravenscroftcollege.com,ravenscroftcollege
0743556138397597696,2025-08-13T19:46:37.9996576+00:00,151564,Taylor Institute of Cosmetology II,https://www.kbc.edu,kbc
0743556138670227456,2025-08-13T19:46:38.0647029+00:00,153083,Capri College-Cedar Rapids,https://www.capricollege.edu,capricollege-cedar-rapids
0743556138921885696,2025-08-13T19:46:38.1248196+00:00,155423,Washburn Institute of Technology,https://www.washburntech.edu,washburntech
0743556139181932544,2025-08-13T19:46:38.1867261+00:00,152628,Vincennes Beauty College,https://vincennesbeautycollege.com,vincennesbeautycollege
0743556139437785088,2025-08-13T19:46:38.2475583+00:00,150428,Don Roberts School of Hair Design,https://www.donrobertsspaschool.com,donrobertsspaschool
0743556139697831936,2025-08-13T19:46:38.3098916+00:00,152309,Rogers Academy of Hair Design,https://rogershair.com,rogershair
0743556139970461696,2025-08-13T19:46:38.3748081+00:00,156426,Paul Mitchell the School-Lexington,https://paulmitchell.edu/lexington,paulmitchell-lexington
0743556140230508544,2025-08-13T19:46:38.4364969+00:00,156967,Summit Salon Academy-Lexington,https://www.summitsalonacademy.org,summitsalonacademy-lexington
0743556140490555392,2025-08-13T19:46:38.4984603+00:00,157614,Empire Beauty School-Chenoweth,https://www.empire.edu,empire-louisville
0743556140754796544,2025-08-13T19:46:38.5615409+00:00,154545,The Salon Professional Academy-Cedar Falls,https://tspacedarfalls.com,tspacedarfalls
0743556141019037696,2025-08-13T19:46:38.6246585+00:00,157650,Empire Beauty School-Elizabethtown,https://www.empire.edu,empire-elizabethtown
0743556141274890240,2025-08-13T19:46:38.6850511+00:00,158538,Cloyd's Beauty School 1 Inc,https://cloydsbeautyschools.edu,cloydsbeautyschools
0743556141534937088,2025-08-13T19:46:38.7472151+00:00,158246,Ayers Career College,https://www.ayers.edu,ayers
0743556141794983936,2025-08-13T19:46:38.8094158+00:00,155353,Old Town Barber College-Wichita,https://www.otbcollege.com,otbcollege
0743556142327660544,2025-08-13T19:46:38.9360682+00:00,156310,PJ's College of Cosmetology-Bowling Green,https://www.gotopjs.com,gotopjs-bowling-green
0743556142579318784,2025-08-13T19:46:38.9967661+00:00,159328,John Jay Beauty College,https://www.johnjaybeautycollege.com,johnjaybeautycollege
0743556142872920064,2025-08-13T19:46:39.0668392+00:00,146454,Educators of Beauty College of Cosmetology-Peru,https://www.educatorsofbeauty.com,educatorsofbeauty-peru
0743556143124578304,2025-08-13T19:46:39.1265243+00:00,158787,Denham Springs Beauty School,https://www.dsbeautyschool.org,dsbeautyschool
0743556143380430848,2025-08-13T19:46:39.1875208+00:00,159522,Aveda Arts & Sciences Institute-Lafayette,https://avedaarts.edu,avedaarts
0743556143644672000,2025-08-13T19:46:39.2509673+00:00,156754,PJ's College of Cosmetology-Glasgow,https://www.gotopjs.com,gotopjs-glasgow
0743556143900524544,2025-08-13T19:46:39.3119875+00:00,159531,Louisiana Academy of Beauty,https://www.louisianaacademyofbeauty.com,louisianaacademyofbeauty
0743556144164765696,2025-08-13T19:46:39.3743734+00:00,156842,Paul Mitchell the School-Louisville,https://paulmitchell.edu/louisville,paulmitchell-louisville
0743556144433201152,2025-08-13T19:46:39.4381177+00:00,159513,Aveda Arts & Sciences Institute-Baton Rouge,https://avedaarts.edu,avedaarts-baton-rouge
0743556144697442304,2025-08-13T19:46:39.5015975+00:00,160320,Aveda Arts & Sciences Institute-Covington,https://avedaarts.edu,avedaarts-covington
0743556144953294848,2025-08-13T19:46:39.5621895+00:00,156134,Wichita Technical Institute,https://www.wti.edu,wti
0743556145213341696,2025-08-13T19:46:39.6246800+00:00,160117,Pat Goins Beauty Schools formerly Paul Mitchell the School-Shreveport,https://www.patgoins.edu,patgoins
0743556145418862592,2025-08-13T19:46:39.6732907+00:00,157669,Empire Beauty School-Dixie,https://www.empire.edu,empire-dixie-louisville
0743556145485971456,2025-08-13T19:46:39.6900073+00:00,158778,Avery James College,https://averyjamesschool.com,averyjamesschool
0743556145737629696,2025-08-13T19:46:39.7490773+00:00,159601,Opelousas School of Cosmetology,https://www.opelousascosmetology.com,opelousascosmetology
0743556145985093632,2025-08-13T19:46:39.8085027+00:00,160597,Stevensons Academy of Hair Design,https://www.stevenson-academy.com,stevenson-academy
0743556146245140480,2025-08-13T19:46:39.8705503+00:00,157678,Empire Beauty School-Florence,https://www.empire.edu,empire-florence
0743556146496798720,2025-08-13T19:46:39.9306013+00:00,160472,LaSalle Tech,https://lasalletech.edu,lasalletech
0743556146756845568,2025-08-13T19:46:39.9927810+00:00,160126,Celebrity Stylist Beauty School,https://www.celebritystylistbeautyschool.com,celebritystylistbeautyschool
0743556147016892416,2025-08-13T19:46:40.0544310+00:00,161527,Spa Tech Institute-Westbrook,https://www.spatech.edu,spatech
0743556147276939264,2025-08-13T19:46:40.1165232+00:00,159027,Belbo Beauty Institute,https://www.belbobeautyinstitute.com,belbobeautyinstitute
0743556147532791808,2025-08-13T19:46:40.1779174+00:00,161855,Baltimore Studio of Hair Design,https://www.baltimorestudio.com,baltimorestudio
0743556147797032960,2025-08-13T19:46:40.2403050+00:00,162335,Del-Mar-Va Beauty Academy,https://www.delmarvabeautyacademy.com,delmarvabeautyacademy
0743556148069662720,2025-08-13T19:46:40.3058040+00:00,161493,Empire Beauty School-Maine,https://www.empire.edu,empire-portland
0743556148317126656,2025-08-13T19:46:40.3641406+00:00,162371,North American Trade Schools,https://natradeschools.edu,natradeschools
0743556148581367808,2025-08-13T19:46:40.4274969+00:00,160199,Pineville Beauty School,https://www.pinevillebeauty.com,pinevillebeauty
0743556148841414656,2025-08-13T19:46:40.4896274+00:00,162830,Aveda Institute-Maryland,https://avedainstitutemd.edu,avedainstitutemd
0743556149105655808,2025-08-13T19:46:40.5520749+00:00,163541,Hair Academy,https://www.hairacademymd.com,hairacademymd
0743556149369896960,2025-08-13T19:46:40.6156542+00:00,163347,Fortis Institute-Towson,https://www.fortis.edu,fortis-towson
0743556149625749504,2025-08-13T19:46:40.6767522+00:00,163408,Montgomery Beauty School,https://www.montgomerybeautyschool.com,montgomerybeautyschool
0743556149894184960,2025-08-13T19:46:40.7408661+00:00,165608,Diman Regional Technical Institute,https://www.dimanregional.org/lpn,dimanregional
0743556150154231808,2025-08-13T19:46:40.8029806+00:00,164845,Empire Beauty School-Boston,https://www.empire.edu,empire-boston
0743556150422667264,2025-08-13T19:46:40.8662599+00:00,158617,Crescent City Bartending School,https://crescent.edu,crescent
0743556150686908416,2025-08-13T19:46:40.9293074+00:00,166498,Lowell Academy Hairstyling Institute,https://www.lowellacademy.com,lowellacademy
0743556150946955264,2025-08-13T19:46:40.9917066+00:00,165255,Catherine Hinds Institute of Esthetics,https://www.catherinehinds.edu,catherinehinds
0743556151198613504,2025-08-13T19:46:41.0512384+00:00,166805,Massachusetts School of Barbering,https://massschoolofbarbering.com,massschoolofbarbering
0743556151643209728,2025-08-13T19:46:41.1574565+00:00,165750,Rob Roy Academy-Fall River,https://www.rob-roy.com,rob-roy
0743556151731290112,2025-08-13T19:46:41.1785030+00:00,164599,Bancroft School of Massage Therapy,https://www.bancroftsmt.com,bancroftsmt
0743556152012308480,2025-08-13T19:46:41.2450462+00:00,168032,Rob Roy Academy-Taunton,https://www.rob-roy.com,rob-roy-taunton
0743556152251383808,2025-08-13T19:46:41.3025438+00:00,168573,Northwestern Technological Institute,https://www.northwesterntech.edu,northwesterntech
0743556152515624960,2025-08-13T19:46:41.3653296+00:00,169284,Empire Beauty School-Michigan,https://www.empire.edu,empire-grand-rapids
0743556152779866112,2025-08-13T19:46:41.4281087+00:00,168892,Bayshire Academy of Beauty Craft Inc,https://www.bayshirebeautyacademy.edu,bayshirebeautyacademy
0743556153056690176,2025-08-13T19:46:41.4941766+00:00,163815,Maryland Beauty Academy of Essex,https://www.baltimorestudio.com,baltimorestudio-baltimore
0743556153308348416,2025-08-13T19:46:41.5542504+00:00,164535,Assabet Valley Regional Technical School,https://www.assabet.org,assabet
0743556153576783872,2025-08-13T19:46:41.6185478+00:00,167039,Rob Roy Academy-New Bedford,https://www.rob-roy.com,rob-roy-new-bedford
0743556153828442112,2025-08-13T19:46:41.6785268+00:00,169503,David Pressley School of Cosmetology,https://davidpressleyschool.com,davidpressleyschool
0743556154092683264,2025-08-13T19:46:41.7412813+00:00,169576,Detroit Business Institute-Downriver,https://www.dbidownriver.edu,dbidownriver
0743556154356924416,2025-08-13T19:46:41.8044080+00:00,168555,Hillsdale Beauty College,https://www.hillsdalebeautycollege.com,hillsdalebeautycollege
0743556154612776960,2025-08-13T19:46:41.8655653+00:00,171775,Port Huron Cosmetology College,https://www.michigancollegeofbeauty.com,michigancollegeofbeauty
0743556154868629504,2025-08-13T19:46:41.9268289+00:00,161800,Award Beauty School,https://www.awardbeautyschool.com,awardbeautyschool
0743556155137064960,2025-08-13T19:46:41.9905177+00:00,171988,Ross Medical Education Center-Lansing,https://rosseducation.edu,rosseducation-lansing
0743556155376140288,2025-08-13T19:46:42.0474850+00:00,169813,Creative Hair School of Cosmetology,https://creativehairschool.com,creativehairschool
0743556155640381440,2025-08-13T19:46:42.1100462+00:00,170611,Michigan College of Beauty-Monroe,https://michigancollegebeauty.com,michigancollegebeauty
0743556155904622592,2025-08-13T19:46:42.1736194+00:00,172422,Michigan Career and Technical Institute,https://www.michigan.gov/MCTI,michigan
0743556156160475136,2025-08-13T19:46:42.2343446+00:00,174190,Nova Academy of Cosmetology Woodbury,https://novaacademy.edu,novaacademy
0743556156416327680,2025-08-13T19:46:42.2957821+00:00,172495,Twin City Beauty College,https://tcbeautycollege.com,tcbeautycollege
0743556156676374528,2025-08-13T19:46:42.3578400+00:00,167871,Southeastern Technical Institute,https://www.stitech.edu,stitech
0743556156940615680,2025-08-13T19:46:42.4201956+00:00,173744,Aveda Arts & Sciences Institute Minneapolis,https://avedaarts.edu/locations/minneapolis,avedaarts-minneapolis
0743556157204856832,2025-08-13T19:46:42.4838735+00:00,174978,Empire Beauty School-Bloomington,https://www.empire.edu,empire-bloomington
0743556157460709376,2025-08-13T19:46:42.5441528+00:00,175698,Fosters Cosmetology College,https://www.fosters.edu,fosters
0743556157720756224,2025-08-13T19:46:42.6067985+00:00,172015,Ross Medical Education Center-Flint,https://rosseducation.edu,rosseducation-flint
0743556157976608768,2025-08-13T19:46:42.6671488+00:00,174321,Model College of Hair Design,https://www.modelcollegeofhairdesign.com,modelcollegeofhairdesign
0743556158236655616,2025-08-13T19:46:42.7291093+00:00,175494,Chris Beauty College,https://www.chrisbeautycollege.edu,chrisbeautycollege
0743556158500896768,2025-08-13T19:46:42.7925510+00:00,176716,House of Heavilin Beauty College-Blue Springs,https://kc-hair.com,kc-hair
0743556158756749312,2025-08-13T19:46:42.8539101+00:00,177436,Four Rivers Career Center,https://frcc.washington.k12.mo.us,mo
0743556159025184768,2025-08-13T19:46:42.9177838+00:00,171997,Ross Medical Education Center-Warren,https://rosseducation.edu,rosseducation-warren
0743556159289425920,2025-08-13T19:46:42.9809487+00:00,177588,House of Heavilin Beauty College-Kansas City,https://kc-hair.com,kc-hair-kansas-city
0743556159545278464,2025-08-13T19:46:43.0414510+00:00,176983,Grand River Technical School,https://www.grts.org,grts
0743556159805325312,2025-08-13T19:46:43.1035882+00:00,175120,Summit Academy Opportunities Industrialization Center,https://www.saoic.org,saoic
0743556160065372160,2025-08-13T19:46:43.1658460+00:00,176062,Hatfield's Mississippi College of Beauty Culture,https://hatfieldsinc.com,hatfieldsinc
0743556160338001920,2025-08-13T19:46:43.2303273+00:00,177931,Lex La-Ray Technical Center,https://www.lexlaray.com,lexlaray
0743556160598048768,2025-08-13T19:46:43.2920202+00:00,172680,Paul Mitchell the School-Grand Rapids,https://paulmitchell.edu/grandrapids,paulmitchell-kentwood
0743556160845512704,2025-08-13T19:46:43.3514152+00:00,176433,Vaughn Beauty College,https://vaughnbeauty.com,vaughnbeauty
0743556161109753856,2025-08-13T19:46:43.4143780+00:00,178828,Poplar Bluff Technical Career Center,https://www.poplarbluffschools.net,poplarbluffschools
0743556161378189312,2025-08-13T19:46:43.4782696+00:00,170736,M J Murphy Beauty College of Mount Pleasant,https://mjmbc.net,mjmbc
0743556161655013376,2025-08-13T19:46:43.5441379+00:00,179511,St Louis College of Health Careers-St Louis,https://www.slchc.edu,slchc-saint-louis
0743556161919254528,2025-08-13T19:46:43.6072525+00:00,178077,Missouri College of Cosmetology and Esthetics,https://merrelluniversity.edu,merrelluniversity
0743556162175107072,2025-08-13T19:46:43.6685650+00:00,178527,Neosho Beauty College,https://neoshobeautycollege.com,neoshobeautycollege
0743556162443542528,2025-08-13T19:46:43.7324766+00:00,177685,Paul Mitchell the School-Missouri Columbia,https://missouricolumbia.paulmitchell.edu,paulmitchell-columbia
0743556162703589376,2025-08-13T19:46:43.7947944+00:00,180090,Crevier's Academy of Cosmetology Arts,https://www.crevierschool.com,crevierschool
0743556162976219136,2025-08-13T19:46:43.8596199+00:00,179991,Academy of Cosmetology Inc,https://www.academycosmetology.com,academycosmetology
0743556163232071680,2025-08-13T19:46:43.9204278+00:00,179195,Salem College of Hairstyling,https://www.centralandsalemcolleges.com,centralandsalemcolleges
0743556163492118528,2025-08-13T19:46:43.9820411+00:00,182704,Empire Beauty School-Laconia,https://www.empirebeautyschools.com,empirebeautyschools
0743556163756359680,2025-08-13T19:46:44.0451175+00:00,182722,Empire Beauty School-Somersworth,https://www.empirebeautyschools.com,empirebeautyschools-somersworth
0743556164016406528,2025-08-13T19:46:44.1071331+00:00,177603,Summit Salon Academy Kansas City,https://www.summitsalonacademykc.com,summitsalonacademykc
0743556164272259072,2025-08-13T19:46:44.1681164+00:00,183035,New Hampshire Institute for Therapeutic Arts,https://www.nhita.com,nhita
0743556164544888832,2025-08-13T19:46:44.2335152+00:00,181880,Academy of Hair Design-Las Vegas,https://www.ahdvegas.com,ahdvegas
0743556164804935680,2025-08-13T19:46:44.2959210+00:00,175722,Academy of Hair Design-Grenada,https://www.academyofhair.com/grenada-campus,academyofhair
0743556165073371136,2025-08-13T19:46:44.3592387+00:00,183983,Adult and Continuing Education-BCTS,https://www.bergen.org/site/Default.aspx?PageID=4343,bergen-hackensack
0743556165329223680,2025-08-13T19:46:44.4205064+00:00,183725,Fortis Institute-Wayne,https://www.fortis.edu,fortis-wayne
0743556165597659136,2025-08-13T19:46:44.4847254+00:00,183202,Paul Mitchell the School-Portsmouth,https://paulmitchell.edu/portsmouth,paulmitchell-portsmouth
0743556165878677504,2025-08-13T19:46:44.5511292+00:00,184056,Lincoln Technical Institute-Iselin,https://www.lincolntech.edu/campus/edison-nj,lincolntech-iselin
0743556166130335744,2025-08-13T19:46:44.6116774+00:00,184506,Empire Beauty School-Union,https://www.empire.edu,empire-union
0743556166390382592,2025-08-13T19:46:44.6731155+00:00,180063,Butte Academy of Beauty Culture,https://butteacademyofbeauty.ipage.com,ipage
0743556166646235136,2025-08-13T19:46:44.7343929+00:00,185767,Robert Fiance Beauty Schools-West New York,https://www.robertfiance.edu,robertfiance
0743556166902087680,2025-08-13T19:46:44.7953473+00:00,185970,P B Cosmetology Education Center,https://www.pbbeautyschool.com,pbbeautyschool
0743556167170523136,2025-08-13T19:46:44.8596415+00:00,184816,Empire Beauty School-Cherry Hill,https://www.empire.edu,empire-cherry-hill
0743556167430569984,2025-08-13T19:46:44.9212318+00:00,186016,Parisian Beauty School,https://paulmitchell.edu/hackensack,paulmitchell-hackensack
0743556167694811136,2025-08-13T19:46:44.9840223+00:00,187505,Olympian Academy of Cosmetology,https://olympianacademy.edu,olympianacademy
0743556167963246592,2025-08-13T19:46:45.0482768+00:00,186274,Robert Fiance Beauty Schools,https://www.robertfiance.edu,robertfiance-boynton-beach
0743556168219099136,2025-08-13T19:46:45.1095172+00:00,182892,Keene Beauty Academy,https://www.keenebeautyacademy.edu,keenebeautyacademy
0743556168474951680,2025-08-13T19:46:45.1706090+00:00,188650,Allen School-Brooklyn,https://www.allenschool.edu,allenschool
0743556168995045376,2025-08-13T19:46:45.2949593+00:00,189255,Berkowits School of Electrolysis,https://estheticsschoolny.com,estheticsschoolny
0743556169263480832,2025-08-13T19:46:45.3584027+00:00,184746,Hohokus School of Trade and Technical Sciences,https://www.hohokus.edu,hohokus
0743556169519333376,2025-08-13T19:46:45.4190355+00:00,185466,Rizzieri Aveda School for Beauty and Wellness,https://www.rizzierischools.com,rizzierischools
0743556169779380224,2025-08-13T19:46:45.4811017+00:00,189468,Brittany Beauty Academy,https://brittanyacademy.edu,brittanyacademy
0743556170047815680,2025-08-13T19:46:45.5450238+00:00,189219,Berk Trade and Business School,https://www.berktradeschool.com,berktradeschool
0743556170316251136,2025-08-13T19:46:45.6091226+00:00,186593,Shore Beauty School,https://www.shorebeautyschool.edu,shorebeautyschool
0743556170576297984,2025-08-13T19:46:45.6717051+00:00,188890,Apex Technical School,https://www.apexschool.com,apexschool
0743556170848927744,2025-08-13T19:46:45.7365168+00:00,185396,Lincoln Technical Institute-Union,https://www.lincolntech.edu/campus/union-nj,lincolntech-union
0743556171104780288,2025-08-13T19:46:45.7970186+00:00,188289,Vogue College of Cosmetology-Santa Fe,https://vogue.edu,vogue
0743556171373215744,2025-08-13T19:46:45.8617422+00:00,191311,Gemological Institute of America-New York,https://www.gia.edu/gem-education,gia-new-york
0743556171637456896,2025-08-13T19:46:45.9246056+00:00,190239,Empire Beauty School-Queens,https://www.empire.edu,empire-astoria
0743556171889115136,2025-08-13T19:46:45.9846631+00:00,189990,"Christine Valmy International School for Esthetics, Skin Care & Makeup",https://www.christinevalmy.com,christinevalmy
0743556172153356288,2025-08-13T19:46:46.0478797+00:00,189404,Brittany Beauty Academy,https://brittanyacademy.edu,brittanyacademy-brooklyn
0743556172400820224,2025-08-13T19:46:46.1060658+00:00,192800,Marion S Whelan School of Nursing of Geneva General Hospital,https://www.mswspn.com,mswspn
0743556172656672768,2025-08-13T19:46:46.1674589+00:00,192484,Long Island Beauty School-Hempstead,https://www.libs.edu,libs
0743556172711198720,2025-08-13T19:46:46.1803916+00:00,182999,New England School of Hair Design,,nehsd-westlebanon
0743556172929302528,2025-08-13T19:46:46.2329721+00:00,191940,Isabella Graham Hart School of Practical Nursing,https://www.rochesterregional.org/for-healthcare-professionals/residency-training-programs/igh-school-of-practical-nursing,rochesterregional
0743556173197737984,2025-08-13T19:46:46.2964030+00:00,193991,Empire Beauty School-Peekskill,https://www.empire.edu,empire-peekskill
0743556173445201920,2025-08-13T19:46:46.3556144+00:00,194435,Continental School of Beauty Culture-West Seneca,https://continentalschoolofbeauty.edu,continentalschoolofbeauty
0743556173705248768,2025-08-13T19:46:46.4178514+00:00,193265,Modern Welding School,https://modernwelding.com,modernwelding
0743556173973684224,2025-08-13T19:46:46.4816564+00:00,189477,American Beauty School,https://www.americanbeautyschool.edu,americanbeautyschool
0743556174237925376,2025-08-13T19:46:46.5445992+00:00,199005,Mitchells Academy,https://www.mitchells.edu,mitchells
0743556174502166528,2025-08-13T19:46:46.6075480+00:00,197337,Westchester School of Beauty Culture,https://westchesterschoolofbeautycultureny.com,westchesterschoolofbeautycultureny
0743556174766407680,2025-08-13T19:46:46.6702345+00:00,198844,Leons Beauty School Inc,https://www.leonsbeauty.com,leonsbeauty
0743556175022260224,2025-08-13T19:46:46.7310295+00:00,185174,Joe Kubert School of Cartoon and Graphic Art,https://kubertschool.edu,kubertschool
0743556175286501376,2025-08-13T19:46:46.7948396+00:00,199980,Winston Salem Barber School,https://www.wsbarberschool.com,wsbarberschool
0743556175550742528,2025-08-13T19:46:46.8578135+00:00,194259,Otsego Area BOCES-Practical Nursing Program,https://www.oncboces.org,oncboces
0743556175802400768,2025-08-13T19:46:46.9178918+00:00,201131,Ashtabula County Technical and Career Campus,https://www.atech.edu,atech
0743556176054059008,2025-08-13T19:46:46.9775613+00:00,201496,Butler Technology and Career Development Schools,https://www.butlertech.org,butlertech
0743556176301522944,2025-08-13T19:46:47.0364591+00:00,201478,Buckeye Hills Career Center,https://www.buckeyehills.net,buckeyehills
0743556176565764096,2025-08-13T19:46:47.0998855+00:00,199078,College of Wilmington,https://www.collegeofwilmington.edu,collegeofwilmington
0743556176830005248,2025-08-13T19:46:47.1623844+00:00,201034,Apollo Career Center,https://www.apollocareercenter.com/adult-education,apollocareercenter
0743556177098440704,2025-08-13T19:46:47.2261110+00:00,201539,Canton City Schools Adult Career and Technical Education,https://www.ccsdistrict.org/site/default.aspx?PageID=189,ccsdistrict
0743556177362681856,2025-08-13T19:46:47.2897274+00:00,189714,Capri Cosmetology Learning Centers,https://caprinow.edu,caprinow
0743556177618534400,2025-08-13T19:46:47.3508814+00:00,202888,Gerbers Akron Beauty School,https://akronbeautyschool.com,akronbeautyschool
0743556177882775552,2025-08-13T19:46:47.4137592+00:00,201681,Central School of Practical Nursing,https://www.cspnohio.edu,cspnohio
0743556178142822400,2025-08-13T19:46:47.4756670+00:00,202152,Columbiana County Career and Technical Center,https://www.ccctc.k12.oh.us,oh
0743556178415452160,2025-08-13T19:46:47.5407385+00:00,199689,Paul Mitchell the School-Fayetteville,https://paulmitchell.edu/fayetteville,paulmitchell-fayetteville
0743556178667110400,2025-08-13T19:46:47.6007166+00:00,201159,Auburn Career Center,https://www.auburncc.org,auburncc
0743556178943934464,2025-08-13T19:46:47.6662527+00:00,202657,EHOVE Career Center,https://www.ehove.net,ehove
0743556179212369920,2025-08-13T19:46:47.7305207+00:00,202985,Hannah E Mullins School of Practical Nursing,https://hemspn.edu,hemspn
0743556179468222464,2025-08-13T19:46:47.7910058+00:00,200110,"Josef's School of Hair, Skin & Body-Grand Forks",https://www.josefsschoolofhairdesign.com,josefsschoolofhairdesign
0743556179719880704,2025-08-13T19:46:47.8512180+00:00,203030,Adult and Community Education-Hudson,https://www.ccsoh.us/site/Default.aspx?PageID=334,ccsoh
0743556179988316160,2025-08-13T19:46:47.9153475+00:00,190318,Continental School of Beauty Culture-Rochester,https://continentalschoolofbeauty.edu,continentalschoolofbeauty-rochester
0743556180244168704,2025-08-13T19:46:47.9764784+00:00,203146,Hobart Institute of Welding Technology,https://www.welding.org,welding
0743556180508409856,2025-08-13T19:46:48.0391065+00:00,204963,Paramount Beauty Academy,https://www.paramountbeautyacademy.com,paramountbeautyacademy
0743556180755873792,2025-08-13T19:46:48.0987199+00:00,204334,National Beauty College,https://www.nationalbc.com,nationalbc
0743556181024309248,2025-08-13T19:46:48.1627331+00:00,203942,Medina County Career Center,https://mcjvs.edu,mcjvs
0743556181284356096,2025-08-13T19:46:48.2243970+00:00,204981,Cuyahoga Valley Career Center,https://www.cvccworks.edu,cvccworks
0743556181552791552,2025-08-13T19:46:48.2880428+00:00,201803,Choffin Career  and Technical Center,https://www.choffinctcadulted.com,choffinctcadulted
0743556181821227008,2025-08-13T19:46:48.3521858+00:00,195067,Empire Beauty School-Manhattan,https://www.empire.edu,empire-new-york
0743556182072885248,2025-08-13T19:46:48.4129268+00:00,202949,Great Oaks Career Campuses,https://www.greatoaks.com,greatoaks
0743556182328737792,2025-08-13T19:46:48.4732464+00:00,206181,Tri-Rivers Career Center,https://www.tririvers.com,tririvers
0743556182584590336,2025-08-13T19:46:48.5343983+00:00,204158,Miami Valley Career Technology Center,https://www.mvctc.com/ae,mvctc
0743556182836248576,2025-08-13T19:46:48.5940481+00:00,207087,Formations Institute,https://www.formationsinstitute.edu,formationsinstitute
0743556183100489728,2025-08-13T19:46:48.6570623+00:00,207704,Jenks Beauty College,https://jenksbeautycollege.edu,jenksbeautycollege
0743556183356342272,2025-08-13T19:46:48.7185899+00:00,204431,Northern Institute of Cosmetology,https://www.nicosmetology.com,nicosmetology
0743556183612194816,2025-08-13T19:46:48.7798614+00:00,207102,Eves College of Hairstyling,https://www.eliteacademyok.com,eliteacademyok
0743556183872241664,2025-08-13T19:46:48.8417099+00:00,201098,Ashland County-West Holmes Career Center,https://www.acwhcc.org,acwhcc
0743556184128094208,2025-08-13T19:46:48.9024344+00:00,206321,Upper Valley Career Center,https://www.uppervalleycc.org/o/adult-division,uppervalleycc
0743556184388141056,2025-08-13T19:46:48.9646120+00:00,207786,Southern School of Beauty Inc,https://www.southernschoolbeauty.com,southernschoolbeauty
0743556184652382208,2025-08-13T19:46:49.0278760+00:00,208044,Formations Institute of Cosmetology & Barbering,https://formationsinstitute.edu,formationsinstitute-woodward
0743556184912429056,2025-08-13T19:46:49.0897462+00:00,206039,Tiffin Academy of Hair Design,https://tiffinacademy.com,tiffinacademy
0743556185172475904,2025-08-13T19:46:49.1517676+00:00,206905,Pontotoc Technology Center,https://www.pontotoctech.edu,pontotoctech
0743556185453494272,2025-08-13T19:46:49.2180608+00:00,211334,Butler Beauty Academy,https://beautyacademies.net,beautyacademies
0743556185709346816,2025-08-13T19:46:49.2794967+00:00,210784,The Beauty Institute-Ambler,https://ambler.thebeautyinstituteskp.edu,thebeautyinstituteskp
0743556185977782272,2025-08-13T19:46:49.3431596+00:00,212267,Empire Beauty School-York,https://www.empire.edu,empire-york
0743556186242023424,2025-08-13T19:46:49.4068552+00:00,212230,Empire Beauty School-Lebanon,https://www.empire.edu,empire-lebanon
0743556186497875968,2025-08-13T19:46:49.4670592+00:00,212276,Empire Beauty School-Lancaster,https://www.empire.edu,empire-lancaster
0743556186762117120,2025-08-13T19:46:49.5301709+00:00,212294,Empire Beauty School-Shamokin Dam,https://www.empire.edu,empire-shamokin-dam
0743556187009581056,2025-08-13T19:46:49.5895516+00:00,210748,Altoona Beauty School Inc,https://www.altoonabeautyschool.com,altoonabeautyschool
0743556187269627904,2025-08-13T19:46:49.6513032+00:00,211316,Bucks County School of Beauty Culture Inc,https://www.bcsbc.edu,bcsbc
0743556187542257664,2025-08-13T19:46:49.7164159+00:00,210711,The  Beauty Institute,https://www.thebeautyinstituteskp.edu,thebeautyinstituteskp-whitehall
0743556187798110208,2025-08-13T19:46:49.7777867+00:00,212337,Empire Beauty School-Gwinnett,https://www.empire.edu,empire-lawrenceville
0743556188058157056,2025-08-13T19:46:49.8397729+00:00,203234,Ross Medical Education Center-Cincinnati,https://rosseducation.edu,rosseducation-cincinnati
0743556188309815296,2025-08-13T19:46:49.8999757+00:00,212753,Empire Beauty School-NE Philadelphia,https://www.empire.edu,empire-philadelphia
0743556188574056448,2025-08-13T19:46:49.9627599+00:00,212391,Empire Beauty School-Reading,https://www.empire.edu,empire-reading
0743556188834103296,2025-08-13T19:46:50.0248217+00:00,213455,Lancaster School of Cosmetology & Therapeutic Bodywork,https://lancasterschoolofcosmetology.com,lancasterschoolofcosmetology
0743556189106733056,2025-08-13T19:46:50.0898862+00:00,208053,High Plains Technology Center,https://www.hptc.edu,hptc
0743556189358391296,2025-08-13T19:46:50.1495452+00:00,212382,Empire Beauty School-Harrisburg,https://www.empire.edu,empire-harrisburg
0743556189618438144,2025-08-13T19:46:50.2116742+00:00,208637,East West College of the Healing Arts,https://www.eastwestcollege.edu,eastwestcollege
0743556189903650816,2025-08-13T19:46:50.2795800+00:00,212355,Empire Beauty School-Wyoming Valley,https://www.empire.edu,empire-moosic
0743556190151114752,2025-08-13T19:46:50.3384568+00:00,214528,Orleans Technical College,https://www.orleanstech.edu,orleanstech
0743556190411161600,2025-08-13T19:46:50.4008751+00:00,206172,Tri-County Adult Career Center,https://www.tricountyhightech.com,tricountyhightech
0743556190683791360,2025-08-13T19:46:50.4656694+00:00,215044,Cortiva Institute,https://www.cortiva.edu,cortiva-king-of-prussia
0743556190935449600,2025-08-13T19:46:50.5253423+00:00,215983,Sharon Regional School of Nursing,https://www.sharonregionalmedical.org/school-nursing-sharon,sharonregionalmedical
0743556191199690752,2025-08-13T19:46:50.5882811+00:00,212328,Empire Beauty  School-Lehigh Valley,https://www.empire.edu,empire-whitehall
0743556191447154688,2025-08-13T19:46:50.6477887+00:00,216074,South Hills Beauty Academy,https://www.shnhbeauty.com,shnhbeauty
0743556191703007232,2025-08-13T19:46:50.7089826+00:00,213491,Lansdale School of Cosmetology Inc,https://www.lansdalecosmetology.com,lansdalecosmetology
0743556191971442688,2025-08-13T19:46:50.7727971+00:00,215886,Schuylkill Technology Center,https://www.stcenters.org,stcenters
0743556192231489536,2025-08-13T19:46:50.8344384+00:00,214476,Heritage Valley Health System School of Nursing,https://www.heritagevalley.org,heritagevalley
0743556192504119296,2025-08-13T19:46:50.8995420+00:00,212300,Empire Beauty School-Pottsville,https://www.empire.edu,empire-pottsville
0743556192751583232,2025-08-13T19:46:50.9581351+00:00,216746,Welder Training and Testing Institute,https://www.wtti.edu,wtti
0743556193011630080,2025-08-13T19:46:51.0200448+00:00,216162,St Lukes Hospital School of Nursing,https://www.slhn.org/bethlehem,slhn
0743556193275871232,2025-08-13T19:46:51.0833422+00:00,217323,New England Tractor Trailer Training School of Rhode Island,https://nettts.com,nettts-pawtucket
0743556193548500992,2025-08-13T19:46:51.1489942+00:00,217581,Empire Beauty School-Warwick,https://www.empire.edu,empire-providence
0743556193787576320,2025-08-13T19:46:51.2052276+00:00,216579,Venus Beauty Academy,https://www.venusbeautyacademy.com,venusbeautyacademy
0743556194056011776,2025-08-13T19:46:51.2693694+00:00,217794,Charleston Cosmetology Institute,https://www.charlestoncosmetology.com,charlestoncosmetology
0743556194328641536,2025-08-13T19:46:51.3346890+00:00,219125,Paul Mitchell the School-Rapid City,https://paulmitchell.edu/rapidcity,paulmitchell-rapid-city
0743556194584494080,2025-08-13T19:46:51.3957043+00:00,216223,The Beauty Institute,https://www.thebeautyinstituteskp.edu,thebeautyinstituteskp-stroudsburg
0743556194840346624,2025-08-13T19:46:51.4564035+00:00,215530,The Salon Professional Academy-Altoona,https://www.tspaaltoona.com,tspaaltoona
0743556195104587776,2025-08-13T19:46:51.5192194+00:00,219851,Austin's Beauty College Inc,https://www.austinbeautycollege.com,austinbeautycollege
0743556195368828928,2025-08-13T19:46:51.5824739+00:00,218195,Kenneth Shuler School of Cosmetology and Nails-Columbia,https://www.kennethshuler.com,kennethshuler
0743556195633070080,2025-08-13T19:46:51.6455422+00:00,220765,Genesis Career College-Cookeville,https://www.genesiscareer.edu,genesiscareer-cookeville
0743556195901505536,2025-08-13T19:46:51.7094420+00:00,220491,Paul Mitchell the School-Murfreesboro,https://www.paulmitchelltheschool.com,paulmitchelltheschool
0743556196140580864,2025-08-13T19:46:51.7660203+00:00,223056,Baldwin Beauty School-South Austin,https://baldwinbeautyschools.com,baldwinbeautyschools
0743556196404822016,2025-08-13T19:46:51.8296732+00:00,219587,Arnolds Beauty School,https://arnoldsbeautyschool.com,arnoldsbeautyschool
0743556196664868864,2025-08-13T19:46:51.8910178+00:00,219037,The Salon Professional Academy,https://www.tsparapidcity.com,tsparapidcity
0743556196920721408,2025-08-13T19:46:51.9529974+00:00,220163,The Hair Academy LLC,https://www.thehairacademy.net,thehairacademy
0743556197189156864,2025-08-13T19:46:52.0163349+00:00,224013,BK Cosmo College of Cosmetology,https://www.bkcosmo.com,bkcosmo
0743556197457592320,2025-08-13T19:46:52.0808504+00:00,224156,Paul Mitchell the School-Dallas,https://paulmitchell.edu/dallas,paulmitchell-carrollton
0743556197713444864,2025-08-13T19:46:52.1418373+00:00,217828,Charzanne Beauty College,https://charzannebeautycollege.com,charzannebeautycollege
0743556197973491712,2025-08-13T19:46:52.2034682+00:00,223852,Charles and Sues School of Hair Design,https://www.charlesandsues.com,charlesandsues
0743556198237732864,2025-08-13T19:46:52.2665472+00:00,215336,Beaver Falls Beauty Academy,https://bfbeauty.com,bfbeauty
0743556198506168320,2025-08-13T19:46:52.3309290+00:00,221829,Tennessee School of Beauty of Knoxville Inc,https://www.tennesseeschoolofbeauty.edu,tennesseeschoolofbeauty
0743556198766215168,2025-08-13T19:46:52.3922312+00:00,225043,Graham's Barber College,https://grahamsbarbercollege.com,grahamsbarbercollege
0743556199026262016,2025-08-13T19:46:52.4548901+00:00,226125,Laredo Beauty College Inc,https://www.laredobeautycollege.net,laredobeautycollege
0743556199307280384,2025-08-13T19:46:52.5210021+00:00,213330,Butler Beauty Academy-Kittanning Beauty Academy,https://beautyacademies.net,beautyacademies-kittanning
0743556199567327232,2025-08-13T19:46:52.5831022+00:00,219453,Stewart School,https://www.stewartschool.com,stewartschool
0743556199831568384,2025-08-13T19:46:52.6462522+00:00,227313,Ogle School Hair Skin Nails-Arlington,https://ogleschool.edu,ogleschool
0743556200087420928,2025-08-13T19:46:52.7071997+00:00,224828,Fort Worth Beauty School,https://www.fortworthbeautyschoolinc.com,fortworthbeautyschoolinc
0743556200330690560,2025-08-13T19:46:52.7652659+00:00,227298,Ocean Corporation,https://www.oceancorp.com,oceancorp
0743556200607514624,2025-08-13T19:46:52.8315362+00:00,226860,William Edge Institute,https://williamedgeinstitute.com,williamedgeinstitute
0743556200859172864,2025-08-13T19:46:52.8911545+00:00,228088,Seguin Beauty School-Seguin,https://seguinbeautyschool.net,seguinbeautyschool
0743556201123414016,2025-08-13T19:46:52.9548541+00:00,218159,Kenneth Shuler School of Cosmetology-North Augusta,https://www.kennethshuler.com,kennethshuler-north-augusta
0743556201375072256,2025-08-13T19:46:53.0140135+00:00,229425,UCAS University of Cosmetology Arts & Sciences-McAllen,https://www.ucastx.com,ucastx
0743556201626730496,2025-08-13T19:46:53.0748638+00:00,227058,Tint School of Makeup & Cosmetology,https://tintcosmetologyschools.com,tintcosmetologyschools
0743556201890971648,2025-08-13T19:46:53.1370504+00:00,229656,Vogue College of Cosmetology-McAllen,https://vogue.edu,vogue-mcallen
0743556202142629888,2025-08-13T19:46:53.1974432+00:00,228185,South Texas Barber College Inc,https://www.southtexasbarbercollege.net,southtexasbarbercollege
0743556202440425472,2025-08-13T19:46:53.2687135+00:00,227322,Ogle School Hair Skin Nails-Ft Worth,https://www.ogleschool.edu,ogleschool-fort-worth
0743556202654334976,2025-08-13T19:46:53.3199180+00:00,228282,Southwest School of Business and Technical Careers-San Antonio,https://www.sws.edu,sws
0743556202914381824,2025-08-13T19:46:53.3818320+00:00,230144,Collectiv Academy,https://www.collectivacademy.com,collectivacademy
0743556203174428672,2025-08-13T19:46:53.4439703+00:00,228200,South Texas Vocational Technical Institute-Weslaco,https://www.stvt.edu,stvt
0743556203442864128,2025-08-13T19:46:53.5073722+00:00,230162,Davis Technical College,https://www.davistech.edu,davistech
0743556203702910976,2025-08-13T19:46:53.5697053+00:00,224758,Exposito School of Hair Design,https://expositoschoolofhair.com,expositoschoolofhair
0743556203975540736,2025-08-13T19:46:53.6343378+00:00,230010,Bridgerland Technical College,https://www.btech.edu,btech
0743556204218810368,2025-08-13T19:46:53.6921883+00:00,231688,Central School of Practical Nursing,https://www.npsk12.com/domain/980,npsk12
0743556204478857216,2025-08-13T19:46:53.7542006+00:00,233286,Sylvain Melloul International Hair Academy,https://smiha.edu,smiha
0743556204738904064,2025-08-13T19:46:53.8165531+00:00,231004,O'Briens Aveda Institute,https://www.obriensavedainstitute.org,obriensavedainstitute
0743556204994756608,2025-08-13T19:46:53.8778524+00:00,229522,Victoria Beauty & Barber College,https://www.victoriabeautyandbarbercollege.com,victoriabeautyandbarbercollege
0743556205258997760,2025-08-13T19:46:53.9408768+00:00,228219,Miller-Motte College-STVT-McAllen,https://www.stvt.edu,stvt-mcallen
0743556205510656000,2025-08-13T19:46:54.0003373+00:00,232919,Tidewater Tech-Trades,https://tidewatertechtrades.edu,tidewatertechtrades
0743556205766508544,2025-08-13T19:46:54.0618251+00:00,234119,Asher Institute of Hampton,https://www.aiofhampton.edu,aiofhampton
0743556206018166784,2025-08-13T19:46:54.1217452+00:00,230676,Uintah Basin Technical College,https://www.ubtech.edu,ubtech
0743556206278213632,2025-08-13T19:46:54.1835456+00:00,230065,Cameo College of Essential Beauty,https://www.cameocollege.com,cameocollege
0743556206538260480,2025-08-13T19:46:54.2451468+00:00,234924,Paul Mitchell the School-Richland,https://paulmitchell.edu/richland,paulmitchell-richland
0743556206785724416,2025-08-13T19:46:54.3041906+00:00,235501,International Air and Hospitality Academy,https://aha.edu,aha
0743556207041576960,2025-08-13T19:46:54.3658626+00:00,237127,Appalachian Beauty School,https://appalachianbeautyschool.com,appalachianbeautyschool
0743556207297429504,2025-08-13T19:46:54.4266708+00:00,237145,B M Spurr School of Practical Nursing,https://wvumedicine.org/reynolds-memorial,wvumedicine-glen-dale
0743556207553282048,2025-08-13T19:46:54.4877302+00:00,231280,Paul Mitchell the School-Roanoke,https://paulmitchell.edu/roanoke,paulmitchell-roanoke
0743556207804940288,2025-08-13T19:46:54.5476774+00:00,233666,Staunton School of Cosmetology,https://hairstylingschool.com,hairstylingschool
0743556208060792832,2025-08-13T19:46:54.6089014+00:00,230490,Ogden-Weber Technical College,https://www.otech.edu,otech
0743556208325033984,2025-08-13T19:46:54.6715578+00:00,237473,James Rumsey Technical Institute,https://www.jamesrumsey.com,jamesrumsey
0743556208580886528,2025-08-13T19:46:54.7324553+00:00,235088,Divers Institute of Technology,https://www.diversinstitute.edu,diversinstitute
0743556208840933376,2025-08-13T19:46:54.7942322+00:00,237242,Cabell County Career Technology Center,https://www.cabellschools.com/Domain/12,cabellschools
0743556209096785920,2025-08-13T19:46:54.8550919+00:00,237172,Ben Franklin Career Center,https://bf.kana.k12.wv.us,wv
0743556209369415680,2025-08-13T19:46:54.9201045+00:00,239877,State College of Beauty Culture Inc,https://www.statecollegeofbeauty.com,statecollegeofbeauty
0743556209621073920,2025-08-13T19:46:54.9808774+00:00,236018,BJ's Beauty & Barber College,https://www.bjsbeautyandbarbercollege.com,bjsbeautyandbarbercollege
0743556209876926464,2025-08-13T19:46:55.0418301+00:00,235307,Glen Dow Academy of Hair Design,https://www.glendow.com,glendow
0743556210124390400,2025-08-13T19:46:55.1005015+00:00,237729,Academy of Careers and Technology,https://www.wvact.net,wvact
0743556210388631552,2025-08-13T19:46:55.1633129+00:00,237561,Monongalia County Technical Education Center,https://mtec.mono.k12.wv.us,wv-morgantown
0743556210636095488,2025-08-13T19:46:55.2227605+00:00,241906,Emma's Beauty Academy-Mayaguez,https://www.emmasbeautyacademy.net,emmasbeautyacademy
0743556210896142336,2025-08-13T19:46:55.2840687+00:00,242954,Modern Hairstyling Institute-Arecibo,https://www.modern.edu,modern
0743556211156189184,2025-08-13T19:46:55.3469714+00:00,243799,Blue Hills Regional Technical School,https://www.bluehills.org/practical-nursing/overview,bluehills
0743556211412041728,2025-08-13T19:46:55.4076478+00:00,244613,ETI School of Skilled Trades,https://www.eticampus.edu,eticampus
0743556211676282880,2025-08-13T19:46:55.4705541+00:00,245281,Traxlers School of Hair,https://traxlerschoolofhair.com,traxlerschoolofhair
0743556211932135424,2025-08-13T19:46:55.5311775+00:00,236744,Stylemaster College of Hair Design,https://stylemasters.edu,stylemasters
0743556212200570880,2025-08-13T19:46:55.5954995+00:00,230214,Paul Mitchell the School-Salt Lake City,https://paulmitchell.edu/saltlakecity,paulmitchell-holladay
0743556212443840512,2025-08-13T19:46:55.6532945+00:00,245999,Francis Tuttle Technology Center,https://www.francistuttle.edu,francistuttle
0743556212695498752,2025-08-13T19:46:55.7139783+00:00,246017,Central Technology Center,https://www.centraltech.edu,centraltech
0743556212959739904,2025-08-13T19:46:55.7761441+00:00,246035,Carrington College-Portland,https://carrington.edu,carrington-portland
0743556213207203840,2025-08-13T19:46:55.8355334+00:00,245980,Ponca City Beauty College,https://www.poncacity-beautycollege.com,poncacity-beautycollege
0743556213471444992,2025-08-13T19:46:55.8989317+00:00,246071,Career Technology Center of Lackawanna County,https://www.ctclc.edu/Domain/138,ctclc
0743556213723103232,2025-08-13T19:46:55.9587429+00:00,237491,Ralph R Willis Career and Technical Center,https://www.rrw.logancountyschoolswv.com,logancountyschoolswv
0743556213991538688,2025-08-13T19:46:56.0221778+00:00,246895,GateWay Community College-Central City,https://www.gatewaycc.edu/about-gateway/central-city-campus,gatewaycc-phoenix
0743556214243196928,2025-08-13T19:46:56.0826715+00:00,247010,Headmasters School of Hair Design,https://headmasters.edu,headmasters
0743556214507438080,2025-08-13T19:46:56.1454982+00:00,242945,Modern Hairstyling Institute-Bayamon,https://www.modern.edu,modern-bayamon
0743556214759096320,2025-08-13T19:46:56.2055448+00:00,240879,Institute of Beauty Careers,https://www.ibcbelleza.com,ibcbelleza
0743556215040114688,2025-08-13T19:46:56.2726499+00:00,247409,Ross Medical Education Center-Saginaw,https://rosseducation.edu,rosseducation-saginaw
0743556215283384320,2025-08-13T19:46:56.3303200+00:00,246415,UCAS University of Cosmetology Arts & Sciences-San Antonio 410,https://www.ucastx.com,ucastx-san-antonio
0743556215530848256,2025-08-13T19:46:56.3899683+00:00,247047,The Salon Professional Academy-Nampa,https://www.tspanampa.com,tspanampa
0743556215795089408,2025-08-13T19:46:56.4521509+00:00,248192,Allure Beauty College,https://www.allurebeautycollege.com,allurebeautycollege
0743556216063524864,2025-08-13T19:46:56.5168448+00:00,235352,Toni & Guy Hairdressing Academy-Shoreline,https://www.evergreenbeauty.edu,evergreenbeauty
0743556216323571712,2025-08-13T19:46:56.5785204+00:00,246460,Central Texas Beauty College-Round Rock,https://www.centraltexasbeautycollege.com,centraltexasbeautycollege
0743556216587812864,2025-08-13T19:46:56.6411161+00:00,248633,Franklin County Career and Technology Center,https://www.franklincountylpn.org,franklincountylpn
0743556216843665408,2025-08-13T19:46:56.7024484+00:00,249061,Ms Roberts Academy of Beauty Culture,https://www.msroberts-academy.com,msroberts-academy
0743556217103712256,2025-08-13T19:46:56.7641175+00:00,240709,Cheeks Beauty Academy,https://www.cheeksusa.com,cheeksusa
0743556217363759104,2025-08-13T19:46:56.8268833+00:00,247153,Dorsey College-Wayne,https://www.dorsey.edu,dorsey-wayne
0743556217619611648,2025-08-13T19:46:56.8873429+00:00,250993,Red River Technology Center,https://www.rrtc.edu,rrtc
0743556217892241408,2025-08-13T19:46:56.9521487+00:00,260363,Greene County Career and Technology Center,https://www.greenectc.org,greenectc
0743556218143899648,2025-08-13T19:46:57.0129572+00:00,260336,Clinton Technical School,https://clintoncardinals.org,clintoncardinals
0743556218408140800,2025-08-13T19:46:57.0754921+00:00,248703,Ogle School Hair Skin Nails-Hurst,https://www.ogleschool.edu,ogleschool-hurst
0743556218680770560,2025-08-13T19:46:57.1404446+00:00,260664,Diesel Driving Academy-Shreveport,https://www.dda.edu,dda
0743556218940817408,2025-08-13T19:46:57.2022202+00:00,248660,Paul Mitchell the School-Knoxville,https://knoxville.paulmitchell.edu,paulmitchell-knoxville
0743556219205058560,2025-08-13T19:46:57.2650760+00:00,261719,Dorsey School of Beauty,https://www.dorsey.edu/dsbt/taylor-campus,dorsey-taylor
0743556219456716800,2025-08-13T19:46:57.3252105+00:00,260965,Educators of Beauty College of Cosmetology-Rockford,https://www.educatorsofbeauty.com,educatorsofbeauty-rockford
0743556219712569344,2025-08-13T19:46:57.3862730+00:00,261773,Pike-Lincoln Technical Center,https://pltc.edu,pltc
0743556219972616192,2025-08-13T19:46:57.4486344+00:00,262341,Conservatory of Recording Arts and Sciences,https://www.cras.edu,cras
0743556220245245952,2025-08-13T19:46:57.5135887+00:00,249238,Paul Mitchell the School-Houston,https://paulmitchell.edu/houston,paulmitchell-houston
0743556220505292800,2025-08-13T19:46:57.5754124+00:00,260929,Paul Mitchell the School-Boise,https://paulmitchell.edu/boise,paulmitchell-boise
0743556220761145344,2025-08-13T19:46:57.6365863+00:00,248624,Fayette County Career & Technical Institute Practical Nursing Program,https://www.fayettecti.org,fayettecti
0743556221029580800,2025-08-13T19:46:57.7000134+00:00,362700,Aveda Institute-Fort Myers,https://www.beaveda.com,beaveda
0743556221298016256,2025-08-13T19:46:57.7641128+00:00,363013,Ross Medical Education Center-Port Huron,https://rosseducation.edu,rosseducation-port-huron
0743556221558063104,2025-08-13T19:46:57.8263279+00:00,248527,Cloyd's Beauty School 3 Inc,https://cloydsbeautyschools.edu,cloydsbeautyschools-monroe
0743556221826498560,2025-08-13T19:46:57.8900747+00:00,261685,Ross Medical Education Center-Ann Arbor,https://rosseducation.edu,rosseducation-ann-arbor
0743556222082351104,2025-08-13T19:46:57.9515693+00:00,364636,Portage Lakes Career Center,https://www.plcc.edu,plcc
0743556222346592256,2025-08-13T19:46:58.0147417+00:00,238096,Wood County Technical Center-Practical Nursing,https://www.woodcountyschoolswv.com/o/wctc/page/practical-nursing,woodcountyschoolswv
0743556222610833408,2025-08-13T19:46:58.0771616+00:00,262466,Dr. Ida Rolf Institute,https://rolf.org,rolf
0743556222883463168,2025-08-13T19:46:58.1423967+00:00,261676,Ross Medical Education Center-Brighton,https://rosseducation.edu,rosseducation-brighton
0743556223135121408,2025-08-13T19:46:58.2028653+00:00,364964,"Center for Instruction, Technology & Innovation",https://www.citiboces.org/domain/14,citiboces
0743556223403556864,2025-08-13T19:46:58.2660282+00:00,363679,Grabber School of Hair Design,https://grabberschool.edu,grabberschool
0743556223663603712,2025-08-13T19:46:58.3282356+00:00,364760,Bell Mar Beauty College,https://www.bellmar.edu,bellmar
0743556223927844864,2025-08-13T19:46:58.3919901+00:00,364627,Pioneer Technology Center,https://pioneertech.edu,pioneertech
0743556224192086016,2025-08-13T19:46:58.4546185+00:00,364946,Caddo Kiowa Technology Center,https://cktc.edu,cktc
0743556224464715776,2025-08-13T19:46:58.5195579+00:00,262369,Adrian's Beauty College of Turlock,https://www.adrians.edu,adrians-turlock
0743556224720568320,2025-08-13T19:46:58.5805372+00:00,365240,Greene County Career Center,https://www.greeneccc.com,greeneccc
0743556224984809472,2025-08-13T19:46:58.6435811+00:00,365198,Southern Oklahoma Technology Center,https://www.sotech.edu,sotech
0743556225261633536,2025-08-13T19:46:58.7093226+00:00,365505,Waynesville Career Center,https://www.waynesville.k12.mo.us/Domain/9,mo-waynesville
0743556225517486080,2025-08-13T19:46:58.7705764+00:00,365763,Morris County Vocational School District,https://www.mcvts.org,mcvts
0743556225777532928,2025-08-13T19:46:58.8320483+00:00,364548,Great Plains Technology Center,https://www.greatplains.edu,greatplains
0743556226033385472,2025-08-13T19:46:58.8935114+00:00,365125,Palomar Institute of Cosmetology,https://pic.edu,pic
0743556226301820928,2025-08-13T19:46:58.9575088+00:00,367051,Hairmasters Institute of Cosmetology,https://www.hair-masters.com,hair-masters
0743556226578644992,2025-08-13T19:46:59.0233725+00:00,367158,Ross Medical Education Center-Taylor,https://rosseducation.edu,rosseducation-taylor
0743556226817720320,2025-08-13T19:46:59.0802686+00:00,365091,International School of Skin Nailcare & Massage Therapy,https://issnmtschool.com,issnmtschool
0743556227081961472,2025-08-13T19:46:59.1434113+00:00,362782,Elizabeth Grady School of Esthetics and Massage Therapy,https://elizabethgrady.edu,elizabethgrady
0743556227342008320,2025-08-13T19:46:59.2053065+00:00,365833,Ross Medical Education Center-Kentwood,https://rosseducation.edu,rosseducation-kentwood
0743556227602055168,2025-08-13T19:46:59.2676908+00:00,366632,Mercer County Career Center,https://www.mercerccc.org,mercerccc
0743556227870490624,2025-08-13T19:46:59.3317679+00:00,368230,Empire Beauty School-Bloomfield,https://www.empire.edu,empire-bloomfield
0743556228130537472,2025-08-13T19:46:59.3937132+00:00,367981,Hair Professionals Career College,https://hairpros.edu,hairpros-palos-hills
0743556228390584320,2025-08-13T19:46:59.4557482+00:00,368407,Western Area Career & Technology Center,https://www.wactc.net,wactc
0743556228654825472,2025-08-13T19:46:59.5186877+00:00,365824,Ross Medical Education Center-Roosevelt Park,https://rosseducation.edu,rosseducation-roosevelt-park
0743556228910678016,2025-08-13T19:46:59.5796202+00:00,367972,Capital Area Career Center,https://caccspringfield.org,caccspringfield
0743556229174919168,2025-08-13T19:46:59.6424182+00:00,366155,Cloyd's Barber School 2 Inc,https://cloydsbarberschool.edu,cloydsbarberschool
0743556229460131840,2025-08-13T19:46:59.7106622+00:00,367088,Tricoci University of Beauty Culture LLC-Bloomington,https://www.tricociuniversity.edu,tricociuniversity-bloomington
0743556229715984384,2025-08-13T19:46:59.7714452+00:00,368832,Thanh Le College School of Cosmetology,https://www.thanhlecollege.org,thanhlecollege
0743556229976031232,2025-08-13T19:46:59.8338511+00:00,365383,Wilkes-Barre Area Career and Technical Center Practical Nursing,https://www.wbpracnsg.com,wbpracnsg
0743556230244466688,2025-08-13T19:46:59.8970771+00:00,368647,Mineral County Vocational Technical Center,https://www.boe.mine.k12.wv.us/o/mctc,wv-keyser
0743556230504513536,2025-08-13T19:46:59.9595868+00:00,368364,Southwest Technology Center,https://www.swtech.edu,swtech
0743556230772948992,2025-08-13T19:47:00.0239846+00:00,369783,PCI Health Training Center,https://www.pcihealth.edu,pcihealth
0743556231012024320,2025-08-13T19:47:00.0805856+00:00,371052,Fortis College,https://www.fortis.edu,fortis-mobile
0743556231263682560,2025-08-13T19:47:00.1407183+00:00,371964,National Career Education,https://nce.edu,nce
0743556231527923712,2025-08-13T19:47:00.2037283+00:00,366623,Northwest Technology Center-Alva,https://nwtech.edu,nwtech
0743556231796359168,2025-08-13T19:47:00.2676423+00:00,372028,North-West College-Glendale,https://www.nw.edu,nw-glendale
0743556232064794624,2025-08-13T19:47:00.3314296+00:00,372356,Avalon Institute-Aurora,https://avalon.edu/aurora-co,avalon-aurora
0743556232316452864,2025-08-13T19:47:00.3914786+00:00,372082,Pomona Unified School District Adult and Career Education,https://ace.pusd.org,pusd
0743556232580694016,2025-08-13T19:47:00.4545511+00:00,369950,Hamrick School,https://www.hamrickschool.edu,hamrickschool
0743556232844935168,2025-08-13T19:47:00.5172608+00:00,367431,Butler Beauty Academy-New Castle Beauty Academy,https://beautyacademies.net,beautyacademies-new-castle
0743556233104982016,2025-08-13T19:47:00.5792745+00:00,368771,Hypnosis Motivation Institute,https://hypnosis.edu,hypnosis
0743556233365028864,2025-08-13T19:47:00.6415998+00:00,373526,Diesel Driving Academy-Baton Rouge,https://www.dda.edu,dda-baton-rouge
0743556233625075712,2025-08-13T19:47:00.7036521+00:00,371830,CRU Institute of Cosmetology and Barbering,https://www.cruinstitute.com,cruinstitute
0743556233885122560,2025-08-13T19:47:00.7653840+00:00,372240,Universal College of Beauty Inc-Los Angeles 2,https://www.universalcollegeofbeauty.com,universalcollegeofbeauty
0743556234140975104,2025-08-13T19:47:00.8269697+00:00,373678,New England Hair Academy,https://www.newenglandhairacademy.com,newenglandhairacademy
0743556234409410560,2025-08-13T19:47:00.8900577+00:00,373216,Pivot Point Academy,https://www.pivotpoint.edu,pivotpoint
0743556234677846016,2025-08-13T19:47:00.9549305+00:00,373696,Rob Roy Academy-Worcester,https://www.rob-roy.com,rob-roy-worcester
0743556234937892864,2025-08-13T19:47:01.0167956+00:00,373711,Upper Cape Cod Regional Technical School,https://www.uctpracticalnursing.com,uctpracticalnursing
0743556235197939712,2025-08-13T19:47:01.0784397+00:00,373456,Blalock's Professional Beauty College,https://blalockbeauty.com,blalockbeauty
0743556235466375168,2025-08-13T19:47:01.1426131+00:00,369446,Rosel School of Cosmetology,https://www.roselschool.org,roselschool
0743556235718033408,2025-08-13T19:47:01.2027374+00:00,375540,Toledo Academy of Beauty Culture-East,https://toledoacademyofbeauty.com,toledoacademyofbeauty
0743556235982274560,2025-08-13T19:47:01.2656309+00:00,372462,Academy of Cosmetology,https://academyofcosmetology.edu,academyofcosmetology
0743556236250710016,2025-08-13T19:47:01.3296308+00:00,369686,Northwest Educational Center,https://nwec.edu,nwec
0743556236519145472,2025-08-13T19:47:01.3935455+00:00,374592,MCVSD,https://www.mcvsd.org,mcvsd
0743556236783386624,2025-08-13T19:47:01.4561396+00:00,375373,Knox County Career Center,https://www.knoxtechnicalcenter.com,knoxtechnicalcenter
0743556237043433472,2025-08-13T19:47:01.5183286+00:00,375656,Chisholm Trail Technology Center,https://www.cttc.edu,cttc
0743556237303480320,2025-08-13T19:47:01.5804446+00:00,375568,Brown & Clermont Adult Career Campuses,https://www.bccareer.org,bccareer
0743556237567721472,2025-08-13T19:47:01.6432285+00:00,376242,Colegio Mayor de Tecnologia Inc,https://www.cmtarroyo.com,cmtarroyo
0743556237836156928,2025-08-13T19:47:01.7076031+00:00,374343,KC's School of Hair Design,https://www.kcsschoolofhair.com,kcsschoolofhair
0743556238356250624,2025-08-13T19:47:01.8315891+00:00,375966,Eastern Center for Arts and Technology,https://www.eastech.org,eastech
0743556238624686080,2025-08-13T19:47:01.8957642+00:00,373784,All-State Career-Baltimore,https://www.allstatecareer.edu,allstatecareer-baltimore
0743556238880538624,2025-08-13T19:47:01.9562386+00:00,376631,Mr Wayne's School of Unisex Hair Design,https://www.misterwaynes.com,misterwaynes
0743556239140585472,2025-08-13T19:47:02.0189949+00:00,376330,Liceo de Arte-Dise-O y Comercio,https://www.liceocaguas.com,liceocaguas
0743556239404826624,2025-08-13T19:47:02.0815078+00:00,374574,Lincoln Technical Institute-Moorestown,https://www.lincolntech.edu/campus/moorestown-nj,lincolntech-moorestown
0743556239673262080,2025-08-13T19:47:02.1450310+00:00,375726,Kiamichi Technology Center-McAlester,https://www.ktc.edu,ktc
0743556239937503232,2025-08-13T19:47:02.2085183+00:00,376446,Academy of Hair Technology,https://www.hairchamps.com,hairchamps
0743556240193355776,2025-08-13T19:47:02.2692743+00:00,377315,Texas College of Cosmetology-Abilene,https://www.texascollegecosmetology.com,texascollegecosmetology
0743556240453402624,2025-08-13T19:47:02.3310214+00:00,377272,Nuvani Institute,https://www.nuvani.edu,nuvani
0743556240709255168,2025-08-13T19:47:02.3924120+00:00,378886,Artistic Nails and Beauty Academy-Tampa,https://www.artistic.edu,artistic
0743556240977690624,2025-08-13T19:47:02.4566173+00:00,374316,Academy of Hair Design-Jackson,https://mississippibarberacademy.com,mississippibarberacademy
0743556241090936832,2025-08-13T19:47:02.4833498+00:00,375984,Empire Beauty School-Center City Philadelphia,https://www.empire.edu,empirebeauty-ccity-pa
0743556241237737472,2025-08-13T19:47:02.5189160+00:00,377281,Nuvani Institute,https://www.nuvani.edu,nuvani-eagle-pass
0743556241493590016,2025-08-13T19:47:02.5798645+00:00,377759,Capstone College,https://www.capstonecollege.edu,capstonecollege
0743556241757831168,2025-08-13T19:47:02.6427538+00:00,377449,Centura College-Newport News,https://www.centuracollege.edu/campuses/newport-news,centuracollege-newport-news
0743556242013683712,2025-08-13T19:47:02.7039238+00:00,380067,Houston Training School-Main Campus,https://houstontrainingschools.net,houstontrainingschools
0743556242290507776,2025-08-13T19:47:02.7698488+00:00,376677,Queen City College,https://queencitycollege.com,queencitycollege
0743556242546360320,2025-08-13T19:47:02.8309261+00:00,381325,CET-Santa Maria,https://www.cetweb.edu,cetweb-santa-maria
0743556242802212864,2025-08-13T19:47:02.8916686+00:00,379621,Madison Oneida BOCES-Practical Nursing Program,https://www.moboces.org/programs_services/adulted/health_occupations,moboces
0743556243062259712,2025-08-13T19:47:02.9538318+00:00,381370,Michigan College of Beauty-Troy,https://michigancollegeofbeautytroy.com,michigancollegeofbeautytroy
0743556243225837568,2025-08-13T19:47:02.9922130+00:00,492722,The College of Health Care Professions-South San Antonio,https://chcp.edu,chcp-ssa-tx
0743556243326500864,2025-08-13T19:47:03.0164883+00:00,381486,Faust Institute of Cosmetology-Spirit Lake,https://www.faustinstitute.com,faustinstitute
0743556243590742016,2025-08-13T19:47:03.0794985+00:00,381699,Cheeks Beauty Academy,https://cheeksusa.com,cheeksusa-loveland
0743556243859177472,2025-08-13T19:47:03.1435648+00:00,381404,Ogle School Hair Skin Nails-Dallas,https://www.ogleschool.edu,ogleschool-dallas
0743556244110835712,2025-08-13T19:47:03.2036165+00:00,377485,Virginia Beach City Public Schools School of Practical Nursing,https://techcenter.vbschools.com/school/programs-of-study/licensed-practical-nursing,vbschools
0743556244375076864,2025-08-13T19:47:03.2667592+00:00,381255,CET-Coachella,https://cetweb.edu,cetweb-coachella
0743556244639318016,2025-08-13T19:47:03.3292120+00:00,381732,Colorado School of Healing Arts,https://www.csha.net,csha
0743556244899364864,2025-08-13T19:47:03.3910383+00:00,382258,Mt. Diablo Adult Education-Mt. Diablo USD,https://mdae.mdusd.org,mdusd
0743556245163606016,2025-08-13T19:47:03.4541786+00:00,383163,La Belle Beauty Academy,https://www.labellebeauty.net,labellebeauty-miami
0743556245419458560,2025-08-13T19:47:03.5156012+00:00,383084,Hacienda La Puente Adult Education,https://www.hlpae.com,hlpae
0743556245943746560,2025-08-13T19:47:03.6402064+00:00,383279,Robert Fiance Beauty Schools-North Plainfield,https://www.robertfiance.edu,robertfiance-north-plainfield
0743556246203793408,2025-08-13T19:47:03.7021590+00:00,383367,Greater Altoona Career & Technology Center,https://www.gactc.edu,gactc
0743556246463840256,2025-08-13T19:47:03.7648944+00:00,383464,Central Texas Beauty College-Temple,https://www.centraltexasbeautycollege.com,centraltexasbeautycollege-temple
0743556246723887104,2025-08-13T19:47:03.8266483+00:00,383312,Buckeye Joint Vocational School,https://www.buckeyecareercenter.org,buckeyecareercenter
0743556246992322560,2025-08-13T19:47:03.8908656+00:00,382461,Academy of Hair Design-Pearl,https://www.academyofhair.com,academyofhair-pearl
0743556247252369408,2025-08-13T19:47:03.9526034+00:00,383525,Erie 2 Chautauqua Cattaraugus BOCES-Practical Nursing Program,https://www.e2ccb.org,e2ccb
0743556247512416256,2025-08-13T19:47:04.0143302+00:00,385132,The Salon Professional Academy-Melbourne,https://www.tspamelbourne.com,tspamelbourne
0743556247785046016,2025-08-13T19:47:04.0790647+00:00,384236,UEI College-Ontario,https://www.uei.edu,uei-ontario
0743556248036704256,2025-08-13T19:47:04.1394786+00:00,387925,Cortiva Institute,https://www.cortiva.edu,cortiva-pompano-beach
0743556248305139712,2025-08-13T19:47:04.2030239+00:00,382780,Genesis Career College-Lebanon,https://www.genesiscareer.edu,genesiscareer-lebanon
0743556248565186560,2025-08-13T19:47:04.2654480+00:00,391005,P&A Scholars Beauty School,https://www.pandascholars.com,pandascholars
0743556248825233408,2025-08-13T19:47:04.3278977+00:00,376288,Institucion Chaviano de Mayaguez,https://www.mitpr.edu,mitpr
0743556248888147968,2025-08-13T19:47:04.3423127+00:00,377193,UCAS University of Cosmetology Arts & Sciences,https://www.ucastx.com,ucas-cosmetology-sa
0743556249102057472,2025-08-13T19:47:04.3933507+00:00,384245,UEI College-Reseda,https://www.uei.edu,uei-reseda
0743556249353715712,2025-08-13T19:47:04.4531285+00:00,389860,Mid-EastCTC-Adult Education,https://adulted.mideastctc.org,mideastctc
0743556249617956864,2025-08-13T19:47:04.5167549+00:00,391759,Sharp's Academy of Hairstyling,https://www.sharpsacademyofhairstyling.com,sharpsacademyofhairstyling
0743556249898975232,2025-08-13T19:47:04.5834228+00:00,383297,Long Island Beauty School-Hauppauge,https://www.libs.edu,libs-hauppauge
0743556250150633472,2025-08-13T19:47:04.6438203+00:00,390905,Polaris Career Center,https://www.polaris.edu,polaris
0743556250419068928,2025-08-13T19:47:04.7073702+00:00,397942,UEI College-Fresno,https://www.uei.edu,uei-fresno
0743556250653949952,2025-08-13T19:47:04.7634870+00:00,393861,Asian-American International Beauty College,https://www.aabeautycollege.com,aabeautycollege
0743556250926579712,2025-08-13T19:47:04.8280149+00:00,381282,CET-Oxnard,https://cetweb.edu,cetweb-oxnard
0743556251178237952,2025-08-13T19:47:04.8888428+00:00,400187,Advance Beauty College,https://www.advancebeautycollege.com,advancebeautycollege
0743556251459256320,2025-08-13T19:47:04.9553676+00:00,383765,Empire Beauty School-Brooklyn,https://www.empire.edu,empire-brooklyn
0743556251715108864,2025-08-13T19:47:05.0169957+00:00,404684,Emma's Beauty Academy-Juana Diaz,https://www.ebajuanadiaz.com,ebajuanadiaz
0743556251975155712,2025-08-13T19:47:05.0788864+00:00,383330,Sandusky Career Center,https://www.sanduskycareercenter.org,sanduskycareercenter
0743556252226813952,2025-08-13T19:47:05.1383027+00:00,406149,Sarasota School of Massage Therapy,https://www.sarasotaschoolofmassagetherapy.edu,sarasotaschoolofmassagetherapy
0743556252499443712,2025-08-13T19:47:05.2030907+00:00,406325,Schuyler Steuben Chemung Tioga Allegany BOCES,https://www.gstboces.org/page/adult-education,gstboces
0743556252759490560,2025-08-13T19:47:05.2658384+00:00,402800,Tri-State Cosmetology Institute,https://tristatecosmetology.com,tristatecosmetology
0743556253027926016,2025-08-13T19:47:05.3292507+00:00,401764,John Amico School of Hair Design,https://www.johnamicoschoolofhairdesign.com,johnamicoschoolofhairdesign
0743556253287972864,2025-08-13T19:47:05.3913917+00:00,406361,Delaware Chenango Madison Otsego BOCES-Practical Nursing Program,https://www.dcmoboces.com,dcmoboces
0743556253548019712,2025-08-13T19:47:05.4533224+00:00,404718,Brillare Beauty Institute,https://www.brillarebeautyinstitute.edu,brillarebeautyinstitute
0743556253816455168,2025-08-13T19:47:05.5171804+00:00,407179,Empire Beauty School-Malden,https://www.empire.edu,empire-malden
0743556254068113408,2025-08-13T19:47:05.5779497+00:00,407090,G Skin & Beauty Institute,https://www.gskinbeautyinstitute.edu,gskinbeautyinstitute-oakbrook
0743556254340743168,2025-08-13T19:47:05.6420665+00:00,406422,Central Susquehanna Intermediate Unit LPN Career,https://www.csiu.org/lpn,csiu
0743556254600790016,2025-08-13T19:47:05.7043601+00:00,407142,Cosmetology Training Center,https://cosmetlafayettela.com,cosmetlafayettela
0743556254873419776,2025-08-13T19:47:05.7697777+00:00,407489,Mahoning County Career and Technical Center,https://mahoningctc.com/adult,mahoningctc
0743556255125078016,2025-08-13T19:47:05.8298630+00:00,400080,Summit College,https://www.summitcollege.edu,summitcollege
0743556255389319168,2025-08-13T19:47:05.8924106+00:00,407151,Stage One-The Hair School,https://www.stageoneinc.com,stageoneinc
0743556255666143232,2025-08-13T19:47:05.9584961+00:00,402563,Delta College Inc,https://www.deltacollege.com,deltacollege-covington
0743556255917801472,2025-08-13T19:47:06.0187819+00:00,407513,Pickaway Ross Joint Vocational School District,https://www.pickawayross.com,pickawayross
0743556256198819840,2025-08-13T19:47:06.0857831+00:00,407522,Pioneer Career and Technology Center,https://www.pctc.k12.oh.us,oh-shelby
0743556256446283776,2025-08-13T19:47:06.1446427+00:00,395690,Diversified Vocational College,https://www.dvcla.edu,dvcla
0743556256718913536,2025-08-13T19:47:06.2095983+00:00,407434,Orlo School of Hair Design and Cosmetology,https://www.theorloschool.com,theorloschool
0743556256995737600,2025-08-13T19:47:06.2751959+00:00,407708,KaiStar,https://paulmitchell.edu/federalway,paulmitchell-federal-way
0743556257259978752,2025-08-13T19:47:06.3386593+00:00,407470,Empire Beauty School-Cincinnati,https://www.empire.edu,empire-cincinnati
0743556257515831296,2025-08-13T19:47:06.3999602+00:00,382416,Greater Lowell Technical School,https://www.gltech.org,gltech
0743556257780072448,2025-08-13T19:47:06.4629955+00:00,407735,Empire Beauty School-Green Bay,https://www.empire.edu,empire-ashwaubenon
0743556258044313600,2025-08-13T19:47:06.5257889+00:00,408066,Paul Mitchell the School-Wichita,https://paulmitchell.edu/wichita,paulmitchell-wichita
0743556258295971840,2025-08-13T19:47:06.5853646+00:00,406486,Myotherapy Massage College,https://myotherapycollege.com,myotherapycollege
0743556258556018688,2025-08-13T19:47:06.6477642+00:00,407832,Warren County Career Center,https://www.mywccc.org,mywccc
0743556258832842752,2025-08-13T19:47:06.7138780+00:00,407595,Trumbull Career & Technical Center,https://www.tctchome.com/o/tctcae,tctchome
0743556259097083904,2025-08-13T19:47:06.7760092+00:00,407461,Eastland-Fairfield Career and Technical Schools,https://www.eastlandfairfield.com,eastlandfairfield
0743556259365519360,2025-08-13T19:47:06.8408329+00:00,407577,Scioto County Career Technical Center,https://www.sciototech.org,sciototech
0743556259629760512,2025-08-13T19:47:06.9039138+00:00,407683,UCAS University of Cosmetology Arts & Sciences-Harlingen,https://www.ucastx.com,ucastx-harlingen
0743556259885613056,2025-08-13T19:47:06.9643096+00:00,408163,Pinnacle Institute of Cosmetology,https://pinnacleinstitute.edu,pinnacleinstitute
0743556260149854208,2025-08-13T19:47:07.0276689+00:00,408862,Georgia Institute of Cosmetology,https://gic.edu,gic
0743556260414095360,2025-08-13T19:47:07.0902887+00:00,409537,Pike County Joint Vocational School District,https://www.pikectc.org,pikectc
0743556260669947904,2025-08-13T19:47:07.1518594+00:00,411684,Marian Health Careers Center-Los Angeles Campus,https://www.mariancollege.edu,mariancollege
0743556260938383360,2025-08-13T19:47:07.2150746+00:00,409032,Nouvelle Institute,https://nouvelleinstitute.com,nouvelleinstitute
0743556261190041600,2025-08-13T19:47:07.2759323+00:00,409591,Lorain County Joint Vocational School District,https://www.lcjvs.com/loraincountyadultcareercenter_home.aspx,lcjvs
0743556261450088448,2025-08-13T19:47:07.3379795+00:00,413176,Fayette Institute of Technology,https://fit.faye.tec.wv.us,wv-oak-hill
0743556261701746688,2025-08-13T19:47:07.3972036+00:00,409193,Professional Technical Institution,https://www.ptipr.edu,ptipr
0743556261953404928,2025-08-13T19:47:07.4578136+00:00,414063,Artistic Academy of Hair Design,https://www.artisticacademy.com,artisticacademy
0743556262221840384,2025-08-13T19:47:07.5215928+00:00,412535,Shawsheen Valley School of Practical Nursing,https://www.shawsheenpracticalnursing.com,shawsheenpracticalnursing
0743556262486081536,2025-08-13T19:47:07.5846880+00:00,414124,Motoring Technical Training Institute,https://www.mtti.edu,mtti
0743556262750322688,2025-08-13T19:47:07.6470311+00:00,409120,Franklin Technology Center Adult Education,https://www.franklintechnologycenter.com,franklintechnologycenter
0743556263010369536,2025-08-13T19:47:07.7097240+00:00,410964,EINE Inc,https://electrologyinstitute.com,electrologyinstitute
0743556263278804992,2025-08-13T19:47:07.7730413+00:00,414540,Jean Madeline Aveda Institute,https://jeanmadeline.edu,jeanmadeline
0743556263568211968,2025-08-13T19:47:07.8422756+00:00,413893,United Education Institute-Morrow,https://www.uei.edu,uei-morrow
0743556263815675904,2025-08-13T19:47:07.9018814+00:00,413972,Mitchells Academy,https://www.mitchells.edu,mitchells-raleigh
0743556264079917056,2025-08-13T19:47:07.9646144+00:00,415039,Empire Beauty School-Hanover,https://www.empire.edu,empire-hanover
0743556264344158208,2025-08-13T19:47:08.0277955+00:00,414869,Tricoci University of Beauty Culture-Indianapolis,https://www.tricociuniversity.edu,tricociuniversity-indianapolis
0743556264608399360,2025-08-13T19:47:08.0902299+00:00,417008,Paul Mitchell the School-Huntsville,https://paulmitchell.edu/huntsville,paulmitchell-madison
0743556264843280384,2025-08-13T19:47:08.1464196+00:00,417062,Estes Institute of Cosmetology Arts and Science,https://www.estescosmetology.com,estescosmetology
0743556265111715840,2025-08-13T19:47:08.2105498+00:00,417442,Career Center of Southern Illinois,https://www.gotoccsi.org,gotoccsi
0743556265380151296,2025-08-13T19:47:08.2740120+00:00,410797,Ohio Media School-Valley View,https://www.beonair.com,beonair-valley-view
0743556265631809536,2025-08-13T19:47:08.3346059+00:00,412544,Shear Ego International School of Hair Design,https://www.shearegoschool.com,shearegoschool
0743556265896050688,2025-08-13T19:47:08.3979322+00:00,414489,Baldwin Beauty School-North Austin,https://baldwinbeautyschools.com,baldwinbeautyschools-austin
0743556266160291840,2025-08-13T19:47:08.4609063+00:00,413820,Yukon Beauty College Inc,https://www.yukonbeautycollege.com,yukonbeautycollege
0743556266428727296,2025-08-13T19:47:08.5240273+00:00,417637,Southern Missouri Technical Institute,https://www.zizzers.org,zizzers
0743556266680385536,2025-08-13T19:47:08.5843862+00:00,417682,Cass Career Center,https://casscareercenter.com,casscareercenter
0743556266944626688,2025-08-13T19:47:08.6478645+00:00,417646,Saline County Career Center,https://www.marshallschools.com/o/career-center,marshallschools
0743556267217256448,2025-08-13T19:47:08.7122507+00:00,417628,Kirksville Area Technical Center,https://www.kirksville.k12.mo.us/o/katc,mo-kirksville
0743556267473108992,2025-08-13T19:47:08.7731037+00:00,417600,Hastings Beauty School,https://hastingsbeautyschool.com,hastingsbeautyschool
0743556267733155840,2025-08-13T19:47:08.8359663+00:00,417123,Ventura Adult and Continuing Education,https://www.adultedventura.edu,adultedventura
0743556267993202688,2025-08-13T19:47:08.8979541+00:00,417503,Crave Beauty Academy,https://www.cravebeautyacademy.com,cravebeautyacademy
0743556268253249536,2025-08-13T19:47:08.9598783+00:00,417840,Prism Career Institute-Philadelphia,https://prismcareerinstitute.edu,prismcareerinstitute
0743556268517490688,2025-08-13T19:47:09.0221017+00:00,417716,Applied Technology Services,https://www.appliedtech-stl.com,appliedtech-stl
0743556268785926144,2025-08-13T19:47:09.0863164+00:00,415987,Allen School-Jamaica,https://www.allenschool.edu,allenschool-jamaica
0743556269041778688,2025-08-13T19:47:09.1470647+00:00,415057,Industrial Management Training Institute,https://imti.edu,imti
0743556269297631232,2025-08-13T19:47:09.2088278+00:00,417886,Jefferson Lewis BOCES-Practical Nursing Program,https://www.boces.com,boces
0743556269553483776,2025-08-13T19:47:09.2691525+00:00,417831,Union County Vocational Technical School,https://www.ucvts.tec.nj.us/domain/11,nj
0743556269817724928,2025-08-13T19:47:09.3325723+00:00,417910,Veeb Nassau County School of Practical Nursing,https://www.veebpnprogram.org,veebpnprogram
0743556270077771776,2025-08-13T19:47:09.3945793+00:00,417655,Warrensburg Area Career Center,https://wacc.warrensburgr6.org,warrensburgr6
0743556270342012928,2025-08-13T19:47:09.4571886+00:00,418001,Wayne Finger Lakes BOCES-Practical Nursing Program,https://www.wflboces.org,wflboces
0743556270602059776,2025-08-13T19:47:09.5196140+00:00,418029,Washington Saratoga Warren Hamilton Essex BOCES-Practical Nursing Program,https://www.wswheboces.org,wswheboces
0743556270866300928,2025-08-13T19:47:09.5826418+00:00,418083,Rockland County BOCES-Practical Nursing Program,https://www.rocklandboces.org/programs-for-students/adult-education/practical-nursing,rocklandboces
0743556271130542080,2025-08-13T19:47:09.6452532+00:00,418199,Penta County Joint Vocational School,https://www.pentacareercenter.org,pentacareercenter
0743556271390588928,2025-08-13T19:47:09.7074020+00:00,417868,Clinton Essex Warren Washington BOCES,https://www.cves.org,cves
0743556271654830080,2025-08-13T19:47:09.7700249+00:00,418171,Charles Stuart School of Diamond Setting,https://charlesstuartschool.com.,com-brooklyn
0743556271906488320,2025-08-13T19:47:09.8309435+00:00,418010,Broome Delaware Tioga BOCES-Practical Nursing Program,https://www.btboces.org,btboces
0743556272179118080,2025-08-13T19:47:09.8951722+00:00,418205,Career and Technology Education Centers of Licking County,https://c-tec.edu/o/ctec/page/ps,c-tec
0743556272447553536,2025-08-13T19:47:09.9594503+00:00,417725,Central College of Cosmetology,https://centralandsalemcolleges.com,centralandsalemcolleges-saint-robert
0743556272703406080,2025-08-13T19:47:10.0207388+00:00,418250,Washington County Career Center-Adult Technical Training,https://www.thecareercenter.net,thecareercenter
0743556272971841536,2025-08-13T19:47:10.0840794+00:00,417983,Cattaraugus Allegany BOCES-Practical Nursing Program,https://www.caboces.org,caboces
0743556273227694080,2025-08-13T19:47:10.1452712+00:00,418065,Eastern Suffolk BOCES,https://adulteducation.esboces.org/programs-services/eastern-suffolk-school-of-practical-nursing/nursing,esboces
0743556273491935232,2025-08-13T19:47:10.2082765+00:00,418320,Mid-America Technology Center,https://www.matech.edu,matech
0743556273751982080,2025-08-13T19:47:10.2704244+00:00,418038,Albany BOCES-Adult Practical Nursing Program,https://www.capitalregionboces.org/adult-education/classes-programs,capitalregionboces
0743556274020417536,2025-08-13T19:47:10.3340971+00:00,418348,Eastern Oklahoma County Technology Center,https://www.eoctech.edu,eoctech
0743556274284658688,2025-08-13T19:47:10.3976099+00:00,418302,Western Technology Center,https://www.westtech.edu,westtech
0743556274553094144,2025-08-13T19:47:10.4612749+00:00,418269,Ohio Media School-Cincinnati,https://www.beonair.com,beonair-norwood
0743556274804752384,2025-08-13T19:47:10.5219648+00:00,417105,Baldwin Park Adult & Community Education,https://bpace.bpusd.net,bpusd
0743556275073187840,2025-08-13T19:47:10.5856762+00:00,417992,Orange Ulster BOCES-Practical Nursing Program,https://www.ouboces.org,ouboces
0743556275333234688,2025-08-13T19:47:10.6473912+00:00,418515,Lenape Technical School Practical Nursing Program,https://www.lenapepnp.net,lenapepnp
0743556275597475840,2025-08-13T19:47:10.7109180+00:00,418223,Northern Career Institute,https://ncioh.edu,ncioh
0743556275865911296,2025-08-13T19:47:10.7749893+00:00,418542,Lebanon County Area Vocational Technical School,https://www.lcctc.edu,lcctc
0743556276125958144,2025-08-13T19:47:10.8367713+00:00,418524,Venango County Area Vocational Technical School,https://www.vtc1.org,vtc1
0743556276386004992,2025-08-13T19:47:10.8982432+00:00,418357,Wes Watkins Technology Center,https://www.wwtech.org,wwtech
0743556276650246144,2025-08-13T19:47:10.9610849+00:00,418658,All-State Career School-Pittsburgh,https://www.allstatecareer.edu,allstatecareer-west-mifflin
0743556276906098688,2025-08-13T19:47:11.0224549+00:00,418427,Chester County Intermediate Unit,https://www.chestercountynursing.org,chestercountynursing
0743556277170339840,2025-08-13T19:47:11.0856328+00:00,418409,York County School of Technology-Adult & Continuing Education,https://www.educationthatpays.com,educationthatpays
0743556277430386688,2025-08-13T19:47:11.1471839+00:00,418588,Northern Tier Career Center,https://www.ntccschool.org,ntccschool
0743556277698822144,2025-08-13T19:47:11.2112337+00:00,418481,Mifflin County Academy of Science and Technology,https://www.academynursing.com,academynursing
0743556277958868992,2025-08-13T19:47:11.2737869+00:00,418612,Hazleton Area Career Center,https://www.hasdk12.org,hasdk12
0743556278218915840,2025-08-13T19:47:11.3354728+00:00,418773,D'Mart Institute,https://www.dmartpr.com,dmartpr
0743556278474768384,2025-08-13T19:47:11.3963302+00:00,418782,Automeca Technical College-Aguadilla,https://www.automeca.com,automeca
0743556278734815232,2025-08-13T19:47:11.4587343+00:00,418454,Greater Johnstown Career and Technology Center,https://www.gjctc.org,gjctc
0743556279003250688,2025-08-13T19:47:11.5221168+00:00,418913,Pipo Academy of Hair Design,https://www.pipoacademy.com,pipoacademy
0743556279259103232,2025-08-13T19:47:11.5838537+00:00,418278,Vantage Career Center,https://www.vantagecareercenter.com,vantagecareercenter
0743556279523344384,2025-08-13T19:47:11.6464966+00:00,419095,Charles H McCann Technical School,https://www.mccanntech.org,mccanntech
0743556279787585536,2025-08-13T19:47:11.7097132+00:00,419235,Rivertown School of Beauty Barber Skin Care and Nails,https://rivertownschoolofbeauty.com,rivertownschoolofbeauty
0743556280056020992,2025-08-13T19:47:11.7733049+00:00,419253,Illinois Media School,https://beonair.com/locations/ohare-il-campus,beonair-chicago
0743556280320262144,2025-08-13T19:47:11.8369107+00:00,418445,Jefferson County Dubois Area Vocational Technical Practical Nursing Program,https://www.jefftech.us,jefftech
0743556280576114688,2025-08-13T19:47:11.8974761+00:00,418560,Indiana County Technology Center,https://www.ictc.edu,ictc
0743556280844550144,2025-08-13T19:47:11.9615993+00:00,419217,HCA Florida Mercy Hospital School of Practical Nursing,https://www.hcafloridahealthcare.com,hcafloridahealthcare
0743556281117179904,2025-08-13T19:47:12.0268749+00:00,418968,Tint School of Makeup and Cosmetology-Dallas,https://tintcosmetologyschools.com,tintcosmetologyschools-grand-prairie
0743556281373032448,2025-08-13T19:47:12.0879405+00:00,419703,Automeca Technical College-Bayamon,https://www.automeca.com,automeca-bayamon
0743556281633079296,2025-08-13T19:47:12.1493131+00:00,419712,Automeca Technical College-Caguas,https://www.automeca.com,automeca-caguas
0743556281876348928,2025-08-13T19:47:12.2074038+00:00,419484,Crawford County Career and Technical Center Practical Nursing Program,https://crawfordctc.org/programs/practical-nursing,crawfordctc
0743556282132201472,2025-08-13T19:47:12.2684721+00:00,419031,United Technical Center,https://unitedtechnicalcenterwv.com,unitedtechnicalcenterwv
0743556282409025536,2025-08-13T19:47:12.3342212+00:00,420130,Prism Career Institute-Cherry Hill,https://prismcareerinstitute.edu,prismcareerinstitute-cherry-hill
0743556282677460992,2025-08-13T19:47:12.3983842+00:00,419633,Texas College of Cosmetology-San Angelo,https://www.texascollegecosmetology.com,texascollegecosmetology-san-angelo
0743556282920730624,2025-08-13T19:47:12.4564620+00:00,420255,Escuela de Peritos Electricistas de Isabela Inc,https://www.escueladeperitospr.com,escueladeperitospr
0743556283184971776,2025-08-13T19:47:12.5195853+00:00,419420,Putnam Career and Technical Center,https://www.pctc.edu,pctc
0743556283445018624,2025-08-13T19:47:12.5814421+00:00,421896,Academia Serrant Inc,https://www.serrant.edu,serrant
0743556283713454080,2025-08-13T19:47:12.6451393+00:00,423412,Mid Cities Barber College,https://midcitiesbarbercollege.edu,midcitiesbarbercollege
0743556283990278144,2025-08-13T19:47:12.7119816+00:00,419721,Automeca Technical College-Ponce,https://www.automeca.com,automeca-ponce
0743556284262907904,2025-08-13T19:47:12.7764333+00:00,421610,Paul Mitchell the School-St. George,https://paulmitchell.edu/stgeorge,paulmitchell-saint-george
0743556284783001600,2025-08-13T19:47:12.9003400+00:00,421717,Vanguard-Sentinel Adult Career and Technology Center,https://www.vscc.k12.oh.us/adult-ed,oh-fremont
0743556285043048448,2025-08-13T19:47:12.9622013+00:00,421771,Academy of Beauty Professionals,https://www.academyofbeautyprofessionals.com,academyofbeautyprofessionals
0743556285311483904,2025-08-13T19:47:13.0261193+00:00,425986,Mildred Elley-Pittsfield Campus,https://www.mildred-elley.edu,mildred-elley-pittsfield
0743556285558947840,2025-08-13T19:47:13.0857757+00:00,427894,CET-Alexandria,https://cetweb.edu,cetweb-alexandria
0743556285818994688,2025-08-13T19:47:13.1475790+00:00,421665,Cadillac Institute of Cosmetology,https://instituteofcos.com,instituteofcos
0743556286087430144,2025-08-13T19:47:13.2117268+00:00,427335,Lia Schorr Institute of Cosmetic Skin Care Training,https://www.liaschorrinstitute.com,liaschorrinstitute
0743556286347476992,2025-08-13T19:47:13.2733551+00:00,430403,Prism Career Institute-West Atlantic City,https://prismcareerinstitute.edu,prismcareerinstitute-west-atlantic-city
0743556286603329536,2025-08-13T19:47:13.3345470+00:00,419280,New Dimensions School of Hair Design,https://newdimensionsschoolofhairdesign.com,newdimensionsschoolofhairdesign
0743556286880153600,2025-08-13T19:47:13.4009847+00:00,427982,Centura College-Richmond Main,https://www.centuracollege.edu/campuses/richmond,centuracollege-north-chesterfield
0743556287136006144,2025-08-13T19:47:13.4618338+00:00,430306,Cayce/Reilly School of Massage,https://www.caycereilly.edu,caycereilly
0743556287404441600,2025-08-13T19:47:13.5251720+00:00,430564,Studio Jewelers,https://www.studiojewelersltd.com,studiojewelersltd
0743556287664488448,2025-08-13T19:47:13.5871998+00:00,431017,Mid-Del Technology Center,https://www.middeltech.com,middeltech
0743556287836454912,2025-08-13T19:47:13.6287718+00:00,418764,Quality Technical and Beauty College,,qualitytech-beauty-pr
0743556287924535296,2025-08-13T19:47:13.6493433+00:00,423397,Advantage Technical College,https://www.adtecpr.com,adtecpr
0743556288188776448,2025-08-13T19:47:13.7128657+00:00,427991,Osceola Technical College,https://osceolaschools.net/otech,osceolaschools
0743556288453017600,2025-08-13T19:47:13.7751216+00:00,430883,Cayuga Onondaga BOCES-Practical Nursing Program,https://www.cayboces.org,cayboces
0743556288721453056,2025-08-13T19:47:13.8395037+00:00,430971,Delaware County Technical School-Practical Nursing Program,https://www.dciu.org/lpn,dciu
0743556288981499904,2025-08-13T19:47:13.9014547+00:00,431123,Escuela Tecnica de Electricidad,https://www.etepr.edu,etepr
0743556289241546752,2025-08-13T19:47:13.9636987+00:00,430582,Praxis Institute,https://www.praxis.edu,praxis
0743556289501593600,2025-08-13T19:47:14.0257339+00:00,431187,Bristol Technical Education Center,https://bristol.cttech.org,cttech-bristol
0743556289761640448,2025-08-13T19:47:14.0873233+00:00,431071,New York Institute of Massage Inc,https://nyinstituteofmassage.com,nyinstituteofmassage
0743556290013298688,2025-08-13T19:47:14.1480008+00:00,430908,Clearfield County Career and Technology Center,https://ccctc.edu,ccctc
0743556290281734144,2025-08-13T19:47:14.2119018+00:00,431196,Genesee Valley BOCES-Practical Nursing Program,https://www.gvboces.org,gvboces
0743556290533392384,2025-08-13T19:47:14.2719782+00:00,428125,John Wesley International Barber and Beauty College,https://www.johnwesleybarberbeauty.com,johnwesleybarberbeauty
0743556290797633536,2025-08-13T19:47:14.3348897+00:00,431284,Graduate America College,https://www.ibc3.edu,ibc3
0743556291070263296,2025-08-13T19:47:14.3990309+00:00,431105,Dutchess BOCES-Practical Nursing Program,https://www.dcboces.org/cti/lpn,dcboces
0743556291330310144,2025-08-13T19:47:14.4615716+00:00,431716,Ocean County Vocational-Technical School,https://www.ocvts.org,ocvts
0743556291602939904,2025-08-13T19:47:14.5262053+00:00,432269,CET-El Paso,https://cetweb.edu,cetweb-el-paso
0743556291854598144,2025-08-13T19:47:14.5860805+00:00,428019,Green Country Technology Center,https://gctcok.edu,gctcok
0743556292118839296,2025-08-13T19:47:14.6493501+00:00,432117,Kenneth Shuler School of Cosmetology-Rock Hill,https://www.kennethshuler.com,kennethshuler-rock-hill
0743556292370497536,2025-08-13T19:47:14.7094260+00:00,431558,Cape Coral Technical College,https://capecoraltech.edu,capecoraltech
0743556292634738688,2025-08-13T19:47:14.7727456+00:00,433040,Monty Tech,https://www.montytech.net,montytech
0743556292890591232,2025-08-13T19:47:14.8336635+00:00,431266,Henrico County-Saint Marys Hospital School of Practical Nursing,https://henricocte.com/career-classes/areas-of-study/practical-nursing,henricocte
0743556293163220992,2025-08-13T19:47:14.8983296+00:00,433101,Lincoln Technical Institute-Lincoln,https://www.lincolntech.edu/campus/lincoln-ri,lincolntech-lincoln
0743556293414879232,2025-08-13T19:47:14.9586374+00:00,433068,Okaloosa Technical College,https://www.otcollege.net,otcollege
0743556293674926080,2025-08-13T19:47:15.0206909+00:00,436030,Hair Academy II,https://hairacademy2.com,hairacademy2
0743556293930778624,2025-08-13T19:47:15.0813346+00:00,434274,Academy of Hair Design-Lufkin,https://www.lufkinhairdesign.com,lufkinhairdesign
0743556294199214080,2025-08-13T19:47:15.1451896+00:00,434496,Strand College of Hair Design,https://www.strandcollege.com,strandcollege
0743556294463455232,2025-08-13T19:47:15.2088369+00:00,433138,Wayne County Schools Career Center,https://www.wayne-jvs.k12.oh.us,oh-smithville
0743556294723502080,2025-08-13T19:47:15.2707467+00:00,434308,Cortiva Institute,https://www.cortiva.edu,cortiva-linthicum
0743556294987743232,2025-08-13T19:47:15.3335633+00:00,436632,Gwinnett College,https://www.gwinnettcollege.edu,gwinnettcollege-raleigh
0743556295239401472,2025-08-13T19:47:15.3939043+00:00,430227,Empire Beauty School-Monroeville,https://www.empire.edu,empire-monroeville
0743556295495254016,2025-08-13T19:47:15.4546383+00:00,434344,Toni & Guy Hairdressing Academy-Worcester,https://worcester.toniguy.edu,toniguy
0743556295755300864,2025-08-13T19:47:15.5164951+00:00,436650,Medical Training College,https://www.mtcbr.com,mtcbr
0743556296011153408,2025-08-13T19:47:15.5777314+00:00,437608,Advanced Barber College and Hair Design,https://abcrgv.com,abcrgv
0743556296271200256,2025-08-13T19:47:15.6393661+00:00,438285,Cortiva Institute,https://www.cortiva.edu,cortiva-maitland
0743556296531247104,2025-08-13T19:47:15.7014168+00:00,434283,Pathway Vocational Academy,https://www.pathwayvocationalacademy.com,pathwayvocationalacademy
0743556296791293952,2025-08-13T19:47:15.7638907+00:00,438674,The Academy of Hair Design Six,https://www.academyofhair.com,academyofhair-hattiesburg
0743556297059729408,2025-08-13T19:47:15.8278217+00:00,437778,Milan Institute-San Antonio Ingram,https://www.milaninstitute.edu,milaninstitute-san-antonio
0743556297323970560,2025-08-13T19:47:15.8902672+00:00,438984,IVAEM College,https://www.ivaempr.com,ivaempr
0743556297588211712,2025-08-13T19:47:15.9533470+00:00,439455,MDT College of Health Sciences,https://www.atsinstitute.edu,atsinstitute
0743556297848258560,2025-08-13T19:47:16.0153639+00:00,436553,Century College,https://www.centurycollege.edu,centurycollege
0743556298112499712,2025-08-13T19:47:16.0786084+00:00,437723,New Community Career & Technical Institute,https://www.newcommunity.org,newcommunity
0743556298385129472,2025-08-13T19:47:16.1431477+00:00,437857,Rudae's School of Beauty Culture-Ft Wayne,https://www.rudaes.edu,rudaes
0743556298645176320,2025-08-13T19:47:16.2059826+00:00,439747,My Le's Beauty College,https://www.mylebeautycollegeinc.com,mylebeautycollegeinc
0743556298917806080,2025-08-13T19:47:16.2708206+00:00,438337,Modern Hairstyling Institute-Carolina,https://www.modern.edu,modern-carolina
0743556299177852928,2025-08-13T19:47:16.3328830+00:00,439473,Bennett Career Institute,https://www.bennettcareerinstitute.org,bennettcareerinstitute
0743556299437899776,2025-08-13T19:47:16.3947862+00:00,439844,Omega Institute of Cosmetology,https://www.omegainstitutes.com,omegainstitutes
0743556299702140928,2025-08-13T19:47:16.4578355+00:00,439774,New Concept Massage and Beauty School,https://www.massagebeautyschool.com,massagebeautyschool
0743556299962187776,2025-08-13T19:47:16.5196534+00:00,436775,Toni & Guy Hairdressing Academy-Plano,https://www.toniguy.edu,toniguy-plano
0743556300218040320,2025-08-13T19:47:16.5806878+00:00,440730,Onondaga Cortland Madison BOCES,https://ocmboces.org,ocmboces
0743556300482281472,2025-08-13T19:47:16.6436314+00:00,440855,Milan Institute-Amarillo,https://www.milaninstitute.edu,milaninstitute-amarillo
0743556300746522624,2025-08-13T19:47:16.7061434+00:00,439668,HDS Truck Driving Institute,https://www.hdstruckdrivinginstitute.com,hdstruckdrivinginstitute
0743556301002375168,2025-08-13T19:47:16.7678733+00:00,439622,Erie 1 BOCES,https://e1b.org/WFD,e1b
0743556301266616320,2025-08-13T19:47:16.8309053+00:00,441256,Design's School of Cosmetology,https://www.designsschool.edu,designsschool
0743556301535051776,2025-08-13T19:47:16.8942819+00:00,431275,Herkimer County BOCES-Practical Nursing Program,https://www.herkimer-boces.org/page/adult-practical-nursing,herkimer-boces
0743556301786710016,2025-08-13T19:47:16.9546540+00:00,434362,Northwest HVAC/R Training Center,https://www.inwhvac.org,inwhvac
0743556302055145472,2025-08-13T19:47:17.0186470+00:00,437556,Midwest Technical Institute-Illinois,https://www.midwesttech.edu,midwesttech
0743556302319386624,2025-08-13T19:47:17.0819354+00:00,440101,Empire Beauty School-Kennesaw,https://www.empire.edu,empire-kennesaw
0743556302583627776,2025-08-13T19:47:17.1441013+00:00,440989,Texas Barber College,https://www.txbarber.edu,txbarber
0743556302852063232,2025-08-13T19:47:17.2085592+00:00,441593,Orleans Niagara BOCES-Practical Nursing Program,https://www.onboces.org,onboces
0743556303107915776,2025-08-13T19:47:17.2697892+00:00,441618,Leon Studio One School of Beauty Knowledge,https://www.leonstudioone.com/school,leonstudioone
0743556303363768320,2025-08-13T19:47:17.3308381+00:00,441414,M-DCPS The English Center,https://www.tecmiami.com,tecmiami
0743556303623815168,2025-08-13T19:47:17.3927643+00:00,441380,Florida Barber Academy,https://www.floridabarberacademy.edu,floridabarberacademy
0743556303888056320,2025-08-13T19:47:17.4557549+00:00,439686,International Training Careers,https://tufuturovale.com/spa,tufuturovale
0743556304152297472,2025-08-13T19:47:17.5186284+00:00,441210,East Valley Institute of Technology,https://www.evit.com,evit
0743556304412344320,2025-08-13T19:47:17.5807188+00:00,442073,Lincoln Technical Institute-Paramus,https://www.lincolntech.edu/campus/paramus-nj,lincolntech-paramus
0743556304668196864,2025-08-13T19:47:17.6418936+00:00,441575,Metropolitan Learning Institute,https://www.gettraining.org,gettraining
0743556304932438016,2025-08-13T19:47:17.7049599+00:00,442329,Tulsa Welding School-Jacksonville,https://www.tws.edu,tws-jacksonville
0743556305213456384,2025-08-13T19:47:17.7712234+00:00,441502,Blue Cliff College-Gulfport,https://bluecliffcollege.edu,bluecliffcollege-gulfport
0743556305456726016,2025-08-13T19:47:17.8294530+00:00,441706,Caribbean Forensic and Technical College,https://www.caribbeanforensic.com,caribbeanforensic
0743556305733550080,2025-08-13T19:47:17.8952456+00:00,442985,California Healing Arts College,https://www.chac.edu,chac
0743556305997791232,2025-08-13T19:47:17.9586975+00:00,443100,Colegio Educativo Tecnologico Industrial Inc,https://www.ceticollege.com,ceticollege
0743556306257838080,2025-08-13T19:47:18.0205155+00:00,441672,Susquehanna County Career and Technology Center,https://www.scctc-school.org,scctc-school
0743556306517884928,2025-08-13T19:47:18.0822577+00:00,441830,Healing Mountain Massage School,https://www.healingmountain.edu,healingmountain
0743556306782126080,2025-08-13T19:47:18.1450659+00:00,443146,Jay's Technical Institute,https://jtisite.wix.com/jaysbarberandbeauty,wix
0743556307029590016,2025-08-13T19:47:18.2041518+00:00,443021,Dallas Barber & Stylist College,https://www.dallasbarberandstylistcollege.com,dallasbarberandstylistcollege
0743556307293831168,2025-08-13T19:47:18.2676904+00:00,443207,NTMA Training Centers of Southern California,https://ntmamcc.org,ntmamcc
0743556307562266624,2025-08-13T19:47:18.3310310+00:00,443216,P C Age-Jersey City,https://www.pcage.edu,pcage
0743556307826507776,2025-08-13T19:47:18.3944144+00:00,439932,Shawnee Beauty College,https://www.shawneebeautycollege.com,shawneebeautycollege
0743556308090748928,2025-08-13T19:47:18.4579513+00:00,442888,InterCoast Colleges-Riverside,https://www.intercoast.edu,intercoast-riverside
0743556308350795776,2025-08-13T19:47:18.5194170+00:00,442657,Milan Institute-Palm Desert,https://www.milaninstitute.edu,milaninstitute-palm-desert
0743556308619231232,2025-08-13T19:47:18.5830528+00:00,441876,"Rudy & Kelly Academy, A Paul Mitchell Partner School",https://paulmitchell.edu/virginiabeach,paulmitchell-virginia-beach
0743556308875083776,2025-08-13T19:47:18.6441332+00:00,442976,Brighton Center's Center for Employment Training,https://www.brightoncenter.com,brightoncenter
0743556309143519232,2025-08-13T19:47:18.7083557+00:00,443225,PC AGE-Metropark,https://www.pcage.edu,pcage-iselin
0743556309411954688,2025-08-13T19:47:18.7722595+00:00,443641,Paul Mitchell the School-Rhode Island,https://paulmitchell.edu/rhodeisland,paulmitchell-cranston
0743556309663612928,2025-08-13T19:47:18.8328300+00:00,443289,Tigi Hairdressing Academy-Colorado Springs,https://www.tigihairdressingacademy.com,tigihairdressingacademy
0743556309948825600,2025-08-13T19:47:18.9002407+00:00,443137,Irene's Myomassology Institute,https://www.irenes.edu,irenes
0743556310200483840,2025-08-13T19:47:18.9602869+00:00,443951,Charlie's Guard-Detective Bureau and Academy Inc,https://www.charliesacademy.edu,charliesacademy
0743556310456336384,2025-08-13T19:47:19.0211014+00:00,443252,South Florida Institute of Technology,https://www.sf-institute.com,sf-institute
0743556310703800320,2025-08-13T19:47:19.0804996+00:00,444194,Bayamon Community College,https://www.bccpr.org,bccpr
0743556310963847168,2025-08-13T19:47:19.1427708+00:00,443298,Trend Barber College,https://trendbarbercollege.com,trendbarbercollege
0743556311223894016,2025-08-13T19:47:19.2046325+00:00,442240,Paul Mitchell the School-Costa Mesa,https://paulmitchell.edu/costamesa,paulmitchell-costa-mesa
0743556311483940864,2025-08-13T19:47:19.2662426+00:00,443979,PCI Academy-Plymouth,https://www.pci-academy.com,pci-academy-plymouth
0743556311756570624,2025-08-13T19:47:19.3311062+00:00,443234,Hollywood Institute,https://www.hi.edu,hi-margate
0743556312012423168,2025-08-13T19:47:19.3924676+00:00,444370,American Advanced Technicians Institute,https://www.aati.edu,aati
0743556312276664320,2025-08-13T19:47:19.4551384+00:00,443669,Milan Institute-Sparks,https://www.milaninstitute.edu,milaninstitute-sparks
0743556312532516864,2025-08-13T19:47:19.5163313+00:00,443322,Valley Grande Institute for Academic Studies,https://vgi.edu,vgi
0743556312805146624,2025-08-13T19:47:19.5817015+00:00,444282,Empire Beauty School-Midlothian,https://www.empire.edu,empire-midlothian
0743556313052610560,2025-08-13T19:47:19.6409638+00:00,444440,Blue Cliff Career College,https://www.blue.edu,blue
0743556313321046016,2025-08-13T19:47:19.7046223+00:00,444486,Paul Mitchell the School-Gastonia,https://paulmitchell.edu/gastonia,paulmitchell-gastonia
0743556313589481472,2025-08-13T19:47:19.7681693+00:00,444307,Empire Beauty School-West Mifflin,https://www.empire.edu,empire-west-mifflin
0743556313845334016,2025-08-13T19:47:19.8296598+00:00,444529,Stellar Career College,https://modesto.stellarcollege.edu,stellarcollege-modesto
0743556314092797952,2025-08-13T19:47:19.8885851+00:00,444510,CES College,https://www.cescollege.edu,cescollege
0743556314365427712,2025-08-13T19:47:19.9538785+00:00,443632,Colorado Media School,https://beonair.com,beonair-denver
0743556314621280256,2025-08-13T19:47:20.0147663+00:00,444671,Industrial Technical College,https://www.industrialtechnicalcollege.com,industrialtechnicalcollege
0743556314872938496,2025-08-13T19:47:20.0742871+00:00,444228,LeGrand Institute of Cosmetology Inc,https://www.legrandinstitute.com,legrandinstitute
0743556315128791040,2025-08-13T19:47:20.1353640+00:00,444264,Cambridge Technical Institute,https://www.cti.edu,cti
0743556315388837888,2025-08-13T19:47:20.1979688+00:00,444857,Skinworks School of Advanced Skincare,https://www.skinworks.edu,skinworks
0743556315674050560,2025-08-13T19:47:20.2658917+00:00,444635,Orion Institute,https://www.orion.edu/orioninstitute,orion-perrysburg
0743556315950874624,2025-08-13T19:47:20.3318813+00:00,445540,Arthur's Beauty College,https://www.arthursbeautycollege.com,arthursbeautycollege-conway
0743556316173172736,2025-08-13T19:47:20.3843126+00:00,444945,Unitech Training Academy-Lafayette,https://www.unitechta.edu,unitechta
0743556316433219584,2025-08-13T19:47:20.4461409+00:00,444936,Turning Point Beauty College,https://turningpointbeauty.com,turningpointbeauty
0743556316693266432,2025-08-13T19:47:20.5083682+00:00,444404,The Beauty Institute,https://thebeautyinstitute.edu,thebeautyinstitute
0743556316957507584,2025-08-13T19:47:20.5717075+00:00,444468,Lawrenceburg Technical College,https://www.ltc.edu,ltc
0743556317213360128,2025-08-13T19:47:20.6329514+00:00,444662,Moore Career College,https://moorecareercollege.edu,moorecareercollege
0743556317481795584,2025-08-13T19:47:20.6964122+00:00,444583,Escuela Hotelera de San Juan,https://www.escuelahotelera.edu,escuelahotelera
0743556317758619648,2025-08-13T19:47:20.7628191+00:00,445850,Kenneth Shuler School of Cosmetology-Columbia,https://www.kennethshuler.com,kennethshuler-columbia
0743556318014472192,2025-08-13T19:47:20.8235883+00:00,445212,Paul Mitchell the School-Orlando,https://paulmitchell.edu/orlando,paulmitchell-oviedo
0743556318274519040,2025-08-13T19:47:20.8851027+00:00,445780,Cosmetology School of Arts & Sciences,https://cosmetologyschoolof-art.com,cosmetologyschoolof-art
0743556318538760192,2025-08-13T19:47:20.9487668+00:00,445498,Colegio Tecnico de Electricidad Galloza,https://www.ctegpr.com,ctegpr
0743556318790418432,2025-08-13T19:47:21.0081309+00:00,446093,Sutter County Career Training Center,https://www.cambridge.edu,cambridge
0743556319058853888,2025-08-13T19:47:21.0725773+00:00,445656,Spa Tech Institute-Plymouth,https://www.spatech.edu,spatech-plymouth
0743556319314706432,2025-08-13T19:47:21.1337436+00:00,446242,Employment Solutions-College for Technical Education,https://cte.edu,cte
0743556319566364672,2025-08-13T19:47:21.1938910+00:00,446251,Estelle Medical Academy,https://www.estellemedical.edu,estellemedical
0743556319847383040,2025-08-13T19:47:21.2604765+00:00,446260,Evergreen Beauty and Barber College-Everett,https://www.evergreenbeauty.edu,evergreenbeauty-everett
0743556320090652672,2025-08-13T19:47:21.3186570+00:00,444732,Leston College,https://www.lestoncollege.com,lestoncollege
0743556320359088128,2025-08-13T19:47:21.3828815+00:00,446349,John D Rockefeller IV Career Center,https://www.jdrcc.org,jdrcc
0743556320614940672,2025-08-13T19:47:21.4439803+00:00,446516,Rosslyn Training Academy of Cosmetology,https://rosslyntraining.edu,rosslyntraining
0743556320937902080,2025-08-13T19:47:21.5205206+00:00,447166,Empire Beauty School-Littleton,https://www.empire.edu,empire-littleton
0743556321164394496,2025-08-13T19:47:21.5743059+00:00,447148,Empire Beauty School-Avondale,https://www.empire.edu,empire-avondale
0743556321428635648,2025-08-13T19:47:21.6374816+00:00,445647,Spa Tech Institute-Westboro,https://www.spatech.edu,spatech-westborough
0743556321676099584,2025-08-13T19:47:21.6969690+00:00,447023,Delta Technical College-Mississippi,https://www.deltatechnicalcollege.com,deltatechnicalcollege
0743556321931952128,2025-08-13T19:47:21.7574710+00:00,446084,CALC Institute of Technology,https://calc.edu,calc
0743556322200387584,2025-08-13T19:47:21.8213262+00:00,446288,Paul Mitchell the School-Great Lakes,https://paulmitchell.edu/porthuron,paulmitchell-port-huron
0743556322460434432,2025-08-13T19:47:21.8836722+00:00,447449,Academy of Hair Design-Jasper,https://lufkinhairdesign.com,lufkinhairdesign-jasper
0743556322724675584,2025-08-13T19:47:21.9465127+00:00,444291,Empire Beauty School-Owings Mills,https://www.empire.edu,empire-owings-mills
0743556322984722432,2025-08-13T19:47:22.0087597+00:00,446206,Culpeper Cosmetology Training Center,https://www.culpepercosmetology.com,culpepercosmetology
0743556323257352192,2025-08-13T19:47:22.0737903+00:00,447175,Empire Beauty School-Aurora,https://www.empire.edu,empire-aurora
0743556323509010432,2025-08-13T19:47:22.1338792+00:00,447704,Tucson College of Beauty,https://tucsoncollegeofbeauty.com,tucsoncollegeofbeauty
0743556323756474368,2025-08-13T19:47:22.1927004+00:00,447865,Trendsetters School of Beauty & Barbering,https://trendsettersjax.com,trendsettersjax
0743556324029104128,2025-08-13T19:47:22.2571558+00:00,447810,Blake Austin College,https://www.blakeaustincollege.edu,blakeaustincollege
0743556324289150976,2025-08-13T19:47:22.3190382+00:00,447607,UEI College-Chula Vista,https://www.uei.edu,uei-chula-vista
0743556324540809216,2025-08-13T19:47:22.3797294+00:00,447883,American Institute of Beauty,https://www.aibschool.edu,aibschool
0743556324813438976,2025-08-13T19:47:22.4446685+00:00,447467,Unitech Training Academy-West Monroe,https://www.unitechta.edu,unitechta-west-monroe
0743556325069291520,2025-08-13T19:47:22.5058599+00:00,447731,Los Angeles College of Aesthetics,https://www.palacebeautycollege.com,palacebeautycollege
0743556325329338368,2025-08-13T19:47:22.5675975+00:00,447917,Augusta School of Massage,https://www.augustamassage.com,augustamassage
0743556325589385216,2025-08-13T19:47:22.6295135+00:00,447722,Palladium Technical Academy Inc,https://palladium.edu,palladium
0743556325857820672,2025-08-13T19:47:22.6937188+00:00,447980,Nuvo College of Cosmetology,https://www.tcbeautycollege.com,tcbeautycollege-norton-shores
0743556326117867520,2025-08-13T19:47:22.7555275+00:00,448071,Aveda Arts & Sciences Institute-New York,https://avedaarts.edu,avedaarts-new-york
0743556326377914368,2025-08-13T19:47:22.8177753+00:00,448220,Paul Mitchell the School-Logan,https://paulmitchell.edu/logan,paulmitchell-logan
0743556326633766912,2025-08-13T19:47:22.8784247+00:00,448248,Mountainland Technical College,https://mtec.edu,mtec
0743556326898008064,2025-08-13T19:47:22.9417994+00:00,447892,North Florida Cosmetology Institute,https://cosmetologyinst.com,cosmetologyinst
0743556327162249216,2025-08-13T19:47:23.0047243+00:00,445841,Kenneth Shuler School of Cosmetology-Spartanburg,https://www.kennethshuler.com,kennethshuler-spartanburg
0743556327418101760,2025-08-13T19:47:23.0656476+00:00,447908,Florida Academy of Health & Beauty,https://flacademyofbeauty.edu,flacademyofbeauty
0743556327686537216,2025-08-13T19:47:23.1290936+00:00,448424,Broken Arrow Beauty College,https://www.babeautycollege.com,babeautycollege
0743556327946584064,2025-08-13T19:47:23.1916193+00:00,448275,Mountain State School of Massage,https://www.mtnstmassage.com,mtnstmassage
0743556328210825216,2025-08-13T19:47:23.2543242+00:00,448257,Avi Career Training,https://www.avicareertraining.com,avicareertraining
0743556328491843584,2025-08-13T19:47:23.3217386+00:00,448895,Milan Institute-Clovis,https://www.milaninstitute.edu,milaninstitute-clovis
0743556328747696128,2025-08-13T19:47:23.3825468+00:00,445957,Soma Institute-The National School of Clinical Massage Therapy,https://www.soma.edu,soma
0743556329003548672,2025-08-13T19:47:23.4438254+00:00,449357,Beaumont Adult School,https://bas.beaumontusd.us,beaumontusd
0743556329271984128,2025-08-13T19:47:23.5073942+00:00,447962,Compass Career College,https://www.compasscareercollege.net,compasscareercollege
0743556329540419584,2025-08-13T19:47:23.5718056+00:00,447971,Hair Expressions Academy,https://www.paulmitchell.edu/rockville,paulmitchell-rockville
0743556329800466432,2025-08-13T19:47:23.6330157+00:00,449311,Brittany Beauty Academy,https://brittanyacademy.edu,brittanyacademy-bronx
0743556330060513280,2025-08-13T19:47:23.6950237+00:00,449472,Delaware Learning Institute of Cosmetology,https://delawarecosmetology.com,delawarecosmetology
0743556330391863296,2025-08-13T19:47:23.7749690+00:00,449393,Coachella Valley Beauty College,https://www.cvbeautycollege.com,cvbeautycollege
0743556330584801280,2025-08-13T19:47:23.8204054+00:00,448798,Empire Beauty School-Milwaukee,https://www.empire.edu,empire-milwaukee
0743556330840653824,2025-08-13T19:47:23.8819095+00:00,449490,Palm Beach Academy of Health & Beauty,https://www.pbacademy.net,pbacademy
0743556331117477888,2025-08-13T19:47:23.9470853+00:00,448646,Unitech Training Academy-Houma,https://www.unitechta.edu,unitechta-houma
0743556331381719040,2025-08-13T19:47:24.0103083+00:00,447795,American Institute of Massage Therapy,https://www.aimtinc.com,aimtinc
0743556331624988672,2025-08-13T19:47:24.0686555+00:00,449597,Ideal Beauty Academy,https://idealbeautyacademy.net,idealbeautyacademy
0743556331889229824,2025-08-13T19:47:24.1317568+00:00,449454,Academy of Natural Therapy Inc,https://www.natural-therapy.com,natural-therapy
0743556332149276672,2025-08-13T19:47:24.1935858+00:00,449685,New Age Training,https://newagetraining.com,newagetraining
0743556332409323520,2025-08-13T19:47:24.2552748+00:00,449700,Dayton School of Medical Massage,https://www.massageschools.com,massageschools
0743556332673564672,2025-08-13T19:47:24.3185745+00:00,447616,UEI College-West Covina,https://www.uei.edu,uei-west-covina
0743556332942000128,2025-08-13T19:47:24.3823055+00:00,449807,Southeast Texas Career Institute,https://www.setxci.com,setxci
0743556333197852672,2025-08-13T19:47:24.4433321+00:00,449463,Academy Di Capelli-School of Cosmetology,https://www.academydicapelli.com,academydicapelli
0743556333457899520,2025-08-13T19:47:24.5057714+00:00,449603,Denmark College,https://www.successbarberschool.com,successbarberschool
0743556333726334976,2025-08-13T19:47:24.5691755+00:00,449986,Paul Mitchell the School-Sherman Oaks,https://paulmitchell.edu/shermanoaks,paulmitchell-sherman-oaks
0743556333977993216,2025-08-13T19:47:24.6297822+00:00,449816,Southwest Technical College,https://stech.edu,stech
0743556334250622976,2025-08-13T19:47:24.6944873+00:00,449968,Paul Mitchell the School-San Diego,https://paulmitchell.edu/sandiego,paulmitchell-san-diego
0743556334502281216,2025-08-13T19:47:24.7540615+00:00,449782,Champion Beauty College,https://championbeautycollege.com,championbeautycollege
0743556334766522368,2025-08-13T19:47:24.8171286+00:00,449995,Paul Mitchell the School-Tysons Corner,https://paulmitchell.edu/tysonscorner,paulmitchell-mclean
0743556335030763520,2025-08-13T19:47:24.8803025+00:00,450614,Empire Beauty School-Concord,https://www.empire.edu,empire-concord
0743556335299198976,2025-08-13T19:47:24.9441299+00:00,450605,Empire Beauty School-North Hills,https://www.empire.edu,empire-pittsburgh
0743556335550857216,2025-08-13T19:47:25.0041231+00:00,449773,CCI Training Center-Arlington,https://www.ccitraining.edu,ccitraining
0743556335810904064,2025-08-13T19:47:25.0662752+00:00,450641,Empire Beauty School-Hooksett,https://www.empirebeautyschools.com,empirebeautyschools-hooksett
0743556336075145216,2025-08-13T19:47:25.1298379+00:00,450599,Empire Beauty School-Richmond,https://www.empire.edu,empire-richmond
0743556336356163584,2025-08-13T19:47:25.1964428+00:00,449959,Paul Mitchell the School-Tampa,https://paulmitchell.edu/tampa,paulmitchell-tampa
0743556336607821824,2025-08-13T19:47:25.2569228+00:00,449977,Paul Mitchell the School-Michigan,https://paulmitchell.edu/sterlingheights,paulmitchell-sterling-heights
0743556336863674368,2025-08-13T19:47:25.3178091+00:00,449533,Pensacola School of Massage Therapy & Health Careers,https://www.psmthc.com,psmthc
0743556337127915520,2025-08-13T19:47:25.3806621+00:00,450650,The Institute of Beauty and Wellness,https://www.ibw.edu,ibw
0743556337396350976,2025-08-13T19:47:25.4445428+00:00,450711,Trend Barber College,https://trendbarbercollege.com,trendbarbercollege-houston
0743556337652203520,2025-08-13T19:47:25.5052251+00:00,451097,Academy of Career Training,https://academyofcareertraining.com,academyofcareertraining
0743556337912250368,2025-08-13T19:47:25.5671467+00:00,450632,Lexington Healing Arts Academy,https://www.lexingtonhealingarts.com,lexingtonhealingarts
0743556338172297216,2025-08-13T19:47:25.6298074+00:00,450951,Arizona Culinary Institute,https://www.azculinary.edu,azculinary
0743556338444926976,2025-08-13T19:47:25.6946759+00:00,451051,Academy of Massage and Bodywork,https://www.massage-academy.com,massage-academy
0743556338704973824,2025-08-13T19:47:25.7567539+00:00,451121,Paul Mitchell the School-Miami,https://paulmitchell.edu/miami,paulmitchell-miami
0743556338965020672,2025-08-13T19:47:25.8186168+00:00,451149,Aveda Institute-South Florida,https://www.beaveda.com,beaveda-davie
0743556339220873216,2025-08-13T19:47:25.8794717+00:00,451042,Branford Academy of Hair and Cosmetology,https://www.branfordacademy.com,branfordacademy
0743556339480920064,2025-08-13T19:47:25.9417082+00:00,451167,Shear Excellence Hair Academy,https://shearexcell.edu,shearexcell
0743556339736772608,2025-08-13T19:47:26.0027268+00:00,451237,Z Hair Academy,https://www.zhairacademy.com,zhairacademy
0743556340005208064,2025-08-13T19:47:26.0660776+00:00,451158,Aveda Institute-Tallahassee,https://www.beaveda.com,beaveda-tallahassee
0743556340261060608,2025-08-13T19:47:26.1272198+00:00,450988,Coastline Beauty College,https://www.coastlinebeauty.edu,coastlinebeauty
0743556340521107456,2025-08-13T19:47:26.1891183+00:00,449320,Lincoln Technical Institute-Whitestone,https://www.lincolntech.edu/campus/queens-ny,lincolntech-whitestone
0743556340785348608,2025-08-13T19:47:26.2520738+00:00,451255,DiGrigoli School of Cosmetology,https://www.digrigoli.com/school,digrigoli
0743556341049589760,2025-08-13T19:47:26.3151770+00:00,451307,The Salon Professional Academy-Battle Creek,https://www.tspabattlecreek.com,tspabattlecreek
0743556341318025216,2025-08-13T19:47:26.3797539+00:00,451316,Trend Setters School,https://www.trendsettersschool.com,trendsettersschool
0743556341573877760,2025-08-13T19:47:26.4406392+00:00,451334,Academy of Hair Design-Springfield,https://aohd.edu,aohd
0743556341833924608,2025-08-13T19:47:26.5029001+00:00,451468,Aveda Fredric's Institute-Cincinnati,https://www.avedafi.edu/cincinnati,avedafi
0743556342089777152,2025-08-13T19:47:26.5639623+00:00,451291,Lakewood School of Therapeutic Massage,https://lakewoodschool.edu,lakewoodschool
0743556342354018304,2025-08-13T19:47:26.6261426+00:00,448123,MyrAngel Beauty Institute,https://myrangelbeautyinstitute.com,myrangelbeautyinstitute
0743556342609870848,2025-08-13T19:47:26.6876177+00:00,451501,Instituto Educativo Premier,https://premierponce.net,premierponce
0743556342874112000,2025-08-13T19:47:26.7506729+00:00,451529,Elite College of Cosmetology,https://www.elitecollegeofcosmetology.com,elitecollegeofcosmetology
0743556343415177216,2025-08-13T19:47:26.8790478+00:00,451547,Manuel and Theresa's School of Hair Design-Bryan,https://www.manuelandtheresasschoolofhair.com,manuelandtheresasschoolofhair
0743556343675224064,2025-08-13T19:47:26.9413267+00:00,451343,Corinth Academy of Cosmetology,https://cac.edu,cac
0743556343931076608,2025-08-13T19:47:27.0028895+00:00,451583,Dixie Technical College,https://www.dixietech.edu,dixietech
0743556344212094976,2025-08-13T19:47:27.0690653+00:00,451565,Paul Mitchell the School-Austin,https://paulmitchell.edu/austin,paulmitchell-austin
0743556344467947520,2025-08-13T19:47:27.1302634+00:00,451574,Aveda Institute-Provo,https://avedainstituteprovo.com,avedainstituteprovo
0743556344719605760,2025-08-13T19:47:27.1906309+00:00,451495,CDE Career Institute,https://www.cde.edu,cde
0743556344992235520,2025-08-13T19:47:27.2552239+00:00,451714,Paul Mitchell the School-San Antonio,https://paulmitchell.edu/sanantonio,paulmitchell-san-antonio
0743556345252282368,2025-08-13T19:47:27.3175767+00:00,452771,Dental Assistant Pro LLC-Columbus,https://www.dentalassistantpro.com,dentalassistantpro
0743556345516523520,2025-08-13T19:47:27.3809142+00:00,451194,Carlson College of Massage Therapy,https://www.carlsoncollege.com,carlsoncollege
0743556345784958976,2025-08-13T19:47:27.4440603+00:00,451282,Elevate Salon Institute,https://esiroyaloak.com,esiroyaloak
0743556346049200128,2025-08-13T19:47:27.5073967+00:00,451918,TC Beauty,https://www.jennyleaacademy.com,jennyleaacademy
0743556346317635584,2025-08-13T19:47:27.5716718+00:00,453756,Ohio Media School-Columbus,https://beonair.com/locations/columbus,beonair-columbus
0743556346485407744,2025-08-13T19:47:27.6113278+00:00,449904,Milan Institute of Cosmetology-San Antonio Military,https://www.milaninstitute.edu,milancosmo-sa-tx
0743556346581876736,2025-08-13T19:47:27.6344426+00:00,453297,International Culinary Arts and Sciences Institute,https://www.icasi.net,icasi
0743556346854506496,2025-08-13T19:47:27.6994629+00:00,450720,Euphoria Institute of Beauty Arts & Sciences-Summerlin,https://www.lincolntech.edu/campus/las-vegas-summerlin-nv,lincolntech-las-vegas
0743556347118747648,2025-08-13T19:47:27.7623204+00:00,454546,Milan Institute of Cosmetology-Vacaville,https://www.milaninstitute.edu,milaninstitute-vacaville
0743556347370405888,2025-08-13T19:47:27.8220121+00:00,454607,Paul Mitchell the School-Esani,https://paulmitchell.edu/atlanta-esani,paulmitchell-roswell
0743556347626258432,2025-08-13T19:47:27.8835065+00:00,451459,Monroe 2 Orleans BOCES-Center for Workforce Development,https://www.monroe2boces.org/cwd.aspx,monroe2boces
0743556347890499584,2025-08-13T19:47:27.9461407+00:00,452887,Elite Welding Academy LLC,https://www.eliteweldingacademy.com,eliteweldingacademy
0743556348150546432,2025-08-13T19:47:28.0084816+00:00,452072,Ross Medical Education Center-New Baltimore,https://rosseducation.edu,rosseducation-new-baltimore
0743556348406398976,2025-08-13T19:47:28.0693510+00:00,454722,Academy of Esthetics and Cosmetology,https://www.aecosmetology.com,aecosmetology
0743556348674834432,2025-08-13T19:47:28.1331465+00:00,452540,Community Technology Learning Center of Portage,https://www.cacportage.net,cacportage
0743556348939075584,2025-08-13T19:47:28.1962698+00:00,454777,San Francisco Institute of Esthetics & Cosmetology Inc,https://www.sfiec.edu/ and https://paulmitchell.edu/sanfrancisco,sfiec
0743556349220093952,2025-08-13T19:47:28.2630491+00:00,454768,Paul Mitchell the School-Pasadena,https://paulmitchell.edu/pasadena,paulmitchell-pasadena
0743556349467557888,2025-08-13T19:47:28.3226029+00:00,454795,Healing Hands School of Holistic Health,https://hhs.edu,hhs
0743556349731799040,2025-08-13T19:47:28.3855275+00:00,454874,Cozmo Beauty School,https://www.cozmo.edu,cozmo
0743556350004428800,2025-08-13T19:47:28.4503693+00:00,452780,Dental Assistant Pro-Lebanon,https://www.dentalassistantpro.com,dentalassistantpro-lebanon
0743556350256087040,2025-08-13T19:47:28.5104409+00:00,454652,Paul Mitchell the School-Birmingham,https://paulmitchell.edu/birmingham,paulmitchell-hoover
0743556350511939584,2025-08-13T19:47:28.5710630+00:00,451626,Victoria's Academy of Cosmetology,https://www.victoriasacademy.edu,victoriasacademy
0743556350776180736,2025-08-13T19:47:28.6349330+00:00,454926,Paul Mitchell the School-Atlanta,https://paulmitchell.edu/atlanta,paulmitchell-atlanta
0743556351036227584,2025-08-13T19:47:28.6964696+00:00,454698,Mayfield College,https://www.mayfieldcollege.edu,mayfieldcollege
0743556351304663040,2025-08-13T19:47:28.7600756+00:00,454801,Career Development Institute Inc,https://cdi.edu,cdi
0743556351547932672,2025-08-13T19:47:28.8189498+00:00,454953,University of Aesthetics & Cosmetology,https://www.uac.edu,uac
0743556351812173824,2025-08-13T19:47:28.8815056+00:00,454917,Celebrity School of Beauty,https://www.celebrity.edu,celebrity
0743556352076414976,2025-08-13T19:47:28.9446029+00:00,454555,Milan Institute of Cosmetology-Reno,https://www.milaninstitute.edu,milaninstitute-reno
0743556352336461824,2025-08-13T19:47:29.0061394+00:00,455008,Tricoci University of Beauty Culture-Rockford,https://www.tricociuniversity.edu,tricociuniversity-rockford
0743556352596508672,2025-08-13T19:47:29.0681117+00:00,454971,Tricoci University of Beauty Culture-Chicago NW,https://www.tricociuniversity.edu,tricociuniversity-chicago
0743556352856555520,2025-08-13T19:47:29.1303155+00:00,454759,Borner's Barber College,https://www.bornersbarbercollege.com,bornersbarbercollege
0743556353120796672,2025-08-13T19:47:29.1937577+00:00,454999,Tricoci University of Beauty Culture-Peoria,https://www.tricociuniversity.edu,tricociuniversity-peoria
0743556353376649216,2025-08-13T19:47:29.2548301+00:00,455062,French Academy of Cosmetology,https://www.frenchacademyofcosmetology.com,frenchacademyofcosmetology
0743556353645084672,2025-08-13T19:47:29.3186640+00:00,455187,Total Image Beauty Academy,https://www.tiba.edu,tiba
0743556353913520128,2025-08-13T19:47:29.3824162+00:00,455141,Aveda Institute-Chapel Hill,https://avedafi.edu/chapel-hill,avedafi-chapel-hill
0743556354165178368,2025-08-13T19:47:29.4428651+00:00,455026,Omega Studios' School of Applied Recording Arts & Sciences,https://www.omegastudios.com,omegastudios
0743556354421030912,2025-08-13T19:47:29.5037158+00:00,455071,Healing Arts Center,https://www.thehealingartscenter.com,thehealingartscenter
0743556354689466368,2025-08-13T19:47:29.5672401+00:00,455275,Aveda Institute-Columbus,https://avedafi.edu/columbus,avedafi-columbus
0743556354941124608,2025-08-13T19:47:29.6278351+00:00,455327,Hands on Therapy,https://www.handsontherapyschools.com,handsontherapyschools
0743556355222142976,2025-08-13T19:47:29.6941310+00:00,455354,Aveda Arts & Sciences Institute-San Antonio,https://avedaarts.edu,avedaarts-san-antonio
0743556355473801216,2025-08-13T19:47:29.7540077+00:00,455105,Mississippi Institute of Aesthetics Nails & Cosmetology,https://msinstitute.com,msinstitute
0743556355738042368,2025-08-13T19:47:29.8179265+00:00,455211,Casal Institute of Nevada,https://www.avedalasvegas.com,avedalasvegas
0743556356002283520,2025-08-13T19:47:29.8801323+00:00,455220,Career School of NY,https://careerschoolny.com,careerschoolny
0743556356270718976,2025-08-13T19:47:29.9441256+00:00,454980,Tricoci University of Beauty Culture-Glendale Heights,https://www.tricociuniversity.edu,tricociuniversity-glendale-heights
0743556356526571520,2025-08-13T19:47:30.0055388+00:00,454944,Paul Mitchell the School-Rexburg,https://paulmitchell.edu/rexburg,paulmitchell-rexburg
0743556356786618368,2025-08-13T19:47:30.0674580+00:00,455725,Studio Academy of Beauty,https://www.tsaob.com,tsaob
0743556357055053824,2025-08-13T19:47:30.1318130+00:00,455381,Skin Science Institute,https://skinscienceinstitute.com,skinscienceinstitute
0743556357302517760,2025-08-13T19:47:30.1905472+00:00,455798,Oxford Academy of Hair Design Inc,https://www.oxfordhairacademy.com,oxfordhairacademy
0743556357579341824,2025-08-13T19:47:30.2566837+00:00,455886,Tricoci University of Beauty Culture-Libertyville,https://www.tricociuniversity.edu,tricociuniversity-libertyville
0743556357822611456,2025-08-13T19:47:30.3145076+00:00,455831,Medical Institute of Palm Beach,https://www.medicalinstitutepb.edu,medicalinstitutepb
0743556358082658304,2025-08-13T19:47:30.3764099+00:00,455488,Fortis College-Montgomery,https://www.fortis.edu,fortis-montgomery
0743556358342705152,2025-08-13T19:47:30.4383393+00:00,455877,Aveda Institute-Chicago,https://www.douglasj.edu,douglasj-chicago
0743556358602752000,2025-08-13T19:47:30.5008949+00:00,455460,Fortis College-Dothan,https://www.fortiscollege.edu,fortiscollege-dothan
0743556358871187456,2025-08-13T19:47:30.5645071+00:00,455080,Paul Mitchell the School-Springfield,https://paulmitchell.edu/springfield,paulmitchell-springfield
0743556359131234304,2025-08-13T19:47:30.6266712+00:00,455895,Tricoci University of Beauty Culture-Bridgeview,https://www.tricociuniversity.edu,tricociuniversity-bridgeview
0743556359391281152,2025-08-13T19:47:30.6886897+00:00,455284,Paul Mitchell the School-Cincinnati,https://paulmitchell.edu/cincinnati,paulmitchell-cincinnati
0743556359655522304,2025-08-13T19:47:30.7511292+00:00,456029,Paul Mitchell the School-Memphis,https://paulmitchell.edu/memphis,paulmitchell-memphis
0743556359902986240,2025-08-13T19:47:30.8104485+00:00,454962,The University of Aesthetics & Cosmetology,https://www.uofac.edu,uofac
0743556360163033088,2025-08-13T19:47:30.8726682+00:00,455859,Oliver Finley Academy of Cosmetology,https://oliverfinley.com,oliverfinley
0743556360427274240,2025-08-13T19:47:30.9356108+00:00,455910,Center for Massage,https://centerformassage.com,centerformassage
0743556360691515392,2025-08-13T19:47:30.9989929+00:00,456135,Empire Beauty School-Spring Lake Park,https://www.empire.edu,empire-spring-lake-park
0743556360951562240,2025-08-13T19:47:31.0602331+00:00,456074,Paul Mitchell the School-Columbus,https://paulmitchell.edu/columbus,paulmitchell-columbus
0743556361219997696,2025-08-13T19:47:31.1240060+00:00,456001,Advanced Welding Institute,https://www.awi.edu,awi
0743556361480044544,2025-08-13T19:47:31.1864266+00:00,456515,Ross Medical Education Center-Battle Creek,https://rosseducation.edu,rosseducation-battle-creek
0743556361752674304,2025-08-13T19:47:31.2517032+00:00,456065,Paul Mitchell the School-Cleveland,https://paulmitchell.edu/cleveland,paulmitchell-twinsburg
0743556362012721152,2025-08-13T19:47:31.3130591+00:00,455974,South Texas Training Center,https://www.southtexastraining.com,southtexastraining
0743556362281156608,2025-08-13T19:47:31.3774881+00:00,456551,"Josef's School of Hair, Skin & Body-Fargo",https://www.josefsschoolofhairdesign.com,josefsschoolofhairdesign-fargo
0743556362549592064,2025-08-13T19:47:31.4417097+00:00,456588,Salon Success Academy-Fontana,https://www.salonsuccessacademy.com,salonsuccessacademy-fontana
0743556362813833216,2025-08-13T19:47:31.5041143+00:00,455965,Toni & Guy Hairdressing Academy-Cranston,https://rhodeisland.toniguy.edu,toniguy-cranston
0743556363078074368,2025-08-13T19:47:31.5671556+00:00,457031,Capri Beauty College,https://capri.edu,capri-new-lenox
0743556363342315520,2025-08-13T19:47:31.6303018+00:00,457208,InterCoast Colleges-Rancho Cordova,https://www.intercoast.edu,intercoast-rancho-cordova
0743556363589779456,2025-08-13T19:47:31.6899909+00:00,457192,Washington Barber College Inc,https://www.washingtonbarbercollege.edu,washingtonbarbercollege
0743556363870797824,2025-08-13T19:47:31.7564832+00:00,456825,Paul Mitchell the School-Baton Rouge,https://paulmitchell.edu/batonrouge,paulmitchell-baton-rouge
0743556364126650368,2025-08-13T19:47:31.8172207+00:00,455761,Paul Mitchell the School-Sacramento,https://paulmitchell.edu/sacramento,paulmitchell-sacramento
0743556364378308608,2025-08-13T19:47:31.8771943+00:00,456597,Salon Success Academy-Redlands,https://www.salonsuccessacademy.com,salonsuccessacademy-redlands
0743556364638355456,2025-08-13T19:47:31.9390357+00:00,457323,Paul Mitchell the School-Temecula,https://paulmitchell.edu/temecula,paulmitchell-temecula
0743556364898402304,2025-08-13T19:47:32.0011924+00:00,457314,Angeles Institute,https://www.angelesinstitute.edu,angelesinstitute
0743556365166837760,2025-08-13T19:47:32.0656097+00:00,457341,International Institute of Cosmetology,https://www.studyhair.com,studyhair
0743556365426884608,2025-08-13T19:47:32.1274936+00:00,457332,TIGI Hairdressing Academy Guilford,https://tigiguilford.edu,tigiguilford
0743556365678542848,2025-08-13T19:47:32.1874461+00:00,457077,Milan Institute-Bakersfield,https://www.milaninstitute.edu,milaninstitute-bakersfield
0743556365938589696,2025-08-13T19:47:32.2495413+00:00,457253,Beyond 21st Century Beauty Academy,https://beyondcosmo.com,beyondcosmo
0743556366207025152,2025-08-13T19:47:32.3132775+00:00,456931,Miller-Motte College-STVT-Corpus Christi,https://www.stvt.edu,stvt-corpus-christi
0743556366446100480,2025-08-13T19:47:32.3702994+00:00,457448,Tenaj Salon Institute,https://www.tenajsaloninstitute.edu,tenajsaloninstitute
0743556366722924544,2025-08-13T19:47:32.4363255+00:00,457466,Profile Institute of Barber-Styling,https://profileinstituteatl.com,profileinstituteatl
0743556366978777088,2025-08-13T19:47:32.4979916+00:00,457420,Summit Salon Academy,https://summitsalonacademytampa.com,summitsalonacademytampa
0743556367234629632,2025-08-13T19:47:32.5588955+00:00,455929,The Academy of Hair Design LLC,https://www.academyofhairdesignok.com,academyofhairdesignok
0743556367503065088,2025-08-13T19:47:32.6221326+00:00,457493,Paul Mitchell the School-Twin Falls,https://paulmitchell.edu/twinfalls,paulmitchell-twin-falls
0743556367750529024,2025-08-13T19:47:32.6813087+00:00,457581,Eric Fisher Academy,https://www.ericfisheracademy.com,ericfisheracademy
0743556368010575872,2025-08-13T19:47:32.7435641+00:00,457378,Emerald Coast Technical College,https://www.ectc.edu,ectc
0743556368270622720,2025-08-13T19:47:32.8052192+00:00,457475,Keune Academy by 124,https://www.keuneacademyby124.edu,keuneacademyby124
0743556368526475264,2025-08-13T19:47:32.8660758+00:00,457606,My Le's Beauty College,https://mylebeautycollegellc.com,mylebeautycollegellc
0743556368807493632,2025-08-13T19:47:32.9335670+00:00,456922,South Texas Vocational Technical Institute-Brownsville,https://www.stvt.edu,stvt-brownsville
0743556369059151872,2025-08-13T19:47:32.9932275+00:00,457615,Blackstone Valley Vocational Regional School District,https://www.valleytech.k12.ma.us,ma-upton
0743556369323393024,2025-08-13T19:47:33.0565200+00:00,457624,Southern Worcester County Regional Vocational School District,https://www.baypath.net/evening-programs-division/practical-nursing,baypath-charlton
0743556369579245568,2025-08-13T19:47:33.1170733+00:00,457633,L'esprit Academy,https://www.lespritacademy.com,lespritacademy
0743556369835098112,2025-08-13T19:47:33.1787929+00:00,457572,Summit Salon Academy,https://www.andersonsalonacademy.com,andersonsalonacademy
0743556370111922176,2025-08-13T19:47:33.2443812+00:00,457776,Paul Mitchell the School-Albuquerque,https://paulmitchell.edu/albuquerque,paulmitchell-albuquerque
0743556370359386112,2025-08-13T19:47:33.3039955+00:00,457767,National Career Institute,https://nciedu.com,nciedu
0743556370623627264,2025-08-13T19:47:33.3667346+00:00,457545,Paul Mitchell the School-Normal,https://paulmitchell.edu/normal,paulmitchell-normal
0743556370879479808,2025-08-13T19:47:33.4278133+00:00,457855,Paul Mitchell the School-NYC,https://paulmitchell.edu/nyc,paulmitchell-staten-island
0743556371139526656,2025-08-13T19:47:33.4899144+00:00,457785,International Academy of Style,https://www.internationalacademyofstyle.com,internationalacademyofstyle
0743556371399573504,2025-08-13T19:47:33.5516834+00:00,457873,Four County Career Center,https://www.fourcounty.net/adulteducation_home.aspx,fourcounty
0743556371668008960,2025-08-13T19:47:33.6158255+00:00,457794,EDP School,https://edpschool.edu,edpschool
0743556371936444416,2025-08-13T19:47:33.6794344+00:00,457943,Somerset County Technology Center,https://sctc.net,sctc
0743556372196491264,2025-08-13T19:47:33.7416618+00:00,457819,Institute of Culinary Education,https://www.ice.edu,ice-new-york
0743556372460732416,2025-08-13T19:47:33.8045698+00:00,457989,Academy for Careers and Technology,https://www.mcact.org,mcact
0743556372720779264,2025-08-13T19:47:33.8665143+00:00,457563,Aveda Fredric's Institute-Indianapolis,https://avedafi.edu/indianapolis,avedafi-carmel
0743556372985020416,2025-08-13T19:47:33.9290957+00:00,457642,Marketti Academy of Cosmetology,https://www.marketticosmetology.com,marketticosmetology
0743556373249261568,2025-08-13T19:47:33.9921492+00:00,457952,Metro Beauty Academy,https://www.metrobeautyacademy.edu,metrobeautyacademy
0743556373517697024,2025-08-13T19:47:34.0561427+00:00,458007,Love Beauty School Inc,https://www.lovebeautyschool.net,lovebeautyschool
0743556373781938176,2025-08-13T19:47:34.1197674+00:00,457837,The Salon Professional Academy-Tonawanda,https://www.tspabuffalo.com,tspabuffalo
0743556374050373632,2025-08-13T19:47:34.1835075+00:00,458104,Renaissance Academie,https://www.race.edu,race
0743556374314614784,2025-08-13T19:47:34.2462316+00:00,455901,The Temple-A Paul Mitchell Partner School,https://paulmitchell.edu/frederick,paulmitchell-frederick
0743556374574661632,2025-08-13T19:47:34.3086912+00:00,457439,Summit Salon Academy-Gainesville,https://www.ssag.edu,ssag
0743556374843097088,2025-08-13T19:47:34.3725977+00:00,458098,The Salon Professional Academy-Lewisville,https://www.tspadallas.com,tspadallas
0743556375107338240,2025-08-13T19:47:34.4355435+00:00,458131,Aveda Arts & Sciences Institute Seattle,https://avedaarts.edu,avedaarts-seattle
0743556375388356608,2025-08-13T19:47:34.5028602+00:00,458043,DuVall's School of Cosmetology,https://duvallschool.com,duvallschool
0743556375648403456,2025-08-13T19:47:34.5648516+00:00,458061,Texas Beauty College,https://texasbeautyinfo.com,texasbeautyinfo
0743556375900061696,2025-08-13T19:47:34.6248230+00:00,457749,Montana Academy of Salons,https://montanaacademy.edu,montanaacademy
0743556376155914240,2025-08-13T19:47:34.6857166+00:00,457396,American Academy of Cosmetology,https://www.aacschool.com,aacschool
0743556376424349696,2025-08-13T19:47:34.7495727+00:00,458274,Paul Mitchell the School-Chicago,https://paulmitchell.edu/chicago,paulmitchell-chicago
0743556376684396544,2025-08-13T19:47:34.8115373+00:00,458803,Empire Beauty School-E Memphis,https://www.empire.edu,empire-memphis
0743556376936054784,2025-08-13T19:47:34.8716251+00:00,458423,European Massage Therapy School-Las Vegas,https://www.school-for-massage.com,school-for-massage
0743556377204490240,2025-08-13T19:47:34.9357654+00:00,459019,Empire Beauty School-Charlotte,https://www.empire.edu,empire-charlotte
0743556377464537088,2025-08-13T19:47:34.9978914+00:00,458821,Empire Beauty School-Jackson,https://www.empire.edu,empire-jackson
0743556377720389632,2025-08-13T19:47:35.0585822+00:00,459046,Empire Beauty School-Winston-Salem,https://www.empire.edu,empire-winston-salem
0743556377984630784,2025-08-13T19:47:35.1211235+00:00,458867,Empire Beauty School-Morrow,https://www.empire.edu,empire-morrow
0743556378240483328,2025-08-13T19:47:35.1826781+00:00,458812,Empire Beauty School-Nashville,https://www.empire.edu,empire-brentwood
0743556378756382720,2025-08-13T19:47:35.3056292+00:00,458122,Institute of Advanced Medical Esthetics,https://www.theinstituteofadvancedmedicalesthetics.com,theinstituteofadvancedmedicalesthetics
0743556379024818176,2025-08-13T19:47:35.3696272+00:00,459170,Paul Mitchell the School-Modesto,https://paulmitchell.edu/modesto,paulmitchell-modesto
0743556379280670720,2025-08-13T19:47:35.4307089+00:00,459055,Empire Beauty School-West Palm,https://www.empire.edu,empire-west-palm-beach
0743556379549106176,2025-08-13T19:47:35.4942769+00:00,459286,Paul Mitchell the School-Colorado Springs,https://paulmitchell.edu/coloradosprings,paulmitchell-colorado-springs
0743556379893039104,2025-08-13T19:47:35.5760949+00:00,459231,Paul Mitchell the School-East Bay,https://paulmitchell.edu/eastbay,paulmitchell-pleasant-hill
0743556380102754304,2025-08-13T19:47:35.6268114+00:00,459295,The Salon Professional Academy-Colorado Springs,https://www.thesalonprofessionalacademycoloradosprings.com,thesalonprofessionalacademycoloradosprings
0743556380383772672,2025-08-13T19:47:35.6938090+00:00,459116,Paul Mitchell the School-Phoenix,https://paulmitchell.edu/phoenix,paulmitchell-phoenix
0743556380614459392,2025-08-13T19:47:35.7488161+00:00,459374,Universal Spa Training Academy,https://www.spatrainingacademy.edu,spatrainingacademy
0743556380933226496,2025-08-13T19:47:35.8246454+00:00,458858,Empire Beauty School-Speedway,https://www.empire.edu,empire-speedway
0743556381151330304,2025-08-13T19:47:35.8764700+00:00,459277,Aveda Institute-Denver,https://avedainspiregreatness.com/denver-campus,avedainspiregreatness
0743556381436542976,2025-08-13T19:47:35.9446180+00:00,459301,Paul Mitchell the School-Delaware,https://paulmitchell.edu/delaware,paulmitchell-newark
0743556381633675264,2025-08-13T19:47:35.9912762+00:00,458830,Empire Beauty School-Springfield,https://www.empire.edu,empire-springfield
0743556381939859456,2025-08-13T19:47:36.0640081+00:00,459347,The Salon Professional Academy-Ft Myers,https://www.tspaftmyers.com,tspaftmyers
0743556382212489216,2025-08-13T19:47:36.1295270+00:00,459523,ABC Beauty Academy,https://www.abcbeautyacademy.webs.com,webs
0743556382459953152,2025-08-13T19:47:36.1888967+00:00,459064,Empire Beauty School-Pineville,https://www.empire.edu,empire-beauty-pineville
0743556382485118976,2025-08-13T19:47:36.1941494+00:00,459426,Nova Academy of Cosmetology,https://www.novaacademy.edu,novaacademy-rochester
0743556382690639872,2025-08-13T19:47:36.2439579+00:00,460011,Kenneth Shuler School of Cosmetology-Florence,https://www.kennethshuler.com,kennethshuler-florence
0743556382992629760,2025-08-13T19:47:36.3153911+00:00,459408,Tri County Regional Vocational Technical High School,https://www.tri-county.us,tri-county
0743556383252676608,2025-08-13T19:47:36.3776025+00:00,459392,The Salon Professional Academy-Evansville,https://www.tspaevansville.com,tspaevansville
0743556383512723456,2025-08-13T19:47:36.4395919+00:00,459532,Salon & Spa Institute,https://www.ssi.edu,ssi
0743556383747604480,2025-08-13T19:47:36.4950639+00:00,459541,American Beauty Academy,https://www.americanbeauty.edu,americanbeauty
0743556384125091840,2025-08-13T19:47:36.5856398+00:00,460093,Ross Medical Education Center-Davison,https://rosseducation.edu,rosseducation-davison
0743556384557105152,2025-08-13T19:47:36.6887367+00:00,459499,Sage School of Massage & Esthetics,https://www.sageschoolofmassage.com,sageschoolofmassage
0743556384846512128,2025-08-13T19:47:36.7578178+00:00,460482,Dorsey College-Saginaw,https://www.dorsey.edu,dorsey-saginaw
0743556385077198848,2025-08-13T19:47:36.8125858+00:00,458070,Avenue Five Institute,https://www.avenuefive.edu,avenuefive
0743556385651818496,2025-08-13T19:47:36.9495508+00:00,460701,Artistic Nails and Beauty Academy-Lakeland,https://www.artistic.edu,artistic-lakeland
0743556385874116608,2025-08-13T19:47:37.0022964+00:00,460765,Carolina College of Hair Design Inc,https://carolinacollege.com,carolinacollege
0743556386108997632,2025-08-13T19:47:37.0587164+00:00,460172,Miller-Motte College-STVT-San Antonio,https://www.stvt.edu,stvt-san-antonio
0743556386452930560,2025-08-13T19:47:37.1408960+00:00,459198,Paul Mitchell the School-Fresno,https://paulmitchell.edu/fresno,paulmitchell-fresno
0743556386721366016,2025-08-13T19:47:37.2041470+00:00,459578,Paul Mitchell the School-Milwaukee,https://paulmitchell.edu/milwaukee,paulmitchell-wauwatosa
0743556386918498304,2025-08-13T19:47:37.2518285+00:00,460914,Penrose Academy,https://penrose.edu,penrose
0743556387140796416,2025-08-13T19:47:37.3045611+00:00,460987,The Salon Professional Academy,https://littlerockbeautyschool.com,littlerockbeautyschool
0743556387497312256,2025-08-13T19:47:37.3898309+00:00,460109,Ross Medical Education Center-Granger,https://rosseducation.edu,rosseducation-granger
0743556387518283776,2025-08-13T19:47:37.3943248+00:00,460145,Illinois Media School-Chicago Campus,https://www.beonair.com/chicago,illinoismedia-chicago
0743556387723804672,2025-08-13T19:47:37.4435721+00:00,460969,Beauty Academy of South Florida,https://www.basf.edu,basf
0743556387971268608,2025-08-13T19:47:37.5026381+00:00,460808,Integrated Massage Therapy Services,https://www.collegemassagetherapy.com,collegemassagetherapy
0743556388185178112,2025-08-13T19:47:37.5536631+00:00,460996,The Salon Professional Academy-St Charles,https://tspastlouis.com,tspastlouis
0743556388499750912,2025-08-13T19:47:37.6288684+00:00,461087,Northeast Technology Center,https://www.netech.edu,netech
0743556388759797760,2025-08-13T19:47:37.6901024+00:00,460932,Skin Institute,https://www.skininstitute.edu,skininstitute
0743556389057593344,2025-08-13T19:47:37.7618257+00:00,460534,Milan Institute of Cosmetology-El Paso,https://www.milaninstitute.edu,milaninstitute-el-paso
0743556389116313600,2025-08-13T19:47:37.7754375+00:00,460127,Ross Medical Education Center-Canton,https://rosseducation.edu,rosscanton-mi
0743556389254725632,2025-08-13T19:47:37.8087604+00:00,461342,Acaydia School of Aesthetics,https://www.acaydia.edu,acaydia
0743556389539938304,2025-08-13T19:47:37.8769481+00:00,461272,Mandalyn Academy,https://www.mandalynacademy.com,mandalynacademy
0743556389846122496,2025-08-13T19:47:37.9496681+00:00,460118,Ross Medical Education Center-Niles,https://rosseducation.edu,rosseducation-niles
0743556390110363648,2025-08-13T19:47:38.0125237+00:00,460525,Milan Institute-Boise,https://www.milaninstitute.edu,milaninstitute-boise
0743556390328467456,2025-08-13T19:47:38.0645889+00:00,461306,D A Dorsey Technical College,https://www.dadorseytech.edu,dadorseytech
0743556390638845952,2025-08-13T19:47:38.1388696+00:00,461193,Bella Capelli Academy,https://paulmitchell.edu/monroeville,paulmitchell-monroeville
0743556390869532672,2025-08-13T19:47:38.1932747+00:00,461500,Santa Ana Beauty Academy,https://www.saba-ca.com/index.php,saba-ca
0743556391129579520,2025-08-13T19:47:38.2557137+00:00,461494,Taylor Andrews Academy of Hair Design-West Jordan,https://www.taylorandrew.com,taylorandrew
0743556391393820672,2025-08-13T19:47:38.3187203+00:00,461555,Aveda Institute-New Mexico,https://www.avedanm.com,avedanm
0743556391653867520,2025-08-13T19:47:38.3800910+00:00,461412,Northern Virginia School of Therapeutic Massage,https://www.nvschoolofmassage.com,nvschoolofmassage
0743556391918108672,2025-08-13T19:47:38.4436965+00:00,461333,Mauna Loa Helicopters,https://maunaloahelicopters.edu,maunaloahelicopters
0743556392182349824,2025-08-13T19:47:38.5065086+00:00,461379,Holistic Massage Training Institute,https://www.massagetrainingbaltimore.com,massagetrainingbaltimore
0743556392434008064,2025-08-13T19:47:38.5669800+00:00,461430,Advanced Training Institute,https://www.atitraining.edu,atitraining
0743556392752775168,2025-08-13T19:47:38.6421388+00:00,461175,International College of Cosmetology,https://www.icoc.edu/sp,icoc
0743556392962490368,2025-08-13T19:47:38.6921321+00:00,461625,American Technical Institute,https://www.amtec.edu,amtec
0743556393226731520,2025-08-13T19:47:38.7552661+00:00,461704,Capilo School of Hair Design,https://www.capilo.com,capilo
0743556393474195456,2025-08-13T19:47:38.8149270+00:00,461607,Elite Cosmetology School,https://eliteschools.edu,eliteschools
0743556393713270784,2025-08-13T19:47:38.8714511+00:00,461537,Evolve Beauty Academy,https://evolvebeautyacademy.edu,evolvebeautyacademy
0743556394044620800,2025-08-13T19:47:38.9506519+00:00,461768,Atelier Esthetique Institute of Esthetics,https://www.aeinstitute.net,aeinstitute
0743556394300473344,2025-08-13T19:47:39.0118820+00:00,461652,Aveda Institute-Boise,https://www.avedaidaho.com,avedaidaho-boise
0743556394522771456,2025-08-13T19:47:39.0646021+00:00,461740,Buckner Barber School,https://bucknerbarberschool.com,bucknerbarberschool
0743556395059642368,2025-08-13T19:47:39.1921161+00:00,461810,United Beauty College,https://ubcdenver.edu,ubcdenver
0743556395353243648,2025-08-13T19:47:39.2627461+00:00,461421,Paul Mitchell the School-St Louis,https://paulmitchell.edu/stlouis,paulmitchell-st-louis
0743556395575541760,2025-08-13T19:47:39.3150376+00:00,461838,Long Island Nail Skin & Hair Institute,https://www.nailskinhairinstitute.edu,nailskinhairinstitute
0743556395793645568,2025-08-13T19:47:39.3677648+00:00,461856,Southern California Health Institute,https://www.sochi.edu,sochi
0743556396108218368,2025-08-13T19:47:39.4425338+00:00,461874,First Class Cosmetology School,https://firstclasscosmetologyschool.com,firstclasscosmetologyschool
0743556396372459520,2025-08-13T19:47:39.5055822+00:00,461582,Estelle Skin Care and Spa Institute,https://www.estelle.edu,estelle
0743556396577980416,2025-08-13T19:47:39.5542999+00:00,461713,Pure Aesthetics Natural Skincare School,https://pureaesthetics.edu,pureaesthetics
0743556396842221568,2025-08-13T19:47:39.6175099+00:00,461926,Taylor Andrews Academy-St George,https://www.taylorandrewstgeorge.com,taylorandrewstgeorge
0743556397110657024,2025-08-13T19:47:39.6810915+00:00,461786,Advanced College of Cosmetology,https://www.accsuccess.com,accsuccess
0743556397374898176,2025-08-13T19:47:39.7447308+00:00,461722,Lindsey Institute of Cosmetology,https://www.lindseyinstitute.com,lindseyinstitute
0743556397664305152,2025-08-13T19:47:39.8132095+00:00,462008,Paul Mitchell the School-Las Vegas,https://paulmitchell.edu/lasvegas,paulmitchell-las-vegas
0743556397903380480,2025-08-13T19:47:39.8709086+00:00,461917,Paul Mitchell the School-Indianapolis,https://paulmitchell.edu/indianapolis,paulmitchell-indianapolis
0743556398159233024,2025-08-13T19:47:39.9310797+00:00,461962,Northeast Technical Institute,https://ntinow.edu,ntinow
0743556398423474176,2025-08-13T19:47:39.9942505+00:00,462062,Academy for Salon Professionals,https://www.academyla.com,academyla
0743556398503165952,2025-08-13T19:47:40.0134984+00:00,460978,Ogle School Hair Skin Nails-North Dallas,https://www.ogleschool.edu,ogle-north-dallas
0743556398687715328,2025-08-13T19:47:40.0575689+00:00,462053,State Career College,https://www.statecareercollege.edu,statecareercollege
0743556398943567872,2025-08-13T19:47:40.1186404+00:00,461892,Abcott Institute,https://www.abcott.edu,abcott
0743556399212003328,2025-08-13T19:47:40.1828871+00:00,467094,Continental School of Beauty Culture-Mattydale,https://continentalschoolofbeauty.edu,continentalschoolofbeauty-mattydale
0743556399463661568,2025-08-13T19:47:40.2429363+00:00,461944,Protege Academy,https://www.protegeacademy.com,protegeacademy
0743556399740485632,2025-08-13T19:47:40.3082587+00:00,467872,Paul Mitchell the School-Charleston,https://paulmitchell.edu/charleston,paulmitchell-north-charleston
0743556400000532480,2025-08-13T19:47:40.3707694+00:00,467863,Paul Mitchell the School-Columbia,https://paulmitchell.edu/columbia,paulmitchell-west-columbia
0743556400281550848,2025-08-13T19:47:40.4371148+00:00,467906,Kenneth Shuler School of Cosmetology-Greenville,https://www.kennethshuler.com,kennethshuler-greenville
0743556400545792000,2025-08-13T19:47:40.5008283+00:00,462017,Summit Salon Academy-Kokomo,https://kokomobeautyschool.com,kokomobeautyschool
0743556400801644544,2025-08-13T19:47:40.5618233+00:00,461908,The Salon Professional Academy-Kenosha,https://kenoshatspa.com,kenoshatspa
0743556401053302784,2025-08-13T19:47:40.6211437+00:00,461829,Cinta Aveda Institute,https://www.cintaaveda.edu,cintaaveda
0743556401325932544,2025-08-13T19:47:40.6867641+00:00,468769,CET-Soledad,https://cetweb.edu,cetweb-soledad
0743556401569202176,2025-08-13T19:47:40.7443571+00:00,468963,New England Tractor Trailer Training School of Massachusetts,https://www.nettts.com,nettts-north-andover
0743556401816666112,2025-08-13T19:47:40.8039968+00:00,461388,Diamonds College,https://www.diamondscosmetology.com,diamondscosmetology
0743556402089295872,2025-08-13T19:47:40.8682965+00:00,468909,UEI College-Garden Grove,https://www.uei.edu,uei-garden-grove
0743556402349342720,2025-08-13T19:47:40.9309173+00:00,462035,Florida Academy,https://florida-academy.edu,florida-academy
0743556402613583872,2025-08-13T19:47:40.9939225+00:00,469610,Allen School-Phoenix,https://www.allenschool.edu,allenschool-phoenix
0743556402877825024,2025-08-13T19:47:41.0565721+00:00,462336,International College of Beauty Arts & Sciences,https://www.icbas.edu,icbas
0743556403146260480,2025-08-13T19:47:41.1207962+00:00,468848,UEI College-Oceanside,https://www.uei.edu,uei-oceanside
0743556403397918720,2025-08-13T19:47:41.1807578+00:00,470038,UEI College-Riverside,https://www.uei.edu,uei-riverside
0743556403922206720,2025-08-13T19:47:41.3051275+00:00,462071,Paul Mitchell the School-Spokane,https://paulmitchell.edu/spokane,paulmitchell-spokane-valley
0743556404178059264,2025-08-13T19:47:41.3663478+00:00,475024,Fortis Institute-Lawrenceville,https://fortis.edu,fortis-lawrenceville
0743556404438106112,2025-08-13T19:47:41.4283009+00:00,475325,Milan Institute-Las Vegas,https://www.milaninstitute.edu,milaninstitute-las-vegas
0743556404706541568,2025-08-13T19:47:41.4925892+00:00,474924,Avalon Institute-Layton,https://avalon.edu/layton-ut,avalon-layton
0743556404966588416,2025-08-13T19:47:41.5541456+00:00,470296,Manuel and Theresa's School of Hair Design-Victoria,https://www.manuelandtheresasschoolofhair.com,manuelandtheresasschoolofhair-victoria
0743556405218246656,2025-08-13T19:47:41.6146878+00:00,468893,Paul Mitchell the School-New Orleans,https://paulmitchell.edu/neworleans,paulmitchell-metairie
0743556405482487808,2025-08-13T19:47:41.6776808+00:00,475486,Paul Mitchell the School-Arlington,https://paulmitchell.edu/arlington,paulmitchell-arlington
0743556405746728960,2025-08-13T19:47:41.7404416+00:00,475282,Marian Health Careers Center-Van Nuys Campus,https://www.mariancollege.edu,mariancollege-van-nuys
0743556406015164416,2025-08-13T19:47:41.8040124+00:00,475556,Paul Mitchell the School-Raleigh,https://paulmitchell.edu/raleigh,paulmitchell-raleigh
0743556406271016960,2025-08-13T19:47:41.8655348+00:00,475653,Reflections Academy of Beauty,https://www.reflectionsacademyofbeauty.com,reflectionsacademyofbeauty
0743556406531063808,2025-08-13T19:47:41.9277151+00:00,475574,Lil Lou's Beauty and Barber College,https://www.lillousbeautyandbarbercollege.com,lillousbeautyandbarbercollege
0743556406690447360,2025-08-13T19:47:41.9655450+00:00,470393,Tricoci University of Beauty Culture-Chicago NE,https://www.tricociuniversity.edu,tricoci-chicago-ne
0743556406786916352,2025-08-13T19:47:41.9889139+00:00,475705,Annenberg School of Nursing,https://www.asn.edu,asn
0743556407051157504,2025-08-13T19:47:42.0518250+00:00,475547,Paul Mitchell the School-Fort Myers,https://paulmitchell.edu/fortmyers,paulmitchell-fort-myers
0743556407567056896,2025-08-13T19:47:42.1740829+00:00,475404,New York School of Esthetics & Day Spa,https://www.newyorkschoolofesthetics.com,newyorkschoolofesthetics
0743556407835492352,2025-08-13T19:47:42.2381091+00:00,474915,Avalon Institute-Phoenix,https://avalon.edu/phoenix-az,avalon-phoenix
0743556408099733504,2025-08-13T19:47:42.3016254+00:00,475468,Christine Valmy International School of Esthetics & Cosmetology,https://www.christinevalmy.com,christinevalmy-pine-brook
0743556408359780352,2025-08-13T19:47:42.3634051+00:00,469911,Unitech Training Academy-Alexandria,https://www.unitechta.edu,unitechta-alexandria
0743556408628215808,2025-08-13T19:47:42.4275982+00:00,476513,Flair Beauty College,https://flairbeautycollege.com,flairbeautycollege
0743556408892456960,2025-08-13T19:47:42.4903557+00:00,475431,ASI Career Institute,https://www.asi.edu,asi
0743556409148309504,2025-08-13T19:47:42.5516048+00:00,476179,Empire Beauty School-Virginia Beach,https://www.empire.edu,empire-virginia-beach
0743556409404162048,2025-08-13T19:47:42.6124770+00:00,476568,Tomorrow's Image Barber And Beauty Academy of Virginia,https://www.tomorrowsimage.com,tomorrowsimage
0743556409672597504,2025-08-13T19:47:42.6765381+00:00,476595,Medical Allied Career Center,https://www.medicalallied.edu,medicalallied
0743556409932644352,2025-08-13T19:47:42.7381129+00:00,475723,Tooele Technical College,https://www.tooeletech.edu,tooeletech
0743556410196885504,2025-08-13T19:47:42.8012772+00:00,476489,Larry's Barber College,https://www.larrysbarbercollege.com,larrysbarbercollege
0743556410452738048,2025-08-13T19:47:42.8626779+00:00,476735,Alexander Academy,https://www.alexanderacademy.com,alexanderacademy
0743556410725367808,2025-08-13T19:47:42.9279024+00:00,475662,UCAS University of Cosmetology Arts & Sciences-La Joya,https://www.ucastx.com,ucastx-la-joya
0743556410981220352,2025-08-13T19:47:42.9886342+00:00,476780,Diamond Beauty College,https://www.diamondbeauty.edu,diamondbeauty
0743556411048329216,2025-08-13T19:47:43.0046677+00:00,476063,Tulsa Welding School-Jacksonville,https://www.tws.edu,tulsa-welding-jax
0743556411245461504,2025-08-13T19:47:43.0513468+00:00,476230,Ross Medical Education Center-Morgantown,https://rosseducation.edu,rosseducation-morgantown
0743556411513896960,2025-08-13T19:47:43.1159643+00:00,476799,Unitek College,https://www.unitekcollege.edu,unitekcollege-south-san-francisco
0743556411769749504,2025-08-13T19:47:43.1767007+00:00,476498,Futura Career Institute,https://www.futuracareerinstitute.net,futuracareerinstitute
0743556412025602048,2025-08-13T19:47:43.2375995+00:00,476814,Florida Institute of Recording Sound and Technology,https://www.first.edu,first
0743556412294037504,2025-08-13T19:47:43.3015604+00:00,476869,Austin Kade Academy,https://www.austinkade.com,austinkade
0743556412570861568,2025-08-13T19:47:43.3676369+00:00,476850,Boise Barber College,https://boisebarbercollege.com,boisebarbercollege
0743556412822519808,2025-08-13T19:47:43.4278715+00:00,476805,University Academy of Hair Design,https://www.uahairdesign.com,uahairdesign
0743556413090955264,2025-08-13T19:47:43.4919525+00:00,476708,The Barber School,https://thebarberschool.com,thebarberschool
0743556413355196416,2025-08-13T19:47:43.5540651+00:00,476887,Elaine Sterling Institute,https://www.elainesterling.com,elainesterling
0743556413615243264,2025-08-13T19:47:43.6164603+00:00,476540,Vogue College of Cosmetology-San Antonio Fredericksburg,https://vogue.edu,vogue-san-antonio
0743556413871095808,2025-08-13T19:47:43.6777634+00:00,477002,Brighton Institute of Cosmetology,https://www.brightoninstitute.net,brightoninstitute
0743556414126948352,2025-08-13T19:47:43.7382121+00:00,476878,Aesthetic Science Institute,https://www.aestheticscienceinstitute.edu,aestheticscienceinstitute
0743556414382800896,2025-08-13T19:47:43.7999074+00:00,476610,Barber & Beauty Institute of New York,https://www.bbiny.edu/#,bbiny
0743556414651236352,2025-08-13T19:47:43.8637299+00:00,476841,Paul Mitchell the School-Reno,https://paulmitchell.edu/reno,paulmitchell-reno
0743556414911283200,2025-08-13T19:47:43.9251344+00:00,476984,Paul Mitchell the School-Overland Park,https://paulmitchell.edu/overlandpark,paulmitchell-overland-park
0743556415171330048,2025-08-13T19:47:43.9876845+00:00,478616,Empire Beauty School-West Greensboro,https://www.empire.edu,empire-greensboro
0743556415431376896,2025-08-13T19:47:44.0498533+00:00,476896,Wade Gordon Hairdressing Academy,https://www.wadegordonacademy.com,wadegordonacademy
0743556415699812352,2025-08-13T19:47:44.1135636+00:00,478591,Ogle School Hair Skin Nails-Denton,https://www.ogleschool.edu,ogleschool-denton
0743556415959859200,2025-08-13T19:47:44.1752364+00:00,476753,Aveda Institute-Tucson,https://www.avedainstitutetucson.com,avedainstitutetucson
0743556416228294656,2025-08-13T19:47:44.2390529+00:00,479062,MotoRing Technical Training Institute,https://www.mtti.edu,mtti-east-providence
0743556416488341504,2025-08-13T19:47:44.3011489+00:00,479992,Brand College,https://brandcollege.edu,brandcollege
0743556416756776960,2025-08-13T19:47:44.3659056+00:00,478582,Empire Beauty School-Savannah,https://www.empire.edu,empire-savannah
0743556417008435200,2025-08-13T19:47:44.4250051+00:00,479983,Elevate Salon Institute-Westminster,https://www.esiwestminster.com,esiwestminster
0743556417272676352,2025-08-13T19:47:44.4885530+00:00,476902,Mitsu Sato Hair Academy,https://www.mitsusatohairacademy.com,mitsusatohairacademy
0743556417553694720,2025-08-13T19:47:44.5555844+00:00,478953,Bellus Academy,https://www.bellusacademy.edu,bellusacademy-manhattan
0743556417805352960,2025-08-13T19:47:44.6156232+00:00,478917,Hays Academy of Hair Design,https://haysacademy.com,haysacademy-salina
0743556418061205504,2025-08-13T19:47:44.6768568+00:00,479974,Advance Beauty Techs Academy,https://www.abt.edu,abt
0743556418333835264,2025-08-13T19:47:44.7410237+00:00,480125,Ogle School Hair Skin Nails-San Antonio,https://www.ogleschool.edu,ogleschool-san-antonio
0743556418585493504,2025-08-13T19:47:44.8018292+00:00,479424,Unitek College,https://www.unitekcollege.edu,unitekcollege-hayward
0743556418832957440,2025-08-13T19:47:44.8603984+00:00,476993,Medspa Academies,https://www.nima.edu,nima
0743556419097198592,2025-08-13T19:47:44.9232151+00:00,480310,Empire Beauty School-Glen Burnie,https://www.empire.edu,empire-glen-burnie
0743556419365634048,2025-08-13T19:47:44.9870627+00:00,480471,UEI College-Stockton,https://www.uei.edu,uei-stockton
0743556419617292288,2025-08-13T19:47:45.0475847+00:00,480000,Hinton Barber and Beauty College,https://hintonbarberbeauty.com,hintonbarberbeauty
0743556419889922048,2025-08-13T19:47:45.1122707+00:00,480842,Shear Finesse Beauty Academy,https://www.shearfinessehairacademy.com,shearfinessehairacademy
0743556420326129664,2025-08-13T19:47:45.2167774+00:00,480161,Ideal Beauty Academy,https://idealbeautyacademy.net,idealbeautyacademy-louisville
0743556420414210048,2025-08-13T19:47:45.2378362+00:00,480019,Advanced Career Institute,https://advanced.edu,advanced
0743556420854611968,2025-08-13T19:47:45.3427530+00:00,480523,Ross Medical Education Center-Dayton,https://rosseducation.edu,rosseducation-dayton
0743556420930109440,2025-08-13T19:47:45.3604126+00:00,480879,Academy of Salon Professionals,https://www.academyofsalonprofessionals.com,academyofsalonprofessionals
0743556421303402496,2025-08-13T19:47:45.4493649+00:00,480921,Designer Barber & Stylist School,https://designercollege.net,designercollege
0743556421617975296,2025-08-13T19:47:45.5241217+00:00,480532,Ross Medical Education Center-Ontario,https://rosseducation.edu,rosseducation-ontario
0743556421714444288,2025-08-13T19:47:45.5477776+00:00,480550,Ross Medical Education Center-Bowling Green,https://rosseducation.edu,rosseducation-bowling-green
0743556422096125952,2025-08-13T19:47:45.6384798+00:00,480888,CyberTex Institute of Technology,https://cybertex.edu,cybertex
0743556422356172800,2025-08-13T19:47:45.7004099+00:00,481021,Berks Career & Technology Center,https://www.berkscareer.com/ACE,berkscareer
0743556422616219648,2025-08-13T19:47:45.7627830+00:00,481085,Verve College,https://www.vervecollege.edu,vervecollege
0743556422876266496,2025-08-13T19:47:45.8248295+00:00,481067,World A Cuts Barber Institute,https://www.worldacuts.com,worldacuts
0743556422976929792,2025-08-13T19:47:45.8482970+00:00,481100,Top Nails & Hair Beauty School,https://www.topbeautyschoolutah.com,topbeautyschoolutah
0743556423228588032,2025-08-13T19:47:45.9086279+00:00,480976,The Salon Professional Academy-Huntsville,https://www.huntsvilletspa.com,huntsvilletspa
0743556423497023488,2025-08-13T19:47:45.9724861+00:00,481003,M T Training Center,https://mttrainingcenter.org,mttrainingcenter
0743556423765458944,2025-08-13T19:47:46.0367439+00:00,480903,New England Tractor Trailer Training School of CT-Bridgeport,https://nettts.com,nettts-bridgeport
0743556424289746944,2025-08-13T19:47:46.1618511+00:00,481191,Riverside County Office of Education-School of Career Education,https://www.riversidesce.org,riversidesce
0743556424549793792,2025-08-13T19:47:46.2234750+00:00,480930,Paul Mitchell the School-Woodbridge,https://paulmitchell.edu/woodbridge,paulmitchell-woodbridge
0743556424805646336,2025-08-13T19:47:46.2841506+00:00,481313,Kaizen Beauty Academy,https://kba.edu,kba
0743556425065693184,2025-08-13T19:47:46.3464084+00:00,481298,Lawrence & Company College of Cosmetology,https://www.lawrenceandco.net,lawrenceandco
0743556425334128640,2025-08-13T19:47:46.4100469+00:00,481146,Woodruff Medical and Wellness Training,https://www.woodruffmedical.edu,woodruffmedical
0743556425589981184,2025-08-13T19:47:46.4715793+00:00,481331,Sharp Edgez Barber Institute,https://www.sharpedgez.com,sharpedgez
0743556425850028032,2025-08-13T19:47:46.5334093+00:00,481243,New York Institute of Beauty,https://www.nyib.edu,nyib
0743556426118463488,2025-08-13T19:47:46.5978981+00:00,481207,Institute of Health Sciences,https://www.iohs.org,iohs
0743556426374316032,2025-08-13T19:47:46.6589665+00:00,481447,Center for the Healing Arts,https://centerforthehealingartsnj.com,centerforthehealingartsnj
0743556426638557184,2025-08-13T19:47:46.7210737+00:00,481368,Prestige Health & Beauty Sciences Academy,https://phabsa.com,phabsa
0743556426894409728,2025-08-13T19:47:46.7828653+00:00,481429,Universal Training Institute,https://www.universaluti.com,universaluti
0743556427162845184,2025-08-13T19:47:46.8464715+00:00,481456,Bonnie Joseph Academy of Cosmetology & Barbering,https://bonniejosephacademy.edu,bonniejosephacademy
0743556427435474944,2025-08-13T19:47:46.9115958+00:00,481474,J D Academy of Salon and Spa,https://jdacademy.com,jdacademy
0743556427695521792,2025-08-13T19:47:46.9733611+00:00,481340,The Salon Professional Academy-Nashville,https://www.nashvillebeautyschool.com,nashvillebeautyschool
0743556427955568640,2025-08-13T19:47:47.0354626+00:00,481517,City Pointe Beauty Academy,https://www.citypointebeauty.com,citypointebeauty
0743556428169478144,2025-08-13T19:47:47.0863560+00:00,476559,Vogue College of Cosmetology,https://vogue.edu,voguecosmo-sanantonio
0743556428219809792,2025-08-13T19:47:47.0981636+00:00,481182,Ukiah Adult School,https://adultschool.uusd.net,uusd
0743556428484050944,2025-08-13T19:47:47.1611614+00:00,481739,Empire Beauty School-Vernon Hills,https://www.empire.edu,empire-vernon-hills
0743556428744097792,2025-08-13T19:47:47.2234435+00:00,481678,Empire Beauty School-Augusta,https://www.empire.edu,empire-augusta
0743556429004144640,2025-08-13T19:47:47.2859455+00:00,481748,Empire Beauty School-Stone Park,https://www.empire.edu,empire-stone-park
0743556429259997184,2025-08-13T19:47:47.3461255+00:00,481049,Carthage R9 School District-Carthage Technical Center,https://ctc.carthagetigers.org,carthagetigers
0743556429524238336,2025-08-13T19:47:47.4093697+00:00,481128,Santa Ana Beauty College,https://www.savcusa.com,savcusa
0743556429792673792,2025-08-13T19:47:47.4739188+00:00,481906,Ross Medical Education Center-Charleston,https://rosseducation.edu,rosseducation-charleston
0743556430052720640,2025-08-13T19:47:47.5356655+00:00,481322,Southern Texas Careers Academy,https://stcacademy.edu,stcacademy
0743556430321156096,2025-08-13T19:47:47.5992242+00:00,481863,Ross Medical Education Center-Kokomo,https://rosseducation.edu,rosseducation-kokomo
0743556430577008640,2025-08-13T19:47:47.6606336+00:00,481960,InterCoast Colleges-Fairfield,https://www.intercoast.edu,intercoast-fairfield
0743556430837055488,2025-08-13T19:47:47.7226816+00:00,481890,Ross Medical Education Center-Erlanger,https://rosseducation.edu,rosseducation-erlanger
0743556431092908032,2025-08-13T19:47:47.7837780+00:00,482167,Trenz Beauty Academy,https://www.trenzbeautyacademy.com,trenzbeautyacademy
0743556431352954880,2025-08-13T19:47:47.8454620+00:00,481526,The Chrysm Institute of Esthetics,https://chrysm.edu,chrysm
0743556431617196032,2025-08-13T19:47:47.9085999+00:00,482200,Cosmetology Academy of Texarkana,https://cosmetologyacademyoftexarkana.com,cosmetologyacademyoftexarkana
0743556431877242880,2025-08-13T19:47:47.9708817+00:00,482246,Lynnes Welding Training,https://learntoweld.com,learntoweld
0743556432145678336,2025-08-13T19:47:48.0341107+00:00,482291,UEI College-Bakersfield,https://www.uei.edu,uei-bakersfield
0743556432401530880,2025-08-13T19:47:48.0957636+00:00,482060,Milan Institute-Merced,https://www.milaninstitute.edu,milaninstitute-merced
0743556432665772032,2025-08-13T19:47:48.1583928+00:00,482194,Arrojo Cosmetology School,https://www.arrojocosmetology.com,arrojocosmetology
0743556432925818880,2025-08-13T19:47:48.2200961+00:00,481483,Boca Beauty Academy,https://www.bocabeautyacademy.edu,bocabeautyacademy
0743556433181671424,2025-08-13T19:47:48.2816791+00:00,481571,Belle Academy of Cosmetology LLC,https://www.belleacademy.com,belleacademy
0743556433450106880,2025-08-13T19:47:48.3450088+00:00,483009,American College of Healthcare and Technology,https://www.ach.edu,ach-huntington-park
0743556433710153728,2025-08-13T19:47:48.4070258+00:00,480994,Aspen Beauty Academy of Laurel,https://www.aspenlaurel.edu,aspenlaurel
0743556433966006272,2025-08-13T19:47:48.4683628+00:00,483054,Barber School of Pittsburgh,https://bsp.edu,bsp
0743556434226053120,2025-08-13T19:47:48.5303806+00:00,483258,Networks Barber College,https://www.networksbarbercollege.com,networksbarbercollege
0743556434498682880,2025-08-13T19:47:48.5955444+00:00,482176,Paul Mitchell the School-Denver,https://paulmitchell.edu/denver,paulmitchell-lakewood
0743556434750341120,2025-08-13T19:47:48.6554128+00:00,483276,JB's Hair Design and Barber College,https://www.jbsbarbercollege.org,jbsbarbercollege
0743556435018776576,2025-08-13T19:47:48.7192209+00:00,482097,Midwest Technical Institute-Missouri,https://www.midwesttech.edu,midwesttech-springfield
0743556435278823424,2025-08-13T19:47:48.7819272+00:00,483328,Paul Mitchell the School-Lombard,https://paulmitchell.edu/lombard,paulmitchell-lombard
0743556435534675968,2025-08-13T19:47:48.8429666+00:00,483382,Electrical and HVAC/R Training Center,https://www.electricaltrainingcenter.edu,electricaltrainingcenter
0743556435798917120,2025-08-13T19:47:48.9055808+00:00,483364,Delta College-Slidell Campus,https://deltacollege.com,deltacollege-slidell
0743556436050575360,2025-08-13T19:47:48.9655342+00:00,482981,Alamo City Barber College,https://www.alamocitybarbercollege.com,alamocitybarbercollege
0743556436314816512,2025-08-13T19:47:49.0282440+00:00,482990,Arizona College-Mesa,https://www.arizonacollege.edu,arizonacollege-mesa
0743556436574863360,2025-08-13T19:47:49.0902916+00:00,483425,Alexander Paul Institute of Hair Design,https://www.alexanderpaul.edu,alexanderpaul
0743556436830715904,2025-08-13T19:47:49.1512632+00:00,483470,More Tech Institute,https://moretechinstitute.edu,moretechinstitute
0743556437094957056,2025-08-13T19:47:49.2143380+00:00,483230,The Fab School,https://www.thefabschool.com,thefabschool
0743556437367586816,2025-08-13T19:47:49.2791239+00:00,483577,Franklin Hair Academy School of Cosmetology,https://franklinhairacademy.com,franklinhairacademy
0743556437619245056,2025-08-13T19:47:49.3397549+00:00,483559,Bella Cosmetology and Barber College,https://bellacollege.com,bellacollege
0743556437883486208,2025-08-13T19:47:49.4021943+00:00,483337,Paul Mitchell the School-Greenville,https://paulmitchell.edu/greenville,paulmitchell-greenville
0743556438139338752,2025-08-13T19:47:49.4633029+00:00,483735,Total Transformation Institute of Cosmetology,https://ttioc.edu,ttioc
0743556438403579904,2025-08-13T19:47:49.5261603+00:00,483753,Champ's Barber School,https://www.champsbarberschool.com,champsbarberschool
0743556438667821056,2025-08-13T19:47:49.5897660+00:00,483355,Delta College of Arts & Technology-Lafayette Campus,https://www.deltacollege.com,deltacollege-lafayette
0743556438927867904,2025-08-13T19:47:49.6513454+00:00,483106,Innovate Salon Academy,https://www.innovatesalonacademy.com,innovatesalonacademy
0743556439196303360,2025-08-13T19:47:49.7156671+00:00,481845,Empire Beauty School-Rochester,https://www.empire.edu,empire-rochester
0743556439452155904,2025-08-13T19:47:49.7768728+00:00,483823,Philadelphia Technician Training,https://www.ptt.edu,ptt
0743556439712202752,2025-08-13T19:47:49.8381635+00:00,483841,Grace International Beauty School,https://www.gibs.edu,gibs
0743556439972249600,2025-08-13T19:47:49.9008200+00:00,483708,Access Careers,https://www.accesscareers.net,accesscareers
0743556440232296448,2025-08-13T19:47:49.9627785+00:00,483850,Alliance Computing Solutions,https://www.acs.edu,acs
0743556440496537600,2025-08-13T19:47:50.0252352+00:00,483744,Vibe Barber College,https://vibebarbercollege.edu,vibebarbercollege
0743556440756584448,2025-08-13T19:47:50.0873620+00:00,483896,Parisian Spa Institute,https://psijax.edu,psijax
0743556441008242688,2025-08-13T19:47:50.1479675+00:00,483878,Bay Area Medical Academy,https://www.bamasf.edu,bamasf
0743556441276678144,2025-08-13T19:47:50.2112120+00:00,483513,Neecee's Barber College,https://neeceescollege.com,neeceescollege
0743556441540919296,2025-08-13T19:47:50.2748993+00:00,483799,East-West Healing Arts Institute,https://acupressureschool.com,acupressureschool
0743556441809354752,2025-08-13T19:47:50.3385455+00:00,483346,Barber and Beauty Academy of Pennsylvania,https://www.barberandbeautyacademyofpa.com,barberandbeautyacademyofpa
0743556442065207296,2025-08-13T19:47:50.3992866+00:00,483869,InterAmerican Technical Institute,https://www.iti.edu,iti
0743556442325254144,2025-08-13T19:47:50.4616591+00:00,483887,Mind Body Institute,https://mindbody.edu,mindbody
0743556442589495296,2025-08-13T19:47:50.5244093+00:00,484057,Jupiter Beauty Academy,https://www.jba.edu,jba
0743556442853736448,2025-08-13T19:47:50.5879907+00:00,483957,Lawrence & Company College of Cosmetology,https://www.lawrencecosmetology.com,lawrencecosmetology
0743556443113783296,2025-08-13T19:47:50.6495123+00:00,484048,Barber Institute of Texas,https://www.bit.edu,bit
0743556443390607360,2025-08-13T19:47:50.7155372+00:00,484093,Paul Mitchell the School-Farmington Hills,https://paulmitchell.edu/farmingtonhills,paulmitchell-farmington-hills
0743556443650654208,2025-08-13T19:47:50.7774433+00:00,484084,Debutantes School of Cosmetology and Nail Technology,https://www.debschool.com,debschool
0743556443906506752,2025-08-13T19:47:50.8383247+00:00,484075,First Coast Barber Academy,https://firstcoastbarberacademy.com,firstcoastbarberacademy
0743556444170747904,2025-08-13T19:47:50.9019194+00:00,484136,Yahweh Beauty Academy,https://www.yahwehbeautyacademy.com,yahwehbeautyacademy
0743556444434989056,2025-08-13T19:47:50.9642697+00:00,483911,Creative Touch Cosmetology School,https://www.creativetouch.edu,creativetouch
0743556444699230208,2025-08-13T19:47:51.0278516+00:00,484127,TIGI Hairdressing Academy Newtown,https://tiginewtown.com,tiginewtown
0743556444959277056,2025-08-13T19:47:51.0895611+00:00,484020,Beyond Measure Barbering Institute,https://www.beyondmeasurebarbering.com,beyondmeasurebarbering
0743556445219323904,2025-08-13T19:47:51.1513229+00:00,484190,Park Place Premier Barber School,https://www.parkplacebarberschool.edu,parkplacebarberschool
0743556445487759360,2025-08-13T19:47:51.2159341+00:00,484011,Paul Mitchell the School-Schenectady,https://paulmitchell.edu/schenectady,paulmitchell-schenectady
0743556445752000512,2025-08-13T19:47:51.2782018+00:00,484330,Ross Medical Education Center-Owensboro,https://rosseducation.edu,rosseducation-owensboro
0743556446003658752,2025-08-13T19:47:51.3387676+00:00,484206,The Salon Professional Academy-San Jose,https://www.tspasanjose.com,tspasanjose
0743556446272094208,2025-08-13T19:47:51.4029743+00:00,484604,Ogle School Hair Skin Nails-Stafford,https://ogleschool.edu,ogleschool-stafford
0743556446532141056,2025-08-13T19:47:51.4640973+00:00,484109,Paul Mitchell the School-Merrillville,https://paulmitchell.edu/merrillville,paulmitchell-merrillville
0743556446783799296,2025-08-13T19:47:51.5244010+00:00,484996,Houston Training Schools-Gessner,https://houstontrainingschools.net,houstontrainingschools-houston
0743556447035457536,2025-08-13T19:47:51.5847643+00:00,484163,Arizona School of Integrative Studies,https://www.asismassage.edu,asismassage
0743556447303892992,2025-08-13T19:47:51.6480629+00:00,484394,Taylor Andrews Academy of Hair Design-Provo,https://www.taylorandrew.com,taylorandrew-provo
0743556447576522752,2025-08-13T19:47:51.7138493+00:00,484349,Ross Medical Education Center-Evansville,https://rosseducation.edu,rosseducation-evansville
0743556447832375296,2025-08-13T19:47:51.7740592+00:00,485166,Beau Monde Academy of Barbering and Cosmetology,https://www.beaumondeacademy.com,beaumondeacademy
0743556448096616448,2025-08-13T19:47:51.8378597+00:00,484358,Ross Medical Education Center-Johnson City,https://rosseducation.edu,rosseducation-johnson-city
0743556448365051904,2025-08-13T19:47:51.9017653+00:00,484899,Aveda Institute-Phoenix,https://avedainspiregreatness.com/phoenix-campus,avedainspiregreatness-tempe
0743556448625098752,2025-08-13T19:47:51.9630126+00:00,483726,Luckes Beauty Academy LLC,https://www.luckesbeautyacademy.com,luckesbeautyacademy
0743556448889339904,2025-08-13T19:47:52.0268492+00:00,483948,Bos-Man's Barber College,https://www.bosmansbarbercollege.com,bosmansbarbercollege
0743556449149386752,2025-08-13T19:47:52.0886499+00:00,484923,Dermal Science International Aesthetics and Nail Academy,https://dsiacademy.edu,dsiacademy
0743556449413627904,2025-08-13T19:47:52.1516621+00:00,485397,Empire Beauty School-Cheltenham,https://www.empire.edu,empire-wyncote
0743556449669480448,2025-08-13T19:47:52.2127689+00:00,485379,Hollywood Institute of Beauty Careers-West Palm Beach,https://www.hi.edu,hi-west-palm-beach
0743556450193768448,2025-08-13T19:47:52.3371773+00:00,485032,Paul Mitchell the School-Toledo,https://paulmitchell.edu/toledo,paulmitchell-sylvania
0743556450449620992,2025-08-13T19:47:52.3984968+00:00,485485,Latin Beauty Academy,https://www.latinbeautyacademy.edu,latinbeautyacademy
0743556450713862144,2025-08-13T19:47:52.4619014+00:00,485236,Fountain of Youth Academy of Cosmetology,https://fountainofyouthacademy.edu,fountainofyouthacademy
0743556450982297600,2025-08-13T19:47:52.5256566+00:00,485388,Hollywood Institute of Beauty Careers-Casselberry,https://www.hi.edu,hi-casselberry
0743556451242344448,2025-08-13T19:47:52.5876366+00:00,484172,Lee Professional Institute,https://www.leeproinstitute.edu,leeproinstitute
0743556451506585600,2025-08-13T19:47:52.6509471+00:00,485014,Empire Beauty School-Buffalo,https://www.empire.edu,empire-cheektowaga
0743556451766632448,2025-08-13T19:47:52.7128431+00:00,485704,River Valley School of Massage,https://www.rvsmassage.com,rvsmassage
0743556452026679296,2025-08-13T19:47:52.7747059+00:00,485607,Dolce The Academy,https://www.dolceacademy.edu,dolceacademy
0743556452290920448,2025-08-13T19:47:52.8376350+00:00,485591,New Beginnings Beauty Academy,https://nbbacosmetology.com,nbbacosmetology
0743556452550967296,2025-08-13T19:47:52.8998074+00:00,485573,Universal Healthcare Careers College,https://www.uhcc.edu,uhcc
0743556452819402752,2025-08-13T19:47:52.9633894+00:00,485360,The Vocational Nursing Institute Inc,https://www.vocationalnursinginstitute.com,vocationalnursinginstitute
0743556452941037568,2025-08-13T19:47:52.9922351+00:00,485342,Aparicio-Levy Technical College,https://www.hillsboroughschools.org/altc,aparicio-levy-tampa
0743556453075255296,2025-08-13T19:47:53.0243008+00:00,485801,Westchester School for Medical & Dental Assistants,https://www.wsmda.edu,wsmda
0743556453322719232,2025-08-13T19:47:53.0833037+00:00,486202,Mingo Extended Learning Center,https://www.mingoschools.com/Domain/15,mingoschools
0743556453578571776,2025-08-13T19:47:53.1440789+00:00,485962,VH Barber & Styling Academy,https://vhacademy.edu,vhacademy
0743556453834424320,2025-08-13T19:47:53.2059611+00:00,486141,Westchester College of Nursing & Allied Health,https://www.westchestercollege.edu,westchestercollege
0743556454107054080,2025-08-13T19:47:53.2705408+00:00,485412,Coachella Valley Beauty College-Hemet,https://cvbeautycollege.com,cvbeautycollege-hemet
0743556454362906624,2025-08-13T19:47:53.3315819+00:00,485926,GA Beauty & Barber School,https://www.gabeautybarber.com,gabeautybarber
0743556454635536384,2025-08-13T19:47:53.3960356+00:00,486169,American College of Barbering,https://www.americancollegeofbarbering.com,americancollegeofbarbering
0743556454895583232,2025-08-13T19:47:53.4585956+00:00,486248,ZMS The Academy,https://www.zmsacademy.com,zmsacademy
0743556455155630080,2025-08-13T19:47:53.5204790+00:00,485476,Studio Beauty School,https://www.studiobeautyschool.com,studiobeautyschool
0743556455424065536,2025-08-13T19:47:53.5840141+00:00,485494,Associated Barber College of San Diego,https://associatedbarbercollege.edu,associatedbarbercollege
0743556455688306688,2025-08-13T19:47:53.6470291+00:00,486503,Laredo CHI Academy Beauty School,https://www.laredochi.com,laredochi
0743556455952547840,2025-08-13T19:47:53.7108411+00:00,486150,Treasure Coast Technical College,https://tctc.indianriverschools.org,indianriverschools
0743556456216788992,2025-08-13T19:47:53.7737035+00:00,485874,Salon Boutique Academy,https://www.salonboutiqueacademy.com,salonboutiqueacademy
0743556456497807360,2025-08-13T19:47:53.8406095+00:00,486530,Gould's Academy,https://www.gouldsacademy.com,gouldsacademy
0743556456762048512,2025-08-13T19:47:53.9038444+00:00,486406,Randolph Technical Center,https://rtc.rand.k12.wv.us,wv-elkins
0743556457030483968,2025-08-13T19:47:53.9676343+00:00,486707,Ross Medical Education Center-Huntsville,https://rosseducation.edu,rosseducation-huntsville
0743556457286336512,2025-08-13T19:47:54.0282972+00:00,486619,Academy of Professional Cosmetology,https://www.apcschools.com,apcschools
0743556457558966272,2025-08-13T19:47:54.0933848+00:00,486691,Empire Beauty School-Northlake,https://www.empire.edu,empire-atlanta
0743556457798041600,2025-08-13T19:47:54.1508761+00:00,486390,Culinary Tech Center,https://www.culinarytechcenter.edu,culinarytechcenter
0743556458053894144,2025-08-13T19:47:54.2117410+00:00,486345,HVAC Technical Institute,https://www.hvac-tech.com,hvac-tech
0743556458313940992,2025-08-13T19:47:54.2738562+00:00,486576,PPG Technical College,https://estudiappg.com,estudiappg
0743556458578182144,2025-08-13T19:47:54.3362372+00:00,486442,Sandra Academy of Salon Services,https://www.sandraacademy.edu,sandraacademy
0743556458855006208,2025-08-13T19:47:54.4021881+00:00,486798,Tulsa Welding School-Houston,https://www.tws.edu,tws-houston
0743556459119247360,2025-08-13T19:47:54.4651592+00:00,486877,Eastern Suffolk BOCES,https://adulteducation.esboces.org/programs-services/cosmetology-program/about-cosmetology,esboces-riverhead
0743556459387682816,2025-08-13T19:47:54.5293967+00:00,486567,Paul Mitchell the School-Tulsa,https://paulmitchell.edu/tulsa,paulmitchell-tulsa
0743556459656118272,2025-08-13T19:47:54.5931666+00:00,486716,Ross Medical Education Center-Knoxville,https://rosseducation.edu,rosseducation-knoxville
0743556459907776512,2025-08-13T19:47:54.6539516+00:00,486497,California Barber and Beauty College,https://www.californiabarberandbeauty.com,californiabarberandbeauty
0743556460180406272,2025-08-13T19:47:54.7180437+00:00,486886,Eastern Suffolk BOCES,https://adulteducation.esboces.org/programs-services/cosmetology-program/about-cosmetology,esboces-oakdale
0743556460448841728,2025-08-13T19:47:54.7825013+00:00,487065,Wade Gordon Hairdressing Academy-Lubbock,https://wadegordonacademy.com,wadegordonacademy-lubbock
0743556460704694272,2025-08-13T19:47:54.8436140+00:00,486770,Cortiva Institute-Arlington,https://www.cortiva.edu,cortiva-arlington
0743556460964741120,2025-08-13T19:47:54.9056780+00:00,486752,Ross Medical Education Center-Muncie,https://rosseducation.edu,rosseducation-muncie
0743556461224787968,2025-08-13T19:47:54.9678956+00:00,487047,Unitech Training Academy-New Orleans,https://www.unitechta.edu,unitechta-new-orleans
0743556461489029120,2025-08-13T19:47:55.0304252+00:00,487427,Florida Career College-Tampa,https://www.floridacareercollege.edu,floridacareercollege-tampa
0743556461728104448,2025-08-13T19:47:55.0872183+00:00,486512,Florida International Training Institute,https://www.fitischools.com,fitischools
0743556461996539904,2025-08-13T19:47:55.1517566+00:00,487506,Aveda Institute-Madison,https://www.ibw.edu,ibw-madison
0743556462252392448,2025-08-13T19:47:55.2125401+00:00,487481,UEI College-Phoenix,https://www.uei.edu,uei-phoenix
0743556462508244992,2025-08-13T19:47:55.2739267+00:00,487533,Tricoci University of Beauty Culture-Elgin,https://www.tricociuniversity.edu,tricociuniversity-elgin
0743556462772486144,2025-08-13T19:47:55.3360046+00:00,487232,Texas College of Cosmetology-Lubbock,https://www.texascollegecosmetology.com,texascollegecosmetology-lubbock
0743556463032532992,2025-08-13T19:47:55.3982223+00:00,487773,Butte County Regional Occupational Program,https://cte.bcoe.org,bcoe
0743556463296774144,2025-08-13T19:47:55.4615602+00:00,487472,Florida Career College-Orlando,https://www.floridacareercollege.edu,floridacareercollege-orlando
0743556463556820992,2025-08-13T19:47:55.5238439+00:00,487083,Protege Academy,https://www.protegeacademy.com,protegeacademy-mt-pleasant
0743556463825256448,2025-08-13T19:47:55.5873631+00:00,487791,Arclabs,https://www.arclabs.edu,arclabs
0743556464085303296,2025-08-13T19:47:55.6491458+00:00,487384,Florida Career College-Pembroke Pines,https://www.floridacareercollege.edu,floridacareercollege-pembroke-pines
0743556464341155840,2025-08-13T19:47:55.7100881+00:00,487852,American Institute of Alternative Medicine,https://massageschoolnewjersey.com,massageschoolnewjersey
0743556464597008384,2025-08-13T19:47:55.7719861+00:00,487816,Midfield Institute of Cosmetology,https://midfieldic.edu,midfieldic
0743556464869638144,2025-08-13T19:47:55.8363755+00:00,487676,The Temple Annapolis-A Paul Mitchell Partner School,https://paulmitchell.edu/annapolis,paulmitchell-annapolis
0743556465129684992,2025-08-13T19:47:55.8987522+00:00,487904,Kentucky Horseshoeing School,https://khs.edu,khs
0743556465406509056,2025-08-13T19:47:55.9644725+00:00,487436,Florida Career College-Jacksonville,https://www.floridacareercollege.edu,floridacareercollege-jacksonville
0743556465653972992,2025-08-13T19:47:56.0239739+00:00,488013,Garden State Science and Technology Institute,https://www.gssti.edu,gssti
0743556465926602752,2025-08-13T19:47:56.0883897+00:00,487959,Dalton Institute of Esthetics and Cosmetology,https://www.daltoninstitute.com,daltoninstitute
0743556466186649600,2025-08-13T19:47:56.1508781+00:00,487621,Celebrity Barber School,https://www.celebritystylistbeautyschool.com,celebritystylistbeautyschool-monroe
0743556466450890752,2025-08-13T19:47:56.2136805+00:00,487889,Regional Center for Border Health,https://www.rcbh.edu/index.html,rcbh
0743556466719326208,2025-08-13T19:47:56.2770103+00:00,488129,Textures Institute of Cosmetology,https://texturesinstitute.org,texturesinstitute
0743556466983567360,2025-08-13T19:47:56.3408735+00:00,487898,B-Unique Beauty and Barber Academy,https://bubba-online.com,bubba-online
0743556467252002816,2025-08-13T19:47:56.4041649+00:00,488022,Barber Tech Academy,https://www.barbertechacademy.com,barbertechacademy
0743556467516243968,2025-08-13T19:47:56.4673562+00:00,488110,Natural Images Beauty College,https://natural-images-bc.com,natural-images-bc
0743556467776290816,2025-08-13T19:47:56.5295600+00:00,488138,Williams Technical College,https://www.williamstechnicalcollege.com,williamstechnicalcollege
0743556468040531968,2025-08-13T19:47:56.5928016+00:00,487348,Aveda Institute Portland-Vancouver Campus,https://avedapdx.com,avedapdx-vancouver
0743556468287995904,2025-08-13T19:47:56.6514552+00:00,487807,Top of the Line Barber College,https://www.topofthelinebarbercollege.edu,topofthelinebarbercollege
0743556468548042752,2025-08-13T19:47:56.7137650+00:00,488217,Medical Career & Technical College,https://www.medicalcareerandtechnicalcollege.edu,medicalcareerandtechnicalcollege
0743556468808089600,2025-08-13T19:47:56.7758728+00:00,488147,PiBerry Institute,https://www.piberry.edu,piberry
0743556469055553536,2025-08-13T19:47:56.8347851+00:00,488253,Focus Personal Training Institute,https://www.fpti.edu,fpti
0743556469315600384,2025-08-13T19:47:56.8969160+00:00,488271,Fosbre Academy of Hair Design,https://www.fosbre-academy.com,fosbre-academy
0743556469579841536,2025-08-13T19:47:56.9595517+00:00,488226,Center for Neurosomatic Studies,https://cns.edu,cns
0743556469835694080,2025-08-13T19:47:57.0200679+00:00,487922,Image Maker Beauty Institute,https://www.imagemakerbeauty.com,imagemakerbeauty
0743556470091546624,2025-08-13T19:47:57.0816051+00:00,488378,International Beauty Education Center,https://spokanebeautyschool.com,spokanebeautyschool
0743556470347399168,2025-08-13T19:47:57.1428864+00:00,488280,National Personal Training Institute,https://nptiflorida.edu,nptiflorida
0743556470607446016,2025-08-13T19:47:57.2040918+00:00,488299,Mission Beauty Institute,https://www.missionbeautyinstitute.com,missionbeautyinstitute
0743556470863298560,2025-08-13T19:47:57.2656068+00:00,488396,Phipps Academy of Barbering,https://www.phippsacademy.com,phippsacademy
0743556471127539712,2025-08-13T19:47:57.3284366+00:00,488411,Hoss Lee Academy,https://hossleeacademy.com,hossleeacademy
0743556471379197952,2025-08-13T19:47:57.3887650+00:00,488262,Hair Academy School of Barbering & Beauty,https://hairacademysbb.edu,hairacademysbb
0743556471643439104,2025-08-13T19:47:57.4510800+00:00,488183,Regina Webb Academy,https://reginawebbacademy.com,reginawebbacademy
0743556471903485952,2025-08-13T19:47:57.5136562+00:00,488192,DeHart Technical School,https://www.deharttech.edu,deharttech
0743556472155144192,2025-08-13T19:47:57.5738552+00:00,488651,Glitz School of Cosmetology,https://www.glitz.edu,glitz
0743556472415191040,2025-08-13T19:47:57.6359224+00:00,488891,South Dade Technical College-South Dade Skills Center Campus,https://www.southdadetech.edu,southdadetech
0743556472671043584,2025-08-13T19:47:57.6965301+00:00,488369,Premier Barber Institute,https://www.premierbarberinstitute.com,premierbarberinstitute
0743556472931090432,2025-08-13T19:47:57.7581566+00:00,488174,Ea La Mar's Cosmetology & Barber College,https://www.ealamarscollege.com,ealamarscollege
0743556473182748672,2025-08-13T19:47:57.8189397+00:00,488916,Alabama School of Nail Technology & Cosmetology,https://www.asntc.edu,asntc
0743556473446989824,2025-08-13T19:47:57.8815753+00:00,488952,Ross Medical Education Center-Elyria,https://rosseducation.edu,rosseducation-elyria
0743556473719619584,2025-08-13T19:47:57.9460533+00:00,488420,Indiana Wellness College,https://www.indianawellnesscollege.edu,indianawellnesscollege
0743556473958694912,2025-08-13T19:47:58.0035174+00:00,488837,U.S. Truck Driver Training School,https://ustdts.edu,ustdts
0743556474222936064,2025-08-13T19:47:58.0661457+00:00,488749,Paul Mitchell the School-Jessup,https://paulmitchell.edu/jessup,paulmitchell-jessup
0743556474482982912,2025-08-13T19:47:58.1280145+00:00,489140,Academy of Beauty Professionals,https://www.academyofbeautyprofessionals.com,academyofbeautyprofessionals-green-bay
0743556474743029760,2025-08-13T19:47:58.1904177+00:00,489159,Kenneth Shuler School of Cosmetology-Goose Creek,https://www.kennethshuler.com,kennethshuler-goose-creek
0743556474986299392,2025-08-13T19:47:58.2482483+00:00,488590,Christian Culinary Academy,https://www.christianculinary.org,christianculinary
0743556475250540544,2025-08-13T19:47:58.3119250+00:00,488989,Paul Mitchell the School-Clear Lake,https://paulmitchell.edu/clearlake,paulmitchell-webster
0743556475502198784,2025-08-13T19:47:58.3710705+00:00,489256,Caribbean Aviation Training Institute Inc,https://www.caribav.com,caribav
0743556475766439936,2025-08-13T19:47:58.4343501+00:00,488961,Ross Medical Education Center-Lafayette,https://rosseducation.edu,rosseducation-lafayette
0743556476030681088,2025-08-13T19:47:58.4977313+00:00,489238,Boca Beauty Academy-Parkland,https://www.bocabeautyacademy.edu,bocabeautyacademy-parkland
0743556476286533632,2025-08-13T19:47:58.5587150+00:00,490018,National Personal Training Institute-Tampa,https://nptiflorida.edu/npti-tampa,nptiflorida-tampa
0743556476546580480,2025-08-13T19:47:58.6200979+00:00,489830,Arthur's Beauty College,https://www.arthursbeautycollege.com,arthursbeautycollege-jonesboro
0743556476794044416,2025-08-13T19:47:58.6799633+00:00,489247,American Beauty Academy-West Valley Campus,https://americanbeautyutah.com,americanbeautyutah
0743556477054091264,2025-08-13T19:47:58.7415892+00:00,490090,Gadsden Technical College,https://www.gadsdentech.org,gadsdentech
0743556477314138112,2025-08-13T19:47:58.8030076+00:00,490151,Allied Health Careers Institute,https://www.ahci.edu,ahci
0743556477569990656,2025-08-13T19:47:58.8647680+00:00,490249,Mobile Technical Training,https://www.mobiletechtraining.com,mobiletechtraining
0743556477838426112,2025-08-13T19:47:58.9285955+00:00,488970,Ross Medical Education Center-Midland,https://rosseducation.edu,rosseducation-midland
0743556478090084352,2025-08-13T19:47:58.9886674+00:00,490221,MAK Beauty Institute,https://www.makbeautyinstitute.com,makbeautyinstitute
0743556478341742592,2025-08-13T19:47:59.0482924+00:00,490258,American Barber and Beauty Academy,https://americanbarberbeauty.com,americanbarberbeauty
0743556478597595136,2025-08-13T19:47:59.1097967+00:00,490294,"Elite Cosmetology, Barber & Spa Academy",https://elitecbsacademy.com,elitecbsacademy
0743556478857641984,2025-08-13T19:47:59.1715149+00:00,490300,Cutting Edge Academy,https://www.cuttingedgeacademynj.com,cuttingedgeacademynj
0743556479117688832,2025-08-13T19:47:59.2332366+00:00,490382,Harmony Health Care Institute,https://www.harmony-health.org,harmony-health
0743556479377735680,2025-08-13T19:47:59.2955030+00:00,490267,Master's Barber & Styling College,https://mastersbarbercollege.edu,mastersbarbercollege
0743556479629393920,2025-08-13T19:47:59.3557528+00:00,490407,Hogan Institute of Cosmetology and Esthetics,https://www.hoganice.edu,hoganice
0743556479893635072,2025-08-13T19:47:59.4183643+00:00,489131,Academy of Beauty Professionals,https://www.academyofbeautyprofessionals.com,academyofbeautyprofessionals-appleton
0743556480141099008,2025-08-13T19:47:59.4779620+00:00,490142,World Class Academy of Beauty Careers,https://www.worldclassacademybeautycareers.com,worldclassacademybeautycareers
0743556480405340160,2025-08-13T19:47:59.5400666+00:00,490425,Ann Webb Skin Institute,https://awskininstitute.com,awskininstitute
0743556480656998400,2025-08-13T19:47:59.6007075+00:00,490434,Apex Academy Hair Skin Nails School of Cosmetology,https://www.apexacademy2013.com,apexacademy2013
0743556480917045248,2025-08-13T19:47:59.6623638+00:00,490443,The Esthetic Institute,https://estheticinstitute.com,estheticinstitute
0743556481172897792,2025-08-13T19:47:59.7239263+00:00,488439,Kenny's Academy of Barbering,https://kennysacademy.com,kennysacademy
0743556481437138944,2025-08-13T19:47:59.7867686+00:00,488998,Paul Mitchell the School-Nampa,https://paulmitchell.edu/nampa,paulmitchell-nampa
0743556481688797184,2025-08-13T19:47:59.8469559+00:00,490452,Kor Beauty Academy,https://korbeautyacademy.org,korbeautyacademy
0743556481948844032,2025-08-13T19:47:59.9089538+00:00,489122,Academy of Beauty Professionals,https://www.academyofbeautyprofessionals.com,academyofbeautyprofessionals-madison
0743556482204696576,2025-08-13T19:47:59.9699021+00:00,490416,J's Barber College,https://jsbarbercollege.com,jsbarbercollege
0743556482473132032,2025-08-13T19:48:00.0336677+00:00,490674,Manuel and Theresa's School of Hair Design,https://www.manuelandtheresasschoolofhair.com,manuelandtheresasschoolofhair-brenham
0743556482741567488,2025-08-13T19:48:00.0973639+00:00,490735,Peloton College,https://pelotoncollege.edu,pelotoncollege-arlington
0743556482997420032,2025-08-13T19:48:00.1585144+00:00,490470,Massage Institute of Memphis,https://www.themassageinstitute.com,themassageinstitute
0743556483253272576,2025-08-13T19:48:00.2193664+00:00,490896,Advantage Career Institute,https://www.aci.edu,aci
0743556483517513728,2025-08-13T19:48:00.2824246+00:00,490717,L Makeup Institute,https://lmi.edu,lmi
0743556483785949184,2025-08-13T19:48:00.3468822+00:00,490461,EduMed Partners,https://www.edumed-partners.com,edumed-partners
0743556484058578944,2025-08-13T19:48:00.4116512+00:00,491075,Arkansas Welding Academy,https://arkansasweldingacademy.edu,arkansasweldingacademy
0743556484306042880,2025-08-13T19:48:00.4701941+00:00,491066,Strand Institute of Beauty & Esthetics,https://thestrandinstitute.edu,thestrandinstitute
0743556484566089728,2025-08-13T19:48:00.5326631+00:00,490391,American Beauty Schools,https://www.americanbeautyschools.com,americanbeautyschools
0743556484830330880,2025-08-13T19:48:00.5957126+00:00,491145,Empire Beauty School-Lakeland,https://www.empire.edu,empire-lakeland
0743556485090377728,2025-08-13T19:48:00.6573561+00:00,491215,Commercial Divers International,https://commercialdiversinternational.edu,commercialdiversinternational
0743556485346230272,2025-08-13T19:48:00.7189265+00:00,490522,Allgood Beauty Institute,https://allgoodbeauty.com,allgoodbeauty
0743556485610471424,2025-08-13T19:48:00.7810986+00:00,490948,Bull City Durham Beauty and Barber College,https://www.bullcitybarbercollege.com,bullcitybarbercollege
0743556485878906880,2025-08-13T19:48:00.8457410+00:00,491224,Tricoci University of Beauty Culture-Janesville,https://www.tricociuniversity.edu,tricociuniversity-janesville
0743556486138953728,2025-08-13T19:48:00.9078981+00:00,491242,Johnny Matthew's Hairdressing Training School,https://www.johnnymatthews.com,johnnymatthews
0743556486394806272,2025-08-13T19:48:00.9683796+00:00,491084,Unitech Training Academy-Baton Rouge,https://www.unitechta.edu,unitechta-baton-rouge
0743556486659047424,2025-08-13T19:48:01.0315680+00:00,490814,Ross Medical Education Center-Portage,https://rosseducation.edu,rosseducation-portage
0743556486914899968,2025-08-13T19:48:01.0921240+00:00,491507,California Institute of Medical Science,https://cims.edu,cims
0743556487174946816,2025-08-13T19:48:01.1549881+00:00,491233,Unlimited Cosmetology School,https://www.unlmtdcosmetologyschoolms.com,unlmtdcosmetologyschoolms
0743556487439187968,2025-08-13T19:48:01.2171916+00:00,490744,Northern Technical College,https://www.northerntechnicalcolleges.com,northerntechnicalcolleges
0743556487699234816,2025-08-13T19:48:01.2792556+00:00,491543,San Bernardino Beauty College,https://barber-beautycollege.com,barber-beautycollege
0743556488227717120,2025-08-13T19:48:01.4050521+00:00,491473,Polytech Adult Education,https://www.polytechworks.com,polytechworks
0743556488487763968,2025-08-13T19:48:01.4671912+00:00,491534,Pets Playground Grooming School,https://www.petsplayground.edu,petsplayground
0743556488747810816,2025-08-13T19:48:01.5291618+00:00,491598,European Medical School of Massage,https://emsom.edu,emsom
0743556489020440576,2025-08-13T19:48:01.5941882+00:00,491552,Christina and Company Education Center,https://www.ccedcenter.com,ccedcenter
0743556489276293120,2025-08-13T19:48:01.6551725+00:00,491464,ABC Adult School,https://www.abcadultschool.edu,abcadultschool
0743556489532145664,2025-08-13T19:48:01.7167985+00:00,491589,Mystros Barber Academy,https://mystrosbarberacademy.org,mystrosbarberacademy
0743556489804775424,2025-08-13T19:48:01.7815016+00:00,491677,Lehigh Valley Barber School,https://www.lehighvalleybarberschool.com,lehighvalleybarberschool
0743556490064822272,2025-08-13T19:48:01.8439274+00:00,491686,International Barber College,https://internationalbarber.net,internationalbarber
0743556490333257728,2025-08-13T19:48:01.9075249+00:00,491251,The Culinary School of Fort Worth,https://www.csftw.edu,csftw
0743556490593304576,2025-08-13T19:48:01.9693397+00:00,491668,Neo-Esthetique European Institute,https://www.institutoneo.com,institutoneo
0743556490849157120,2025-08-13T19:48:02.0302928+00:00,491747,UR Beauty & Barber Academy,https://urbeautybarber.vpweb.com,vpweb
0743556491109203968,2025-08-13T19:48:02.0923802+00:00,491701,Rexburg College of Massage Therapy,https://rexburgcmt.com,rexburgcmt
0743556491306336256,2025-08-13T19:48:02.1399702+00:00,486983,Paul Mitchell the School-Madison,https://paulmitchell.edu/madison,pm-madison-wi
0743556491365056512,2025-08-13T19:48:02.1539514+00:00,490531,Ray J's College of Hair,https://www.rayjscollegeofhair.info,rayjscollegeofhair
0743556491641880576,2025-08-13T19:48:02.2193003+00:00,491774,Transitions Career Institute School of Nursing,https://tcilpn.org,tcilpn
0743556491893538816,2025-08-13T19:48:02.2793677+00:00,491260,Centralia Beauty College,https://www.centraliabeautycollege.com,centraliabeautycollege
0743556492153585664,2025-08-13T19:48:02.3419690+00:00,491792,Stacey James Institute,https://www.staceyjamesinstitute.com,staceyjamesinstitute
0743556492426215424,2025-08-13T19:48:02.4067488+00:00,491136,Empire Beauty School-Tampa,https://www.empire.edu,empire-tampa
0743556492682067968,2025-08-13T19:48:02.4673567+00:00,491570,Institute of Medical Ultrasound,https://www.imu.edu,imu
0743556492946309120,2025-08-13T19:48:02.5300543+00:00,491871,Vogue International Academy,https://www.vogueinternationalacademy.com,vogueinternationalacademy
0743556493189578752,2025-08-13T19:48:02.5885713+00:00,491880,Independent Training & Apprenticeship Program,https://www.itap.edu,itap
0743556493449625600,2025-08-13T19:48:02.6509597+00:00,491729,Goshen School of Cosmetology,https://www.goshenschoolofcosmetology.co,goshenschoolofcosmetology
0743556493713866752,2025-08-13T19:48:02.7135093+00:00,491826,"Avenue Academy, A Cosmetology Institute",https://www.theavenueacademy.com,theavenueacademy
0743556493978107904,2025-08-13T19:48:02.7765059+00:00,491695,Brown Beauty Barber School,https://brownbeautybarberschool.edu,brownbeautybarberschool
0743556494254931968,2025-08-13T19:48:02.8426284+00:00,491394,Miller-Motte College-STVT-Arlington,https://www.stvt.edu,stvt-arlington
0743556494502395904,2025-08-13T19:48:02.9010714+00:00,491853,Princess Institute of Beauty,https://www.piofb.com,piofb
0743556494779219968,2025-08-13T19:48:02.9670987+00:00,491835,Salon Professional Academy of San Antonio,https://www.tspasanantonio.com,tspasanantonio
0743556495035072512,2025-08-13T19:48:03.0281691+00:00,491783,Wilton Simpson Technical College,https://hernandoschools.org/schools/stc,hernandoschools
0743556495295119360,2025-08-13T19:48:03.0904276+00:00,491756,Urban Barber College,https://urbanbarbercollege.com,urbanbarbercollege
0743556495550971904,2025-08-13T19:48:03.1514309+00:00,492023,Americare Technical School,https://www.americaretech.com,americaretech
0743556495802630144,2025-08-13T19:48:03.2115779+00:00,491978,Another Level Barbering and Cosmetology School,https://www.albcschool.edu,albcschool
0743556496062676992,2025-08-13T19:48:03.2734007+00:00,492005,Elite Academy of Hair Design,https://www.eliteacademyofhairdesign.com,eliteacademyofhairdesign
0743556496322723840,2025-08-13T19:48:03.3353286+00:00,492281,GoodFellas Barber College,https://www.gfbc.edu,gfbc
0743556496582770688,2025-08-13T19:48:03.3979667+00:00,491899,Victory Career College,https://victorycareercollege.edu,victorycareercollege
0743556496851206144,2025-08-13T19:48:03.4613904+00:00,492096,D&S School of Cosmetology,https://dandsschoolofcosmetology.com,dandsschoolofcosmetology
0743556497119641600,2025-08-13T19:48:03.5253717+00:00,491932,Installer Institute,https://installerinstitute.edu,installerinstitute
0743556497379688448,2025-08-13T19:48:03.5871902+00:00,492324,Vista Adult School,https://vistaadultschool.org,vistaadultschool
0743556497643929600,2025-08-13T19:48:03.6509939+00:00,491923,Southeastern Esthetics Institute,https://www.seestheticsinstitute.com,seestheticsinstitute
0743556497916559360,2025-08-13T19:48:03.7150507+00:00,492360,The Salon Professional Academy-Delray Beach,https://www.tspadelraybeach.com,tspadelraybeach
0743556498172411904,2025-08-13T19:48:03.7762886+00:00,492315,Poway Adult School,https://www.powayadultschool.com,powayadultschool
0743556498436653056,2025-08-13T19:48:03.8392714+00:00,491905,Winonah's International School of Cosmetology,https://www.winonah.net,winonah
0743556498705088512,2025-08-13T19:48:03.9036469+00:00,492643,American Massage & Bodywork Institute,https://www.ambi.edu,ambi
0743556498969329664,2025-08-13T19:48:03.9668488+00:00,492652,KCK Beauty & Barber Academy,https://www.kckbbacademy.org,kckbbacademy
0743556499233570816,2025-08-13T19:48:04.0298973+00:00,492731,Innovate Salon Academy,https://innovatesalonacademy.com,innovatesalonacademy-ewing
0743556499489423360,2025-08-13T19:48:04.0903878+00:00,491996,The Salon Professional Academy-Georgetown,https://www.tspageorgetown.com,tspageorgetown
0743556499753664512,2025-08-13T19:48:04.1539355+00:00,492139,DSDT,https://dsdt.edu,dsdt
0743556500013711360,2025-08-13T19:48:04.2158687+00:00,492661,California College of Barbering and Cosmetology,https://calcbc.com,calcbc
0743556500282146816,2025-08-13T19:48:04.2798228+00:00,493071,Advantage Technical College,https://www.adtecpr.com,adtecpr-san-juan
0743556500546387968,2025-08-13T19:48:04.3423414+00:00,492421,No Grease Barber School,https://www.nogreasebarberschool.com,nogreasebarberschool
0743556500814823424,2025-08-13T19:48:04.4063128+00:00,493372,Urban Academy of Beauty,https://paulmitchell.edu/albuquerque,paulmitchell-rio-rancho
0743556501079064576,2025-08-13T19:48:04.4690527+00:00,493150,Gould's Academy,https://gouldsacademy.com,gouldsacademy-bartlett
0743556501343305728,2025-08-13T19:48:04.5320897+00:00,492078,Chicago Professional Center,https://www.chicagoprofessionalcenter.com,chicagoprofessionalcenter
0743556501603352576,2025-08-13T19:48:04.5949848+00:00,492148,Elite Beauty College,https://ebcollege.net/student-handbook/student-handbook,ebcollege
0743556501859205120,2025-08-13T19:48:04.6559435+00:00,493558,Central Pennsylvania Diesel Institute,https://www.cpdiesel.com,cpdiesel
0743556502119251968,2025-08-13T19:48:04.7176477+00:00,493576,PMCA Pittsburgh Multicultural Cosmetology Academy,https://pmcapgh.com,pmcapgh
0743556502383493120,2025-08-13T19:48:04.7806491+00:00,493585,Health and Technology Training Institute,https://www.httiphila.org,httiphila
0743556502639345664,2025-08-13T19:48:04.8410762+00:00,492306,Escondido Adult School,https://www.escondidoadultschool.org,escondidoadultschool
0743556502903586816,2025-08-13T19:48:04.9047507+00:00,493567,Bellasa Professional Institute,https://www.bellasa.edu,bellasa
0743556503163633664,2025-08-13T19:48:04.9668705+00:00,493530,Crown Cutz Academy Bristol,https://www.bristolschoolofhairdesign.com,bristolschoolofhairdesign
0743556503427874816,2025-08-13T19:48:05.0293832+00:00,492935,Global Medical & Technical Training Institute,https://www.gmtti.edu,gmtti
0743556503696310272,2025-08-13T19:48:05.0931906+00:00,493637,South Eastern Beauty Academy,https://southeasternbeautyacademy.com,southeasternbeautyacademy
0743556503956357120,2025-08-13T19:48:05.1557361+00:00,492953,Salon Success Academy-West Covina,https://www.salonsuccessacademy.com,salonsuccessacademy-west-covina
0743556504216403968,2025-08-13T19:48:05.2176691+00:00,493655,Montana Barber Institute,https://www.montanabarberinstitute.com,montanabarberinstitute
0743556504484839424,2025-08-13T19:48:05.2810980+00:00,493804,Deluxe Barber College,https://www.deluxebarbercollege.com,deluxebarbercollege
0743556504744886272,2025-08-13T19:48:05.3432039+00:00,493628,Pro Beauty Academy,https://www.probeautyacademy.com,probeautyacademy
0743556504996544512,2025-08-13T19:48:05.4039851+00:00,493743,Houston Barber School,https://www.htxbarberschool.com,htxbarberschool
0743556505264979968,2025-08-13T19:48:05.4674877+00:00,493813,Falcon Institute of Health and Science,https://www.falconihs.com,falconihs
0743556505533415424,2025-08-13T19:48:05.5312056+00:00,493761,MIXED Institute of Cosmetology & Barber,https://mixed.institute,mixed
0743556505789267968,2025-08-13T19:48:05.5927847+00:00,493831,Midwest Barber College,https://www.midwestbarbercollege.com,midwestbarbercollege
0743556506057703424,2025-08-13T19:48:05.6569562+00:00,493752,Health-Tech Institute of Memphis,https://www.htim.edu,htim
0743556506317750272,2025-08-13T19:48:05.7180515+00:00,493479,Medical Career College of Northern California,https://medicalcareercollege.edu,medicalcareercollege
0743556506577797120,2025-08-13T19:48:05.7802206+00:00,494232,The Salon Professional Academy-Washington DC,https://www.tspadc.com,tspadc
0743556506854621184,2025-08-13T19:48:05.8464557+00:00,494029,Lil Lou's Beauty and Barber College-Hammond,https://www.lillousbeautyandbarbercollege.com,lillousbeautyandbarbercollege-hammond
0743556507110473728,2025-08-13T19:48:05.9075423+00:00,493770,Vski Cosmetology School,https://www.vskicosmetology.com,vskicosmetology
0743556507370520576,2025-08-13T19:48:05.9692186+00:00,493691,Premier Academy of Cosmetology,https://premiercosmo.com,premiercosmo
0743556507630567424,2025-08-13T19:48:06.0311360+00:00,494472,Evvaylois Academy School of Beauty,https://www.evvayloisschoolofbeauty.com,evvayloisschoolofbeauty
0743556507890614272,2025-08-13T19:48:06.0939138+00:00,494524,Avenue Five Institute-South Austin Campus,https://www.avenuefive.edu,avenuefive-austin
0743556508142272512,2025-08-13T19:48:06.1534870+00:00,493868,A Better U Beauty Barber Academy,https://abuacademy.com,abuacademy
0743556508393930752,2025-08-13T19:48:06.2137715+00:00,493910,Tuana European Beauty Academy,https://www.tuanaacademy.com,tuanaacademy
0743556508662366208,2025-08-13T19:48:06.2777715+00:00,494658,KC Beauty Academy,https://www.kcbeautyacademy.com,kcbeautyacademy
0743556508926607360,2025-08-13T19:48:06.3406849+00:00,494904,Access Careers-Islandia,https://www.accesscareers.net,accesscareers-islandia
0743556509190848512,2025-08-13T19:48:06.4035376+00:00,495101,Zion Massage College,https://www.zmc.edu,zmc
0743556509442506752,2025-08-13T19:48:06.4637498+00:00,495040,Makana Esthetics Wellness Academy,https://makanaacademy.edu,makanaacademy
0743556509702553600,2025-08-13T19:48:06.5255903+00:00,494001,Elevate Salon Institute,https://www.esidurham.com,esidurham
0743556509958406144,2025-08-13T19:48:06.5867671+00:00,495129,Austin Career Institute,https://www.austincareerinstitute.edu,austincareerinstitute
0743556510222647296,2025-08-13T19:48:06.6495175+00:00,494357,UEI College-Sacramento,https://www.uei.edu,uei-sacramento
0743556510486888448,2025-08-13T19:48:06.7123143+00:00,494728,Michael's Barber & Hair Stylist Academy,https://barberstylistacademy.com,barberstylistacademy
0743556510746935296,2025-08-13T19:48:06.7742300+00:00,495165,Royal Learning Institute,https://www.rli.edu,rli
0743556511006982144,2025-08-13T19:48:06.8364343+00:00,495174,Hollywood Cultural College,https://www.hccollege.edu,hccollege
0743556511283806208,2025-08-13T19:48:06.9023623+00:00,495077,Paul Mitchell the School-San Jose,https://paulmitchell.edu/sanjose,paulmitchell-san-jose
0743556511539658752,2025-08-13T19:48:06.9638161+00:00,495138,Professional Culinary Academy,https://professionalculinaryacademy.com,professionalculinaryacademy
0743556511803899904,2025-08-13T19:48:07.0265099+00:00,495244,Pearlands Innovative School of Beauty,https://www.pearlandinnovative.com,pearlandinnovative
0743556512063946752,2025-08-13T19:48:07.0884908+00:00,494719,Tonsorial Arts Barber College,https://www.tonsorialartsbarbercollege.com,tonsorialartsbarbercollege
0743556512311410688,2025-08-13T19:48:07.1475912+00:00,495235,Total Beauty Institute,https://totalbeautyinstitute.com,totalbeautyinstitute
0743556512584040448,2025-08-13T19:48:07.2121630+00:00,493549,MCI,https://www.mcallencareersinstitute.edu,mcallencareersinstitute
0743556512848281600,2025-08-13T19:48:07.2758846+00:00,495299,Florida Professional Institute,https://www.fpi.edu,fpi
0743556513108328448,2025-08-13T19:48:07.3376387+00:00,495226,St. Louis Med Tech,https://www.stlmedtech.org,stlmedtech
0743556513368375296,2025-08-13T19:48:07.3997944+00:00,494700,Xtylo Beauty College,https://www.xtylocollege.com,xtylocollege
0743556513636810752,2025-08-13T19:48:07.4630035+00:00,495369,Paul Mitchell the School-Fort Lauderdale,https://paulmitchell.edu/fortlauderdale,paulmitchell-plantation
0743556513888468992,2025-08-13T19:48:07.5239225+00:00,495387,Larry's Barber College,https://www.larrysbarbercollege.com,larrysbarbercollege-chicago
0743556514156904448,2025-08-13T19:48:07.5873385+00:00,495253,Durant Institute of Hair Design,https://www.durantinstituteofhairdesign.com,durantinstituteofhairdesign
0743556514416951296,2025-08-13T19:48:07.6496696+00:00,495350,Paul Mitchell the School-North Tahoe,https://paulmitchell.edu/northtahoe,paulmitchell-truckee
0743556514672803840,2025-08-13T19:48:07.7109201+00:00,495110,Great Lakes Boat Building School,https://www.glbbs.edu,glbbs
0743556514941239296,2025-08-13T19:48:07.7740321+00:00,495730,Tricoci University of Beauty Culture-Normal,https://www.tricociuniversity.edu,tricociuniversity-normal
0743556515205480448,2025-08-13T19:48:07.8379017+00:00,495776,Elite Welding Academy,https://www.eliteweldingacademy.com,eliteweldingacademy-houston
0743556515465527296,2025-08-13T19:48:07.8992855+00:00,495262,Premiere Aesthetics Institute,https://www.premiereaestheticsinstitute.com,premiereaestheticsinstitute
0743556515721379840,2025-08-13T19:48:07.9606449+00:00,495837,Dorsey College-Woodhaven,https://www.dorsey.edu,dorsey-woodhaven
0743556515989815296,2025-08-13T19:48:08.0240290+00:00,495794,Paul Mitchell the School-Murfreesboro-Nashville,https://nashville.paulmitchell.edu,paulmitchell-hendersonville
0743556516249862144,2025-08-13T19:48:08.0868192+00:00,495411,Paul Mitchell the School-Provo,https://paulmitchell.edu/provo,paulmitchell-provo
0743556516497326080,2025-08-13T19:48:08.1458414+00:00,496052,Ruben's Five Star Academy,https://rubens5staracademy.com,rubens5staracademy
0743556516765761536,2025-08-13T19:48:08.2090239+00:00,495518,Empire Beauty School-Newport News,https://www.empire.edu,empire-newport-news
0743556517021614080,2025-08-13T19:48:08.2705495+00:00,496423,Zorganics Institute of Beauty and Wellness,https://www.zorganicsinstitute.edu,zorganicsinstitute
0743556517290049536,2025-08-13T19:48:08.3342550+00:00,496371,Elite Welding Academy South Point,https://www.eliteweldingacademy.com,eliteweldingacademy-south-point
0743556517818531840,2025-08-13T19:48:08.4604235+00:00,496539,The  Salon Professional Academy of Holland,https://www.tspaholland.com,tspaholland
0743556518074384384,2025-08-13T19:48:08.5213405+00:00,496478,Motion Picture Institute,https://www.motionpicture.edu,motionpicture
0743556518351208448,2025-08-13T19:48:08.5878826+00:00,496575,Dymond Designs Beauty School,https://ddbs.edu,ddbs
0743556518607060992,2025-08-13T19:48:08.6488645+00:00,495208,Webb's Barber School of Arts,https://webbsbarberschoolofarts.com,webbsbarberschoolofarts
0743556518867107840,2025-08-13T19:48:08.7109229+00:00,495970,Advantage Technical College-Aguadilla,https://www.adtecpr.com,adtecpr-aguadilla
0743556519127154688,2025-08-13T19:48:08.7721060+00:00,496645,Burlington County Institute of Technology-Adult Education,https://www.bcit.cc/adulted,bcit
0743556519395590144,2025-08-13T19:48:08.8365063+00:00,495305,The Professional Cosmetology Academy,https://www.tpcalaredo.com,tpcalaredo
0743556519655636992,2025-08-13T19:48:08.8986779+00:00,496672,Hair Arts Institute,https://www.hairartsinstitute.com,hairartsinstitute
0743556519915683840,2025-08-13T19:48:08.9605734+00:00,496618,National Institute for Medical Assistant Advancement (NIMAA),https://www.nimaa.edu,nimaa
0743556520179924992,2025-08-13T19:48:09.0235182+00:00,496690,Body Wisdom Massage Therapy School,https://www.bodywisdomschool.com,bodywisdomschool
0743556520444166144,2025-08-13T19:48:09.0865857+00:00,496520,Zen Shiatsu Chicago,https://www.zenshiatsuchicago.org,zenshiatsuchicago
0743556520708407296,2025-08-13T19:48:09.1499550+00:00,496724,Aesthetics Institute,https://www.aiskin.org,aiskin
0743556520964259840,2025-08-13T19:48:09.2104012+00:00,494649,Esteem Academy of Beauty,https://www.esteem-academy.com,esteem-academy
0743556521228500992,2025-08-13T19:48:09.2735288+00:00,496751,Institute of Allied Healthcare,https://www.alliedhealthedu.com,alliedhealthedu
0743556521484353536,2025-08-13T19:48:09.3345996+00:00,496715,CTK Healthcare & Career Institute,https://www.ctkhealthcare.com,ctkhealthcare
0743556521744400384,2025-08-13T19:48:09.3968698+00:00,496733,Sierra Academy of Style,https://sascarsoncity.com,sascarsoncity
0743556522008641536,2025-08-13T19:48:09.4599335+00:00,497073,Ogle School Hair Skin Nails-Willowbrook,https://ogleschool.edu,ogleschool-houston
0743556522121887744,2025-08-13T19:48:09.4868597+00:00,495396,Royal Learning Institute,,royallearning-ny
0743556522268688384,2025-08-13T19:48:09.5215816+00:00,496964,Larry's Barber College-Joliet,https://www.larrysbarbercollege.com,larrysbarbercollege-joliet
0743556522537123840,2025-08-13T19:48:09.5852167+00:00,496894,Branford Academy of Hair & Cosmetology-Bridgeport,https://branfordacademy.com,branfordacademy-bridgeport
0743556522801364992,2025-08-13T19:48:09.6484105+00:00,497161,Ohio Business College-Dayton-Driving Academy,https://ohiobusinesscollege.edu,ohiobusinesscollege-trotwood
0743556523061411840,2025-08-13T19:48:09.7100500+00:00,496955,UEI College-Mesa,https://www.uei.edu,uei-mesa
0743556523321458688,2025-08-13T19:48:09.7724893+00:00,496919,United Education Institute-Las Vegas,https://www.uei.edu,uei-las-vegas
0743556523581505536,2025-08-13T19:48:09.8340224+00:00,497204,Mei Barber School,https://www.meibarberschool.com,meibarberschool
0743556523849940992,2025-08-13T19:48:09.8986376+00:00,497301,Avalon Institute-Las Vegas,https://avalon.edu/las-vegas-nv,avalon-las-vegas
0743556524101599232,2025-08-13T19:48:09.9589170+00:00,497189,The Rapha School,https://www.theraphaschool.com,theraphaschool
0743556524365840384,2025-08-13T19:48:10.0217440+00:00,497329,American Institute-Cherry Hill,https://www.americaninstitute.edu,americaninstitute-cherry-hill
0743556524630081536,2025-08-13T19:48:10.0844183+00:00,495998,San Joaquin Valley College-Porterville,https://www.sjvc.edu,sjvc-porterville
0743556524902711296,2025-08-13T19:48:10.1494719+00:00,497222,Salon Professional Academy-Elevate Salon Institute,https://www.esimiamibeach.com,esimiamibeach
0743556525162758144,2025-08-13T19:48:10.2110234+00:00,497198,Academy of Allied Health Careers,https://www.aahctn.edu,aahctn
0743556525422804992,2025-08-13T19:48:10.2730077+00:00,497374,Academia Medical Institute,https://www.amiohio.edu,amiohio
0743556525674463232,2025-08-13T19:48:10.3335620+00:00,497365,Legends Barber College,https://www.legends-barber-college.com,legends-barber-college
0743556525934510080,2025-08-13T19:48:10.3950803+00:00,497426,Salon Professional Academy,https://www.tspahowell.com,tspahowell
0743556526194556928,2025-08-13T19:48:10.4578225+00:00,497417,Kino College,https://kinocollege.edu,kinocollege
0743556526462992384,2025-08-13T19:48:10.5218018+00:00,497435,Southern California College of Barber and Beauty,https://sccbb.edu,sccbb
0743556526727233536,2025-08-13T19:48:10.5847187+00:00,497444,Hello Gorgeous Barbers Stillwater's School of Barbering,https://www.hellogorgeousbarberschool.com,hellogorgeousbarberschool
0743556526983086080,2025-08-13T19:48:10.6451320+00:00,495934,San Joaquin Valley College-Delano,https://www.sjvc.edu,sjvc-delano
0743556527230550016,2025-08-13T19:48:10.7046941+00:00,497383,Barbers Trade School,https://www.barbersinctx.com,barbersinctx
0743556527507374080,2025-08-13T19:48:10.7700634+00:00,497471,Personal Touch Beauty and Barber College,https://www.ptbbcollege.com,ptbbcollege
0743556527763226624,2025-08-13T19:48:10.8317894+00:00,495217,Adrian H. Wallace Barber Academy,https://www.ahwbarberacademy.com,ahwbarberacademy
0743556528027467776,2025-08-13T19:48:10.8947027+00:00,497888,Spa Tech Institute-North Andover,https://www.spatech.edu,spatech-north-andover
0743556528283320320,2025-08-13T19:48:10.9550771+00:00,497897,Aveda Arts & Sciences Institute Lafayette-Arlington,https://avedaarts.edu,avedaarts-arlington
0743556528807608320,2025-08-13T19:48:11.0801791+00:00,497684,Sweetwater Institute of Cosmetology,https://www.sweetwatercosmetology.com,sweetwatercosmetology
0743556529063460864,2025-08-13T19:48:11.1418973+00:00,497675,Hair Academy,https://www.hairacademyllc.com,hairacademyllc
0743556529340284928,2025-08-13T19:48:11.2078346+00:00,497736,American College of Healthcare and Technology-Santa Ana,https://www.ach.edu,ach-santa-ana
0743556529612914688,2025-08-13T19:48:11.2720106+00:00,497310,Medspa Academies-National Institute of Modern Aesthetics,https://www.nima.edu,nima-las-vegas
0743556529860378624,2025-08-13T19:48:11.3311596+00:00,496663,Riggins Urban Barber College,https://www.rigginsurbanbarbercollegellc.com,rigginsurbanbarbercollegellc
0743556530116231168,2025-08-13T19:48:11.3926130+00:00,498322,Xtylo Beauty College,https://xtylocollege.com,xtylocollege-tolleson
0743556530372083712,2025-08-13T19:48:11.4533065+00:00,497499,Technology Learning Center,https://tlcedu.com,tlcedu
0743556530636324864,2025-08-13T19:48:11.5162744+00:00,498331,San Francisco School of Massage & Bodywork,https://www.sfsm.edu,sfsm
0743556530883788800,2025-08-13T19:48:11.5757206+00:00,497356,Barber Education Academy,https://thebarbereducation.com,thebarbereducation
0743556531148029952,2025-08-13T19:48:11.6384326+00:00,497392,Top of the Line Barber School,https://totlbarberschool.org,totlbarberschool
0743556531412271104,2025-08-13T19:48:11.7014176+00:00,498377,Commercial Diving Technologies Institute,https://www.cdtdiving.com,cdtdiving
0743556531680706560,2025-08-13T19:48:11.7652760+00:00,498368,Studio 75 Hair Academy,https://studio75academy.com,studio75academy
0743556531944947712,2025-08-13T19:48:11.8280988+00:00,497949,United Education Institute-Stone Mountain,https://www.uei.edu,uei-stone-mountain
0743556532196605952,2025-08-13T19:48:11.8886278+00:00,498410,Premier Barber School,https://www.premierbarberschool.com,premierbarberschool
0743556532465041408,2025-08-13T19:48:11.9526517+00:00,498003,Montgomery Beauty School-Baltimore Beauty & Barber School,https://www.https//www.baltimorebeautybarberschool.com,www
0743556532725088256,2025-08-13T19:48:12.0148945+00:00,498401,Edge Academy of Beauty,https://edgeacademy.edu,edgeacademy
0743556532989329408,2025-08-13T19:48:12.0776606+00:00,498757,Medical Solutions Academy,https://www.medicalsolutionsacademy.org,medicalsolutionsacademy
0743556533249376256,2025-08-13T19:48:12.1399978+00:00,498359,The Salon Professional Academy,https://www.tspacollegeville.com,tspacollegeville
0743556533509423104,2025-08-13T19:48:12.2017543+00:00,498696,Phoenix Institute,https://www.myphoenixinstitute.org,myphoenixinstitute
0743556533773664256,2025-08-13T19:48:12.2647404+00:00,498766,Sami Halaseh Institute,https://www.samihalasehinstitute.com,samihalasehinstitute
0743556534037905408,2025-08-13T19:48:12.3278573+00:00,498669,Aveda Institute Montana,https://www.avedainstitutemontana.com,avedainstitutemontana
0743556534302146560,2025-08-13T19:48:12.3900101+00:00,498818,Cutting Edge Barber Academy,https://thecuttingedgebarberacademy.com,thecuttingedgebarberacademy
0743556534566387712,2025-08-13T19:48:12.4533845+00:00,498553,Stellar Career College,https://stellarcollege.edu,stellarcollege-chicago
0743556534822240256,2025-08-13T19:48:12.5143283+00:00,498298,The Salon Professional Academy Maplewood,https://www.tspamaplewood.com,tspamaplewood
0743556535078092800,2025-08-13T19:48:12.5752907+00:00,498845,Heartland Welding Academy,https://www.heartlandweldingacademy.com,heartlandweldingacademy
0743556535346528256,2025-08-13T19:48:12.6398208+00:00,498748,CalCopa Massage School,https://www.calcopamassageschool.com,calcopamassageschool
0743556535627546624,2025-08-13T19:48:12.7061414+00:00,498854,Jazz Barber and Hairstyling Academy,https://jazzhairacademy.com,jazzhairacademy
0743556535879204864,2025-08-13T19:48:12.7664653+00:00,498872,Central Valley Barber College,https://www.centralvalleybarbercollege.com,centralvalleybarbercollege
0743556536143446016,2025-08-13T19:48:12.8298318+00:00,498775,Beaver Beauty Academy,https://bba.edu,bba
0743556536655151104,2025-08-13T19:48:12.9516761+00:00,498784,Upper Kutz Barber & Style College,https://www.upperkutzbarbercollege.com,upperkutzbarbercollege
0743556536936169472,2025-08-13T19:48:13.0181129+00:00,497958,UEI College-Tacoma,https://www.uei.edu,uei-tacoma
0743556537963773952,2025-08-13T19:48:13.2637093+00:00,498890,East Texas Cosmetology College,https://www.easttxcc.com,easttxcc
0743556538232209408,2025-08-13T19:48:13.3271894+00:00,498739,Lehigh Career & Technical Institute,https://www.lcti.org/adulted,lcti
0743556538752303104,2025-08-13T19:48:13.4514793+00:00,499033,Champ's Barber School-Lebanon,https://www.champsbarberschool.com,champsbarberschool-lebanon
0743556539012349952,2025-08-13T19:48:13.5133216+00:00,498827,JT's Cuts Academy,https://www.jtcutsacademy.com,jtcutsacademy
0743556539264008192,2025-08-13T19:48:13.5737644+00:00,498793,All In The Wrist Barber Academy,https://www.aitwbarberacademy.com,aitwbarberacademy
0743556539528249344,2025-08-13T19:48:13.6368364+00:00,499060,Tennessee College of Applied Technology-Jacksboro -,https://tcatjacksboro.edu,tcatjacksboro-lafollette
0743556539716993024,2025-08-13T19:48:13.6812484+00:00,498979,Jersey College - Cleveland,,jerseycol-cleveland-tn
0743556540509716480,2025-08-13T19:48:13.8709136+00:00,498881,One Stop Academy,https://www.onestopacademync.com,onestopacademync
0743556540677488640,2025-08-13T19:48:13.9100734+00:00,499006,Jersey College - Tucson,,jerseycollege-tucson
0743556540778151936,2025-08-13T19:48:13.9342043+00:00,498863,Renaissance Beauty Academy,https://www.renaissancebeautyacademy.com,renaissancebeautyacademy
0743556541050781696,2025-08-13T19:48:13.9990705+00:00,499103,Homestead Schools-Costa Mesa,https://homesteadschools.net,homesteadschools-costa-mesa
0743556541822533632,2025-08-13T19:48:14.1831684+00:00,499130,Innovate Salon Academy,https://www.innovatesalonacademy.com,innovatesalonacademy-brick-township
0743556542359404544,2025-08-13T19:48:14.3117714+00:00,499185,Dorsey College-Grand Rapids,https://www.dorsey.edu,dorsey-grand-rapids
0743556543114379264,2025-08-13T19:48:14.4914744+00:00,499255,Baltimore Beauty & Barber School II,https://baltimorebeautybarberschool2.com,baltimorebeautybarberschool2
0743556543387009024,2025-08-13T19:48:14.5561890+00:00,499079,Collectiv Hair Dressing Academy-Collectiv Academy-Dallas,https://collectivacademy.com,collectivacademy-dallas
0743556543890325504,2025-08-13T19:48:14.6763406+00:00,498960,Healthcare Workforce Training Institute,https://www.healthcareworkforcetraining.com,healthcareworkforcetraining
0743556543932268544,2025-08-13T19:48:14.6865649+00:00,498988,Jersey College - Melbourne,,jerseycol-melbourne
0743556544150372352,2025-08-13T19:48:14.7386480+00:00,498836,The Nurse Academy,https://thenurseacademy.com,thenurseacademy
0743556544414613504,2025-08-13T19:48:14.8018889+00:00,499334,Aveda Institute Tucson-Avondale,https://www.avedainstituteavondale.com,avedainstituteavondale
0743556544674660352,2025-08-13T19:48:14.8633038+00:00,499325,"Academy of Cosmetology, Barbering, and Esthetics",https://www.acbebeautycollege.com,acbebeautycollege
0743556545748402176,2025-08-13T19:48:15.1190171+00:00,499361,Premiere Aesthetics Institute-Meridian,https://www.premiereaestheticsinstitute.com,premiereaestheticsinstitute-meridian
0743556546524348416,2025-08-13T19:48:15.3044312+00:00,499538,Puerto Rico Advance Institute,https://www.prai2010.com,prai2010
0743556547040247808,2025-08-13T19:48:15.4279072+00:00,499556,Albany Beauty Academy,https://www.albanybeautyacademy.com,albanybeautyacademy
0743556547761668096,2025-08-13T19:48:15.5995123+00:00,498997,Jersey College - Scranton,,jerseycollege-scranton
0743556548088823808,2025-08-13T19:48:15.6771804+00:00,499608,Wade Gordon Hairdressing Academy-Oklahoma,https://wadegordonacademy.com,wadegordonacademy-oklahoma-city
0743556552538980352,2025-08-13T19:48:16.7387930+00:00,499024,Jersey College - Jenkintown,,jerseycollege-jenkintown
0743556556536152064,2025-08-13T19:48:17.6919765+00:00,499088,"Adult & Community Education, Columbus City Schools - Fort Hayes Career",,fort-hayes-columbus
0743556561581899776,2025-08-13T19:48:18.8940477+00:00,499051,Bushnell University - Roseburg Campus,,bushnell-roseburg
0743556566472458240,2025-08-13T19:48:20.0607369+00:00,499158,Southeastern Baptist Theological Seminary-Nash County Extension Center,,sebc-nashcounty
0743556566522789888,2025-08-13T19:48:20.0723558+00:00,499705,Tulsa Welding School-Dallas Campus,https://www.tws.edu,tws-irving
0743556569303613440,2025-08-13T19:48:20.7357866+00:00,499246,Georgia Military College - Rockdale,,ga-military-rockdale
0743556569353945088,2025-08-13T19:48:20.7471485+00:00,499723,Barber Tech Academy-Columbia,https://barbertechacademy.com,barbertechacademy-columbia
0743556573242064896,2025-08-13T19:48:21.6748751+00:00,499167,Southeastern Baptist Theological Seminary-Wake County Extension Center,,sebc-wakecounty
0743556577532837888,2025-08-13T19:48:22.6970392+00:00,499440,Mystros Barber Academy - Missouri City,,mystrosbarber-missouricity
0743556581471289344,2025-08-13T19:48:23.6366799+00:00,499264,Alabama School of Nail Technology & Cosmetology - Saraland,,alabamasnailtech
0743556586579951616,2025-08-13T19:48:24.8546917+00:00,499565,Alliant International University - Phoenix,,alliant-phoenix
0743556590526791680,2025-08-13T19:48:25.7954301+00:00,499501,New Gloucester-Unity College,,newgloucester-unity
0743556595224412160,2025-08-13T19:48:26.9154916+00:00,499653,Life Chiropractic College West - Bellevue University,,lifechiro-bellevue-ne
0743556600618287104,2025-08-13T19:48:28.2019819+00:00,499431,Cambridge College of Healthcare & Technology - Miami Gardens,,cambridge-health-miami
0743556603562688512,2025-08-13T19:48:28.9035864+00:00,499121,Casa Loma College - Casa Loma College,,casa-loma-nashville
0743556608247726080,2025-08-13T19:48:30.0201532+00:00,499352,Paul Mitchell The School Great Lakes - Sarasota,,paulmitchell-greatlakes-sarasota
0743556612177788928,2025-08-13T19:48:30.9577038+00:00,499699,Dragon Rises College of Oriental Medicine - Bradenton,,dragonrises-bradenton
0743556615759724544,2025-08-13T19:48:31.8112884+00:00,499459,College Unbound - Newport/Aquidneck Island,,collegeunbound-newport
0743556620407013376,2025-08-13T19:48:32.9192147+00:00,499015,Jersey College - Knoxville,,jerseyknoxville
0743556624286744576,2025-08-13T19:48:33.8441742+00:00,499486,Porter and Chester Institute - New London 2,,porterchester-nlct
0743556628049035264,2025-08-13T19:48:34.7414504+00:00,499626,Unity Environmental University - Unity,,unity-env-univ-me
0743556632079761408,2025-08-13T19:48:35.7021682+00:00,499343,Paul Mitchell The School Boise -Paul Mitchell The School Coeur d'Alene,,paul-mitchell-boise
0743556636446031872,2025-08-13T19:48:36.7432350+00:00,499714,Pearl River Community College - Hancock Workforce Academy Hangar,,pearlriverhancock
0743556641894432768,2025-08-13T19:48:38.0428895+00:00,499644,Baker College - Royal Oak Campus,,baker-royal-oak
0743556645887410176,2025-08-13T19:48:38.9942750+00:00,499112,College of the Marshall Islands - Kwajalein Campus,,marshall-islands-kwajalein
0743556650622779392,2025-08-13T19:48:40.1238867+00:00,499592,"Indian Capital Technology Center, School District Number 4 - Coweta",,indian-cap-tech-coweta
0743556962876129280,2025-08-13T19:49:54.5712674+00:00,215992,Laurel Technical Institute,https://www.laurel.edu,laurel-hermitage
0743556962876129281,2025-08-13T19:49:54.5712758+00:00,456542,Geisinger Commonwealth School of Medicine,https://www.geisinger.edu/education,geisinger-scranton
0743556962876129282,2025-08-13T19:49:54.5712830+00:00,455664,The Chicago School at Los Angeles,https://www.thechicagoschool.edu/in-the-community/locations,thechicagoschool-los-angeles
0743556963270393856,2025-08-13T19:49:54.6642470+00:00,242705,Inter American University of Puerto Rico-Bayamon,https://bayamon.inter.edu,inter-bayamon
0743556963270393857,2025-08-13T19:49:54.6642482+00:00,155283,Concorde Career College-Kansas City,https://www.concorde.edu/campus/kansas-city-missouri,concorde-kansas-city
0743556963270393858,2025-08-13T19:49:54.6642746+00:00,190567,CUNY City College,https://www.ccny.cuny.edu,cuny-new-york
0743556963270393859,2025-08-13T19:49:54.6643534+00:00,475477,City College-Hollywood,https://www.citycollege.edu,citycollege-hollywood
0743557087128190976,2025-08-13T19:50:24.1953421+00:00,404222,Inter American University of Puerto Rico-School of Optometry,https://www.optonet.inter.edu,interamericanopt-pr
0743557089607024640,2025-08-13T19:50:24.7850964+00:00,244233,City College-Hollywood,https://www.citycollege.edu,hollywoodcc-fl
0743557093264457728,2025-08-13T19:50:25.6574558+00:00,190512,CUNY Bernard M Baruch College,https://www.baruch.cuny.edu,baruch-nyc
0743557099149066240,2025-08-13T19:50:27.0602371+00:00,497912,Concorde Career College-Broadway,https://www.concorde.edu/campus/kansas-city-missouri,concorde-broadway-kc
